rtt_ms,jitter_ms,loss_pct,throughput_kbps,cwnd,state
74.05229521397102,10.891437776842151,0.0,5426.132498666827,40.43966301509214,CONGESTED
85.4927599068804,77.88964041459019,6.232927361781815,3757.4165055845715,28.27832827797951,UNSTABLE
22.424967912712216,2.5811823459207837,0.0,12079.948508162555,81.87069176432534,STABLE
59.05511254070335,15.896094685344941,0.0,6072.906752182376,57.6761896470817,CONGESTED
290.9852708010028,65.51499473994959,53.91447497391197,63.950213619017234,12.306484005613495,POSSIBLE_PATH_FAILURE
15.882505823153508,1.2336007376897509,0.34718207073676643,5254.724145879883,62.42075879327149,STABLE
19.720175434697822,1.1697506810409977,0.08008398311307087,9973.263477761026,76.99340504896988,STABLE
21.30274521472886,2.247575792433071,0.0,8502.920992552821,61.60165249246171,STABLE
76.63560114099019,9.521481674034643,2.631061861398341,1254.430770924805,24.18970007360135,CONGESTED
27.5086898873126,2.6232317454712333,0.2538940042340161,10664.582744516789,58.34205953036893,STABLE
300.97870648221556,109.74324467331614,27.928480124416627,239.83907435495598,8.067830274859105,POSSIBLE_PATH_FAILURE
104.83139009423383,24.97336170090147,8.046968187643817,1877.5628596020338,20.223853611928092,DEGRADED
14.221058919223442,6.554365680515449,0.18154529611860878,8662.11598241896,46.15691856614266,STABLE
24.593857717166117,1.540845611728707,0.045110720941547444,7274.17605205556,71.40401807824183,STABLE
128.07950592993086,34.23021497423346,1.4585425312243006,700.0974320166839,21.206055189403422,DEGRADED
133.71159450564167,32.36154983757744,6.982034634614696,1957.2174748152302,14.423573784886216,DEGRADED
88.50710834132289,5.580696518512457,0.6674849693425343,1663.5969678129322,45.55170811331679,CONGESTED
332.9048133080688,79.24538890596034,58.498789465384924,343.8868038564752,12.414755426057347,POSSIBLE_PATH_FAILURE
8.216963768851343,0.0,0.0,9987.932857038715,73.07972464470231,STABLE
23.849509661058633,5.657262133698872,0.3318548432874286,10115.352510619186,37.815257327939854,STABLE
37.97594522434315,1.4956782638649593,0.45068447836587333,6765.60915426382,94.28629359968633,STABLE
261.39042192102534,90.52348796171101,35.240580388822934,154.65297553875047,13.728392901084874,POSSIBLE_PATH_FAILURE
218.42859326453106,30.124288472610736,3.2250583215475874,3404.346846035418,2.578233737269489,UNSTABLE
135.99768784881005,26.516232421852145,6.029572267374075,509.5251046558818,20.919164929983978,DEGRADED
277.6683101451865,104.48252519859162,37.91657327973172,878.3669258905796,7.8813567133144335,POSSIBLE_PATH_FAILURE
209.07751906144466,73.81805508717795,15.09811537102822,1682.7236790417871,17.59864159059531,UNSTABLE
82.86960592406024,10.829700892773408,0.0,2720.8126282742514,48.31492054153255,CONGESTED
164.19403788572302,101.407450621425,44.975557025176315,842.5729672701032,4.0433987259513895,POSSIBLE_PATH_FAILURE
126.10480329851598,15.878277349780907,9.696694460274358,1205.1900671835765,0.0,DEGRADED
24.344529755644075,58.799408346185174,4.707729112928812,1713.1355614732392,23.389820401804727,UNSTABLE
312.01198958307947,74.22418910095996,34.36487956757448,855.6936745259204,0.0,POSSIBLE_PATH_FAILURE
223.6306567066968,45.79105940681692,38.63345413075538,179.8708177510023,5.795264752081547,POSSIBLE_PATH_FAILURE
74.09313261936677,71.53623096614318,9.185393728111977,1945.8492019274195,24.560040368615546,UNSTABLE
48.23670068176462,19.098632451288417,1.6753149428788778,3737.1389486076755,29.66842047872424,CONGESTED
152.3463527092037,2.678894746528158,4.3227766767748665,1138.202844455382,30.363757665582927,CONGESTED
8.041603544109604,3.120936896234736,0.1699106997669775,6374.5697007982235,68.827173850599,STABLE
120.52523689889993,64.16908657525806,6.960280894346588,731.0344543318572,10.491097108522615,UNSTABLE
144.06503996093397,26.489716687593116,2.6913950604778996,1666.234945506935,36.031408038817794,DEGRADED
178.22716174305438,26.515808518325336,11.636839807678822,349.4927240378687,2.874719482239738,POSSIBLE_PATH_FAILURE
136.34889002249952,32.33070235670891,11.83961472724873,0.0,14.493923440010443,DEGRADED
128.34633614579593,26.176188822462457,5.967867288547774,1162.1701510093942,25.404802705846812,DEGRADED
27.66822871784244,2.639385954300932,0.0,8100.845803331732,105.45317981786663,STABLE
11.4675664944118,4.309319056895572,0.0,9588.224272924674,76.49485493095935,STABLE
209.41625444446098,28.2797157766595,6.437961108635864,823.5268819565014,6.774857516230128,DEGRADED
206.68669148200433,75.65896922859056,41.16870343001928,1008.4709513916232,10.279638783014892,POSSIBLE_PATH_FAILURE
16.335120540852287,73.22092305291993,15.248843476283954,1927.4868464321937,52.23740985188537,UNSTABLE
187.42635152008904,77.57418519889058,29.083527687291557,528.1073058692639,8.794133739399966,POSSIBLE_PATH_FAILURE
38.049328792685955,100.67110802127493,14.273388802237458,2327.5200620396417,19.595520320835288,UNSTABLE
61.953182245251384,11.881770864927589,0.07259668279385689,1374.577940923989,34.379418409640486,CONGESTED
16.906534602797617,2.5639417437911556,0.1159794119357374,9199.181848168912,38.02150868818915,STABLE
19.64389263809909,4.2099867513577465,0.3457066877571545,10253.020817785537,53.051376590276114,STABLE
18.302802035796216,7.413050614280804,0.37557425940765676,8409.549244418375,25.79063900853449,STABLE
2.13292488631922,3.175735274161455,0.1652589470084702,6095.249446000469,69.22292782719671,STABLE
86.62984329651627,34.22213982576024,5.346200258159478,3017.5556871715626,15.066325848920625,DEGRADED
109.17332141563215,33.09153909474833,3.481540247754204,3571.854066087069,26.46106166011692,DEGRADED
190.9198831155323,104.86923772825776,4.002868012078914,785.9531385290807,15.915417325051799,UNSTABLE
120.11727880685646,35.0983605463447,6.1254332879213305,774.0319981855343,23.512990124046276,DEGRADED
66.83158179362613,87.75443993566893,12.865599865461238,2649.532905839209,44.590769544455966,UNSTABLE
10.871220132811727,3.253733952591685,0.0,9688.68152741946,34.412198241570074,STABLE
285.7072314097068,37.90482594516736,10.522766280251545,932.6747206148573,7.359764686000022,POSSIBLE_PATH_FAILURE
68.27556136380892,65.87640719403518,0.0,489.4072992148797,16.999299390876935,UNSTABLE
76.82735264078877,6.4181991441641015,1.2192720507859316,1495.4531198281898,40.7972030543719,CONGESTED
216.21264106065013,110.35105888204649,72.69051851998208,314.5904481056955,2.2279188691077634,POSSIBLE_PATH_FAILURE
48.9192119885076,23.93287641444,13.818994012797301,0.0,35.866195973783974,UNSTABLE
69.01043212568878,10.638919639809256,3.602374925595558,2426.8212499851415,31.84737672622021,CONGESTED
93.75795998931957,14.476321931454404,8.919675322962032,2466.0355381175664,5.363020425663741,DEGRADED
68.02948968685158,17.223305462313775,5.0726673675588865,450.32157081232367,28.503596133925782,DEGRADED
84.85625821162861,44.61868600723125,0.1470644874473246,1733.963103735329,15.151465861289074,DEGRADED
87.95869903327093,5.36536622870816,3.263704725582019,2932.063997755902,21.252147136135704,CONGESTED
24.278904406949174,2.5924362777509047,0.2226198629438187,8565.5940265946,56.287781303859,STABLE
114.57731192099001,21.399170688233905,5.815238098802794,1738.2804999620198,17.516298144954924,DEGRADED
121.06253771088043,28.92659151755166,16.125027801498852,1680.0724396484811,24.792053755281014,UNSTABLE
175.9363098994936,18.474454418954544,6.097402199281087,1392.0136662405241,19.477423824195434,DEGRADED
27.347576494556023,7.6027837006284695,0.0,3997.7915433965604,30.47930953267344,CONGESTED
51.57407373055642,86.16975689313708,9.250612678842751,4965.906839855523,23.894228013977155,UNSTABLE
75.48599896549828,10.0398444684783,0.06494582263066184,4395.6408944495515,43.57415729843862,CONGESTED
17.547221540578903,5.934362501418084,0.1937880907681299,9228.816098097153,60.62356897329257,STABLE
15.413247150606669,1.6075758968402005,0.0,10038.199225663633,57.900466306306676,STABLE
59.57279432145123,5.330906070152457,0.8143847305585711,4036.4714867604525,50.952215859442376,CONGESTED
44.204150122474026,2.0931234032628145,0.5427767668370345,2953.464293260713,62.69238872645193,STABLE
107.54122441022548,68.11595300412466,12.426954279865427,1132.5865823052413,19.521790596207225,UNSTABLE
191.8541798677142,92.2029234142334,0.0,1618.7836409698389,20.09240616314287,UNSTABLE
117.56559762974643,91.23797435726605,3.613245213532757,3827.1440870205824,0.37289533529224883,UNSTABLE
32.05853620888234,0.0,0.20159685813551015,7063.070011054099,58.94557247991725,STABLE
40.350733027310675,1.8687225032899222,0.0,6902.859726218705,43.46068312906118,STABLE
316.8920282588098,57.9813146803607,36.79734375409638,0.0,1.6795725157897157,POSSIBLE_PATH_FAILURE
17.466224310519852,4.342456023227397,0.16036963615606245,12550.06979446776,58.39203212188252,STABLE
231.51519698497364,53.60028527079392,17.312973804516822,1178.2611149261666,36.109018819050156,UNSTABLE
79.42194606868289,38.415278296303164,2.7292224488107557,3074.59394590562,18.31101106687271,DEGRADED
201.77263460970272,18.655527643534306,9.792344918193244,0.0,23.097775965049536,DEGRADED
152.03457622768946,40.23058998370719,3.3234750343659205,875.4079639610637,14.39318571086935,DEGRADED
60.54154913690243,4.824728230370784,0.0,2081.962000471988,28.747434501887348,CONGESTED
249.82152777717147,52.191651449215115,42.10681144666972,756.9323635614423,8.76428389531982,POSSIBLE_PATH_FAILURE
25.82655241987707,6.995028355609525,0.2906774655456384,6398.497862896238,54.798469210900016,STABLE
19.863532082047033,1.4391330907110975,0.2705359829454995,9815.747358578903,68.04730696839644,STABLE
132.82682591239094,23.605906581667696,7.896373721118257,0.0,23.39398855653052,UNSTABLE
60.24089188500838,18.513216799087203,1.4223496861082674,1194.7086139069183,24.20234748820139,CONGESTED
63.159623632384395,6.863308877816371,0.09258137365910368,470.33903969319954,23.516650695838315,CONGESTED
14.665476528352755,4.347588787335516,0.20397100184050107,10046.994570501369,47.467368809749345,STABLE
18.45470517931198,4.5651176514303184,0.06928097354997814,11630.187215059355,48.283727863282344,STABLE
112.58576145116788,40.78214033946942,9.753217498922188,1669.31001924524,17.165939192312294,DEGRADED
65.6953709676219,18.375884184190824,2.4877691632407624,2603.7708512571817,22.447824539385152,CONGESTED
316.1925350747714,88.93991817123172,54.90818790080186,0.0,4.841391560151919,POSSIBLE_PATH_FAILURE
65.60595266672244,13.72537859040385,9.44620711338925,2930.756860242059,21.280930982770823,DEGRADED
8.507960028117058,0.7986774715312799,0.41771239499561663,9500.013270545638,68.7503542673423,STABLE
206.5735015508773,43.55845285602692,15.320124549860617,1062.211119041792,39.4531091751943,UNSTABLE
61.681082541753135,3.88600188458161,2.2629759146265216,1372.7931602256544,4.99934071592045,CONGESTED
137.72439205819305,32.85146154717756,9.321185160799761,1433.9987258997935,2.5349726956298078,DEGRADED
39.33793485188187,1.2250723505156804,0.08702158309295444,11853.164923775923,40.67629255855125,STABLE
73.52738455405348,9.529989525138035,2.136675747757977,5988.404477375398,22.847083090113568,CONGESTED
160.9904294158054,31.743980341827438,2.047006689283144,2694.829924454696,9.872619380905874,DEGRADED
295.18568091024116,88.69007635211398,30.55851610834052,383.08681817260907,0.0,POSSIBLE_PATH_FAILURE
113.75230527636256,2.221495835948364,10.850684899541989,1061.3258001265779,9.685976848630272,DEGRADED
92.7689381987694,35.760692528164824,2.484530131634428,903.584380242694,23.594990641584186,DEGRADED
19.20281789093601,0.0,0.0,5694.284010249539,43.32808233860207,STABLE
57.839440670019286,20.481146110805863,0.3424230925600926,6490.184918430157,29.763992901551028,CONGESTED
10.379088836583728,1.6026391280303405,0.3716727260561823,3461.799710991323,44.93751212418083,STABLE
17.970860152044523,1.4655658629387194,0.0,10527.50489956315,75.66273070544901,STABLE
125.74487787987428,15.921007929231077,0.4647956175515273,2483.9202977468763,41.59152788431612,CONGESTED
74.96926693721797,19.538513483145806,3.1443397415886913,5672.731197680865,26.469898491422114,CONGESTED
191.76552004826587,38.69599079515652,8.831490012064357,2533.337385836294,16.54341460075815,DEGRADED
56.01908916512516,22.53712840851084,2.6991644396426473,3791.007663303016,23.56339569716776,CONGESTED
234.55003699888212,93.31234928647538,14.263741239393163,0.0,26.4030673609907,UNSTABLE
160.57658564730542,30.183433569293992,3.6730033469869356,2678.7459366560624,0.0,UNSTABLE
144.02764778106447,75.22944231397344,14.699926313641127,2837.07422185296,38.70777100259555,UNSTABLE
177.15726594870657,56.68482599790981,31.29540201010368,1370.9197630557946,5.7120263322107565,POSSIBLE_PATH_FAILURE
97.38548830467317,27.921133024343668,0.0,2096.8868668437785,17.624786556708646,DEGRADED
13.633847168977642,3.184708076508916,0.12039196750572365,12473.900646450154,64.72541541178028,STABLE
209.42901557328065,86.19972494481438,62.33060632595415,992.8923850631545,5.843600861827322,POSSIBLE_PATH_FAILURE
79.5753287612921,13.654144396452285,0.0,3202.1422038303335,17.095798706675772,CONGESTED
121.87775249286874,96.98061481782588,20.950679549412758,102.75060713352013,23.61501238685981,UNSTABLE
119.67164976368434,75.68721082488612,41.18680536725349,784.0385178433314,4.02036837315631,POSSIBLE_PATH_FAILURE
73.41202819162702,12.954297805058406,3.094980412438575,65.33243342625337,17.881350671934452,DEGRADED
123.52890119894731,74.08574018941502,8.56775672292989,5373.862646775247,12.14415398905152,UNSTABLE
107.13803721610745,16.294363686448634,3.468339372905998,4930.726768847632,34.61953674508407,CONGESTED
110.58087254585558,21.470177047376886,0.5815247045909437,3323.978304160343,11.972238352833896,DEGRADED
151.85108946255903,33.85126868378661,0.0,650.1678449541994,20.54319621702524,DEGRADED
21.96776096656957,5.2653796410391775,0.4909413462175236,11238.046005565451,50.4333447700121,STABLE
15.935849836153844,0.75446313545801,0.5082743211661465,11976.501697169797,21.053896686203665,STABLE
41.13495216820626,0.0,1.4684766843936379,3101.048178468302,13.24245611240336,CONGESTED
121.15097397395687,25.642596606217666,1.8083153006813735,4020.6160026089588,4.498485816264884,DEGRADED
2.250379403578716,2.1139756935170655,0.09976377998590748,9795.728006632788,83.76673076717874,STABLE
57.244344184365886,26.85257299940089,6.088544739869677,876.6901380486031,16.800728582628604,DEGRADED
302.5680176648835,62.59524284671422,12.723596638676234,0.0,10.069976582660399,POSSIBLE_PATH_FAILURE
119.17171607281668,5.391514732915298,2.570465872523794,979.8158992082226,13.316993067258636,CONGESTED
27.394126723009474,2.7114312429594905,0.0,9760.376115465442,99.89492836818226,STABLE
60.167551324446364,5.970315364798242,0.0,2920.582855185794,61.95062994650202,CONGESTED
116.80586689091133,10.905264541632794,0.44727307063131905,3578.3404490343314,30.26362844895718,CONGESTED
28.310318576679744,2.6542578351131274,0.31854284570951763,10346.244634102706,58.09003853380711,STABLE
170.067127056928,47.64216564158431,7.870941492248247,2140.538176457032,13.503532882615833,UNSTABLE
78.95310846445605,38.906450599413596,5.403775188357137,713.7771177037379,4.003454351903542,DEGRADED
190.5317940741473,50.140977948335,22.888680239160962,34.45757006608807,9.522680251534176,POSSIBLE_PATH_FAILURE
22.528848149698987,4.317594736732385,0.4112444424919355,10866.0455490824,46.33848785581978,STABLE
111.13331670494905,13.085180547928989,1.108197363731369,0.0,30.19674828366742,CONGESTED
183.1536652353607,60.60217530572153,16.259681503142623,2324.0987597054204,59.027380782026974,UNSTABLE
94.02893034294627,14.756433320052505,0.25404845958417677,2654.7802802497226,23.482122608346856,CONGESTED
28.05678639242501,1.1949869871134167,0.11477029839176513,7820.350880696452,59.30687297174041,STABLE
125.13826245937051,55.4911430767945,0.0,2295.829562207151,23.409715411642324,UNSTABLE
24.567752375574116,5.387237143712754,0.7449580988420317,7416.864494316014,49.173712891287025,STABLE
0.0,8.853739998372093,1.715474848527487,5220.50043154559,22.31436187110767,CONGESTED
95.48797571294402,24.417193452147153,3.966574241952663,1023.432867088975,21.93546341192197,DEGRADED
99.70874801513372,21.555009802033776,0.0,3326.2661544292696,18.90867660534061,CONGESTED
21.599916135734382,3.3545227338977113,0.0,10149.750665769427,71.23323615605472,STABLE
154.6534559416404,34.575328400695575,2.4077360780654518,1895.2032234175754,17.644718319321825,DEGRADED
202.86068999763498,102.87357446868967,39.956715743204256,516.2077839733765,9.91269912875044,POSSIBLE_PATH_FAILURE
149.26438546803865,95.52428162120064,52.161395167573644,588.3413963588848,8.680323124174436,POSSIBLE_PATH_FAILURE
44.08182883103288,7.528815175071226,1.800888743893593,3632.886590131492,26.560153961988554,CONGESTED
22.959939896870996,3.645594928186496,0.3485818838205794,5579.692884366737,81.51411249652789,STABLE
43.52125366136251,28.003060916829366,4.17980037674586,4355.374353355657,26.474889650599742,UNSTABLE
6.057994413709778,42.8708672075945,6.6932558635433015,2108.695547268001,24.799920888159676,UNSTABLE
29.827395110230576,1.985789439143516,0.4518704272322756,5820.362038747788,17.499797501939668,STABLE
20.360599267977953,4.158563942641866,0.35752879219177924,10967.711105245511,110.56712950417901,STABLE
5.178146025571792,3.5764381261806486,0.009700701942336354,9904.001304608959,67.59504376997394,STABLE
71.34697685297034,17.118487302048322,13.226023561558941,1907.8517031072065,29.833770240049198,UNSTABLE
293.5816261233417,41.89958778491412,47.086758130573386,388.35016696005675,6.1893604801659,POSSIBLE_PATH_FAILURE
540.5691307116595,128.10971970064833,74.3398994504573,445.53074692590235,4.100514851636524,POSSIBLE_PATH_FAILURE
113.0540287577655,39.286009151026946,3.0041789000688297,1684.0434366811,30.092665974169453,UNSTABLE
221.39170907917946,97.9213703966351,48.69857187610922,468.0216646319258,0.0,POSSIBLE_PATH_FAILURE
56.01323142127743,2.3184611282434524,2.1478619846990785,4890.338266238205,8.24518830598236,CONGESTED
440.74786900287603,55.27682489146033,35.41403197532009,660.4559808740742,4.441031267213888,POSSIBLE_PATH_FAILURE
17.97916754610596,0.47091601610417166,0.21236182003448592,12570.845765659782,78.42660395755371,STABLE
384.30525289869485,60.05779588616332,34.64452703635977,486.07659516136994,2.632894216911097,POSSIBLE_PATH_FAILURE
416.7021684911846,76.19428095753311,53.44364133282062,192.4845273562465,7.504440870230148,POSSIBLE_PATH_FAILURE
54.18403290828856,66.48399614386157,8.955823066007614,2562.0871020470026,31.271729299744877,UNSTABLE
240.16626638461327,116.53666709160639,16.382001137642494,747.9636674264864,5.000997902783948,POSSIBLE_PATH_FAILURE
119.1229699904521,35.648256888028506,2.6531992339289907,2432.286829258722,30.577905813836665,DEGRADED
150.04915332593498,18.30432910871872,6.404322237792746,233.44571915560687,28.69490418402053,UNSTABLE
129.93441473994255,3.8276269404932677,0.6818433703525756,1395.6868159739865,18.579365634387056,CONGESTED
62.96632909640957,30.457391323593978,9.57836242632407,1164.8269008667612,29.18015376397985,DEGRADED
72.9502438282281,16.908166522342633,2.200016479397523,4898.6838736763875,43.69264830363838,CONGESTED
0.0,0.8006833083113172,1.0443342359798484,13598.755007056408,22.192555045824832,STABLE
154.73726583476417,45.15433953137737,16.17438805304687,4683.3077142517905,11.459236303930398,UNSTABLE
69.24537857135368,20.164313325245466,4.104148971517014,4324.906183922268,28.42530075647593,CONGESTED
461.1081654706095,111.07059235283566,62.63346727545086,1079.0244988321956,7.802672262559227,POSSIBLE_PATH_FAILURE
135.3401288882693,26.342671758842293,4.261050718080138,1399.4765101462704,27.732772105463678,DEGRADED
24.851611125457378,6.165658893546667,0.23214652185179704,6055.5255807478225,43.774073304265016,STABLE
233.55074896598228,86.62715246310476,68.72631204278446,978.508623018327,5.1083935836340215,POSSIBLE_PATH_FAILURE
288.50434298114607,56.788460218142006,29.966964290211713,822.3328607391106,0.0,POSSIBLE_PATH_FAILURE
221.58930535602815,45.11458770744625,9.17980460164878,3165.314208878859,23.973132965507585,UNSTABLE
101.27773705780447,8.934524029399949,4.031982496900035,1874.0060148394305,37.583671132583675,CONGESTED
72.42526897924776,51.148209488599505,8.036887199507543,2186.4588658645566,27.14288106568945,DEGRADED
397.49976394109854,65.22139208949507,50.41500096144634,71.17585662416411,9.133745078410815,POSSIBLE_PATH_FAILURE
103.72627111449611,12.143270033793033,3.879172865324027,3452.7492220517333,7.248257979170557,DEGRADED
427.4720315260731,91.85631920268318,29.489379563947985,0.0,6.15455978846692,POSSIBLE_PATH_FAILURE
153.73828285274726,32.57526397520505,5.838392335011026,2423.7548646917867,14.371810957942847,DEGRADED
287.153305911853,59.430164399902026,20.442240306306758,328.9202201689904,3.90319280712408,POSSIBLE_PATH_FAILURE
111.53594839212887,55.71832581116045,17.70479223190486,0.0,4.502471804191924,UNSTABLE
16.83802295418812,0.0,0.0,5702.424540828719,56.77294591261773,STABLE
101.81263983804459,127.22884985515675,11.332760577436748,0.0,38.66698115339534,UNSTABLE
28.942133285134094,2.495874369193287,0.36947518438187366,7269.962626919465,38.903153313628536,STABLE
165.36961185237453,53.54919983962008,9.267826411284492,1513.2418647102152,36.61622089765067,UNSTABLE
22.891193986899843,4.934598471685545,0.03947385398698641,12573.8299364211,53.57314939925508,STABLE
9.649218859593592,4.103717543062584,0.6847947272486143,9108.625060878645,29.178540069972115,STABLE
80.46123422462306,3.518920741453833,1.157962904939297,0.0,23.95424514535348,CONGESTED
153.2934350058136,42.36610634620242,12.324043131484045,1146.3151557099607,6.8046001887381635,UNSTABLE
122.79331808282636,30.722812191553558,2.5038530707781375,2065.3884567838054,23.075490444410004,DEGRADED
73.18103622433125,4.928417699993642,1.3803725641350362,3946.733511365884,29.875173178458528,CONGESTED
109.32034314719965,76.84151274248529,8.280742832364432,796.9168823864861,6.39070155035286,UNSTABLE
239.5939781702806,103.92443283121138,7.48642248828551,2022.1573420904324,0.0,UNSTABLE
139.74610900056652,7.648929917436455,9.781046988422421,1225.4423478405506,20.032748052677192,DEGRADED
240.393384792444,53.69398036814209,66.01775927539364,594.1649675010573,0.0,POSSIBLE_PATH_FAILURE
43.826022826840735,4.459657578031059,0.19731983963240882,10915.45991712571,42.36744635047398,STABLE
314.4659809115944,80.24715189550525,15.724521335257805,623.9887885489961,2.6299899760234666,POSSIBLE_PATH_FAILURE
130.7696016244642,88.31654254601193,15.829921375648423,5535.609530732823,0.07892040180201221,UNSTABLE
134.81822473645167,23.950887372733565,10.34587874399225,640.9476948647058,12.907506345066803,DEGRADED
44.34989247075249,46.872601308843876,6.2578239902007775,1864.2898613843295,16.48750055896695,DEGRADED
63.532675518953575,7.15306568813104,2.8094461087033955,4676.595170506678,17.017903715520188,CONGESTED
70.19652723011487,53.228449770933764,1.7832977863597241,4862.658532634228,11.101644745814186,UNSTABLE
174.9740064559478,14.2541330394186,5.138891777832017,2206.762307467693,9.373185321775901,DEGRADED
14.088965748088944,0.0,0.5138156753143698,12269.789059449597,91.70522428370575,STABLE
38.71798416193283,10.37663279092034,2.8998805621247508,3272.7601170173944,30.678855234097952,CONGESTED
64.72594301573297,1.073126490674941,0.8302956002238817,2893.614337888715,28.75690808205943,CONGESTED
60.490508578001716,60.80106511858101,9.612516165519086,2932.5946358952865,46.367428995840626,UNSTABLE
21.065626541086743,63.72096908923105,8.653863323600135,2460.2722440968396,38.755069607983394,UNSTABLE
22.68913447678601,5.443457332435186,0.32057848492364377,17177.565305536475,56.432971309781955,STABLE
82.74410291080125,39.029519475824344,5.078787304861081,271.65741286602315,18.792670454195896,UNSTABLE
107.2610403525131,13.104881837469442,1.9820979357657387,3480.6597732643495,29.010804468712713,CONGESTED
113.78748228838528,43.68147699550471,4.094521466452441,1597.0332536275866,10.319650841293166,DEGRADED
80.35044545464135,55.949525326733365,9.690271901305845,2111.379334329251,0.0,UNSTABLE
200.77471269927963,57.99037765677288,6.109867394068317,349.11335965195076,5.9849035689391386,POSSIBLE_PATH_FAILURE
63.980070784527264,28.125726159782324,10.301004907864291,2370.6432676306945,13.781981561102878,UNSTABLE
38.206461576468016,2.1510745804362044,0.024386449408086985,9031.284398553826,49.790842659430425,STABLE
97.35967226159656,60.15793835698691,1.3493942198187137,0.0,13.254698394134028,DEGRADED
11.598435230374719,4.141074072276971,0.28292430927612633,12340.94864469206,39.640225524646375,STABLE
296.8814419928019,106.38612271410356,9.926353292299275,419.0242793590401,7.13174950188588,POSSIBLE_PATH_FAILURE
73.99102399936308,46.81396958123415,17.200306191846472,2611.354241128046,35.8254899187046,UNSTABLE
16.382295225558288,2.8182581407480742,0.0,11542.943369050514,67.75251543029495,STABLE
129.93021370319192,28.274781525693573,1.3173529471034504,2193.2857114391195,13.145677170883685,DEGRADED
92.32244691571472,37.97307168301265,3.054766176914061,4588.808139133054,0.0,UNSTABLE
94.32473593623018,6.937839913321871,0.5181965785197364,801.8497771130424,20.220671511074748,CONGESTED
112.67735176292092,5.139944102154182,7.943059780579161,1922.127595400557,3.827745807368755,DEGRADED
105.44808664747305,55.55369481983221,37.875054416993095,1232.191776608146,7.603025432060017,POSSIBLE_PATH_FAILURE
107.28916291121915,9.474930923968357,3.921732668106938,6441.710918609407,13.418924093283596,CONGESTED
4.072057402784724,4.816786594534609,0.3651300532804356,9378.792429369947,60.44960592307473,STABLE
10.734668888428494,2.6334048871454803,0.02865922569207882,11115.433657569656,92.26881920450718,STABLE
251.05868486077586,30.930388605867982,38.61627382146561,205.28751072022794,9.574507060824452,POSSIBLE_PATH_FAILURE
14.44672781180984,3.919411910029975,0.0,13106.835754844074,55.63533110905652,STABLE
11.355293937415084,5.494322394987854,0.6716913859315444,5984.975943391118,20.100527312486747,CONGESTED
253.93099908018834,66.71824676031926,43.11039367373914,0.0,10.756447788747856,POSSIBLE_PATH_FAILURE
7.229835550297718,0.905425707232379,0.41120452229649623,6479.88032281493,68.6143851293997,STABLE
69.48761094567924,20.016291583552203,0.8088073173194722,818.9109758040431,7.0333919521028605,CONGESTED
64.47791983622854,14.29177820090885,1.2566064436080004,283.6742289456006,33.56659959642872,CONGESTED
36.16874398498608,1.9569227104272333,0.18321637038641955,10610.370842879956,108.22488079279368,STABLE
14.705605726339263,5.241681302806334,0.024443465321896563,8576.034068756773,37.517189636712786,STABLE
18.365571014754874,0.18036114210437937,0.5114869786951457,8875.236522283218,42.145355815239824,STABLE
58.413039104475175,23.057540695675648,3.268492958530599,881.0693037727564,23.815258113218395,DEGRADED
322.0777161364542,55.47555256714163,42.79370350852793,0.0,2.193412944895875,POSSIBLE_PATH_FAILURE
109.32805358622117,67.89706930316018,11.231985747397337,1634.2356539880911,26.14835199664187,UNSTABLE
98.73747795754734,41.27072366013334,13.43488174118516,2770.154025842458,29.615606787486396,UNSTABLE
294.6729857291203,85.16458343876016,43.97105032538385,805.8176424259312,6.774575296273155,POSSIBLE_PATH_FAILURE
27.30774691138645,5.157758078059477,0.08878688465806853,11220.893812086626,89.63471189084254,STABLE
93.07995838190305,18.81900764368227,5.423110356720657,2078.0226800104115,24.899582906129424,DEGRADED
359.5153257734184,81.37899815996518,44.98720975492196,1431.5260490205937,1.3648759643722004,POSSIBLE_PATH_FAILURE
79.45826633882757,74.89555092595128,14.003555243174446,2812.612724325668,18.10913615611929,UNSTABLE
32.992282977860654,0.0,0.2746740796025089,6771.17636331991,61.41179150834676,STABLE
41.46961886097944,9.381093129809901,3.121616506502983,3382.4478821021344,42.383817677598145,CONGESTED
333.35150310417146,50.98146123507122,0.0,408.6243104306645,7.052962445402851,POSSIBLE_PATH_FAILURE
17.79032682213646,3.107505125981004,0.0,7708.438095063153,67.65790190323384,STABLE
221.66635192351805,62.598698557818324,40.439152344014246,279.07335400440525,5.710567630319287,POSSIBLE_PATH_FAILURE
0.06939628945844234,2.5646306131306864,0.28349988187115127,6904.952048935787,52.12196254311395,STABLE
163.3178322248051,19.505723830643817,4.0358398609720005,1414.0293171224853,27.15183019277287,UNSTABLE
89.41413879278939,5.270453930081257,2.3505523222862816,4904.806725098126,19.36287202059215,CONGESTED
54.119149221941754,16.574055356588694,0.3499347900188783,2668.2784177064595,17.884031551274354,CONGESTED
114.08730776399356,13.204241148969606,3.1293330603647993,1287.0783764276052,20.306855407109826,CONGESTED
155.4217828496893,5.558788359708643,8.009335203012945,421.21886937835257,14.456976320879255,DEGRADED
20.38581122980917,4.6375279006948835,0.36618605179859715,6575.454841845437,88.74518160872152,STABLE
28.546857301355615,4.580681163569408,0.8163635283862332,12068.22786660548,89.96840551300646,STABLE
132.8472407200875,18.64566813983683,5.64968750157103,1373.6348647186705,23.36082903683679,UNSTABLE
244.19033015019497,102.44253708792091,14.26943845847148,0.0,2.096256586788334,POSSIBLE_PATH_FAILURE
58.5390800843921,48.5690893542967,8.782618122002484,1942.396973460482,28.03650889317693,UNSTABLE
141.2651643197825,65.74403025018262,10.462327253403926,3789.951708987144,2.4564451516795387,UNSTABLE
157.1647763372822,62.281178134142074,7.751540871382633,1055.8771366637627,8.399522601342294,UNSTABLE
24.478137167227104,0.0,0.4005253055858028,13592.237924572531,45.61829042223076,STABLE
14.996389226031003,0.42618511892725097,0.09773102616649483,6758.88710968932,64.0463636111671,STABLE
109.54867505517018,37.84259385859912,8.155166270586488,1734.949854654079,22.344175093207355,DEGRADED
315.0581896860439,77.1880264444644,27.009583965915503,0.0,6.558859791259485,POSSIBLE_PATH_FAILURE
231.528149338362,4.166198611951913,6.902090199193406,0.0,10.196452414548126,POSSIBLE_PATH_FAILURE
15.876631277952693,4.015456903276505,0.1162337242364949,2904.1564655509446,63.41254167238163,STABLE
154.2386342024759,76.01246782294692,45.487597343462156,580.8856656647955,2.5747926518151854,POSSIBLE_PATH_FAILURE
135.13864783163098,42.920812660498164,2.34614162704598,1510.644947221478,27.308249326771282,DEGRADED
82.46589668129613,12.684705426831684,2.1374093324206265,5183.036343318652,20.941391779648605,CONGESTED
80.2742777257503,12.238990609338806,1.3947804930505112,3194.5523001807505,29.860555075659697,CONGESTED
303.25573369313355,67.47496988218457,40.866419679807166,514.9130216156931,5.940890602151277,POSSIBLE_PATH_FAILURE
8.23385280570698,5.218339622984264,0.26316040123677403,9998.811890112836,34.96295575640177,STABLE
479.3114394914245,94.58406717622395,48.050389605338744,699.9521308344923,8.918317031272814,POSSIBLE_PATH_FAILURE
44.79406567395499,20.701135011764272,0.5337168636972462,1762.375692949588,6.943955018030046,DEGRADED
212.305980647898,51.664365711271145,52.7315010789045,648.0769627983955,9.079345493874163,POSSIBLE_PATH_FAILURE
91.65473097317258,38.24965340772855,8.087404823100176,2242.9718395877644,11.434226141511019,DEGRADED
293.00862588699505,47.91028775866141,17.78632357875831,825.9297767360339,8.438583258595887,POSSIBLE_PATH_FAILURE
69.81409133386026,12.800478489424938,1.2501936855494777,1872.5744481924614,20.618637892895972,CONGESTED
135.02613896161776,36.59665889020063,4.605817683270599,2376.6306620007626,16.471958325225675,DEGRADED
47.22731964500109,11.642996830279579,0.4113802612787194,4639.120575963569,16.971033260273757,CONGESTED
45.36554989825298,3.6403049678676176,0.5628216586181154,4009.9982828424577,21.62975671027309,CONGESTED
17.15636161959905,3.2702469037361643,0.0,8599.267642942452,47.61365350753604,STABLE
268.1420066676579,96.5212152888829,57.15788077927327,35.09144087640641,3.972774337569657,POSSIBLE_PATH_FAILURE
0.0,5.418529136850755,0.3743596435982757,6532.55061050982,31.03284324059238,STABLE
26.351509468144044,4.7530872081630395,0.27340457764620496,16113.235987269098,94.62857502064688,STABLE
79.48347915710599,30.70022544794352,2.44851625762108,3417.7155695599686,11.45681934773582,CONGESTED
79.30163032645939,32.434901684706965,3.3647244669026586,0.0,19.00773286260105,DEGRADED
64.93076610840454,9.710963881777735,0.10393067508572851,4491.768114702207,0.7493092851970999,CONGESTED
95.04273050037096,5.231980749338846,0.39849143388920205,2020.7475801537157,31.296683781397842,CONGESTED
325.004460790462,100.00992511941035,0.0,0.0,5.009031586822395,POSSIBLE_PATH_FAILURE
26.129653804745992,5.246189260883078,0.0,13952.99999671741,63.61919914842264,STABLE
150.93193710224153,71.3415421885768,16.09342420826676,1229.980721363435,20.731128137561754,UNSTABLE
55.529443000242495,64.59242747876755,14.188049057108328,3631.3481696668414,18.022241182511102,UNSTABLE
275.27851322863256,106.11834759189487,48.92362185729965,685.7342989642416,6.919319232200564,POSSIBLE_PATH_FAILURE
26.250852012481538,5.8442126998471124,0.0,2651.9802062608405,49.345286539294506,STABLE
26.00474341158769,5.5284434199796,1.748887782481401,2655.980950608412,38.97654056581917,CONGESTED
195.2483922084146,80.9192696760251,12.001831188059956,3413.5729871376707,25.779073790744548,UNSTABLE
218.27279318692678,86.46178910035103,10.227089499336781,2083.5467906789177,2.4836267471727034,UNSTABLE
198.39754992473377,117.63279909196036,0.8053731429853865,2631.5763586183525,11.482901539739393,UNSTABLE
173.62031043289718,43.971205099977745,8.340228025601514,1672.3508686837122,14.417090370082668,DEGRADED
263.08396105979926,87.07089013094229,19.354629495937925,1109.5030957986883,3.819244042591586,POSSIBLE_PATH_FAILURE
193.22986835281233,27.087024442600015,4.920068939620385,1130.6009480991415,14.612266420658283,DEGRADED
269.02077186039975,33.633671949548436,36.01879009940917,404.64651274736786,4.345079979010835,POSSIBLE_PATH_FAILURE
112.77753900907176,10.770075638405242,0.0,3109.222296691085,47.91058824599827,CONGESTED
78.24757203984902,3.3282303106132183,2.2150932561147876,2240.04016800939,31.948501453731108,CONGESTED
18.433621023419096,5.491269920343746,0.0,11318.864443283857,53.348736370432796,STABLE
196.9300729167815,116.55546862606154,19.17337948569159,2274.053694496226,45.81326460334138,UNSTABLE
117.17768044465203,76.32091162095605,0.5824153769467753,2009.256832932219,16.133927177242956,UNSTABLE
28.95184981971686,2.013197319234643,0.0,9427.34592782075,43.80965085738801,STABLE
75.57247907509594,3.7391339943571893,0.12487491799188444,0.0,24.086378683540527,CONGESTED
29.476496098482997,3.774117458791488,0.4305811296489107,8895.200721894178,97.90767250953334,STABLE
10.894251160785513,3.064740201454061,0.4275059097932197,9649.028369758036,49.73096025901782,STABLE
164.21890369820593,39.006050622779945,2.9963505506372226,1582.2687958453348,2.0244469185850615,DEGRADED
78.78662153954951,16.04833236750144,2.2669413276400205,1762.549066283235,31.137431860965442,CONGESTED
140.40541630405406,26.687553908786917,4.303516295973377,1477.4849494633352,30.84330802181325,DEGRADED
100.31186832960483,67.00608335391803,6.142874130292984,0.0,32.16696792870592,UNSTABLE
160.82928269811686,25.04262712098277,0.18446555837283451,1976.2600266808674,30.82551332934544,DEGRADED
5.365579981629969,2.4581437396843837,0.22704704830027195,6581.274806561914,83.23732721727096,STABLE
497.7223771322142,52.02037567524484,42.68344821990054,0.0,2.3347031340988704,POSSIBLE_PATH_FAILURE
108.90040817374943,16.51867380526665,2.5365576172949256,0.0,8.750895979737244,CONGESTED
64.49302354171552,70.04974514162406,11.004976895041812,5630.724283549875,17.153209630616104,UNSTABLE
361.22187856825553,116.81208397505895,36.21782063981083,868.6213389815146,1.827307704148645,POSSIBLE_PATH_FAILURE
186.8052392122473,25.151655995965616,13.779573163811957,2677.6348181579892,30.236566599238103,UNSTABLE
214.7756501320514,39.07517754946984,16.83614031843952,4285.725125764646,42.20802171720693,UNSTABLE
268.6321583759952,74.60141790718158,29.458174545928678,645.3854313351683,4.6282891203461185,POSSIBLE_PATH_FAILURE
402.8118089700993,55.599354679747336,20.582543301304206,0.0,6.211879382387023,POSSIBLE_PATH_FAILURE
10.411173991710012,0.0,0.010374253157326735,7246.6396255903965,57.05423372930885,STABLE
284.25948571628646,72.369005154347,42.303187784071305,312.39469808705803,2.2841761569954206,POSSIBLE_PATH_FAILURE
159.3475892561214,47.51790792498543,3.1891108680657165,1900.1150153163283,7.629934111842314,DEGRADED
69.45728850280743,15.79920260825586,3.8205772784948095,5306.592479728026,31.96462593545888,CONGESTED
0.0,4.999348039743978,0.16635082996682482,8183.441666080491,63.44062273560937,STABLE
56.545744586289885,17.18633365607359,0.0,1466.5039382329076,16.348729323083205,CONGESTED
14.039111003438334,3.8933230305578066,0.0,11767.898213608238,76.5742281225795,STABLE
325.59614399740565,66.41024529964923,33.602074288192306,567.7022766500511,4.148687279811476,POSSIBLE_PATH_FAILURE
194.84069262714019,15.179964286458706,16.387572709716306,101.50742210446151,30.01104137405878,UNSTABLE
94.50584421806658,8.919022492811663,2.9430330811774823,6249.414222763119,50.07270666633765,CONGESTED
214.7371404477591,26.704746440879127,3.148775438065881,1177.9382677280705,29.800263536276542,DEGRADED
32.040871311500226,17.1100792393743,1.174794258133928,1940.8644563624155,15.019336183519233,CONGESTED
130.96230812252722,47.032666385156816,3.6883538994167155,2603.0143704436227,13.218222120544194,DEGRADED
196.5616452670767,115.77034506525685,17.54016033781243,0.0,4.745641357729481,POSSIBLE_PATH_FAILURE
148.98337011758082,34.236693952406924,2.026422578025501,0.0,27.59118820913625,DEGRADED
0.0,0.0,0.5985436432375193,8346.446982067406,47.98606744461326,STABLE
143.93126108477293,43.19200461716629,5.6232978178196475,3014.9535469785496,24.642398249702403,UNSTABLE
69.44307133030927,21.811670692665203,4.47547848812497,1753.5417219817073,0.26120090428572773,DEGRADED
26.374709026511216,4.829248107973693,0.0,7477.242140441698,38.79692204803466,STABLE
113.98582523638109,24.37098616185254,11.399065309847632,1560.180885760297,21.06810779107936,DEGRADED
129.7711927931217,36.092056886157664,5.069499068929482,980.1052670699853,28.124236866227463,DEGRADED
171.8193970204949,32.82598641343137,5.960252416327266,875.51115084176,6.399506309713647,DEGRADED
109.47339346900321,76.6693238591752,10.585887331859514,2644.504131570018,14.625474586804867,UNSTABLE
219.66099556545342,28.44070033917381,5.66002491719025,1697.021269400098,24.15140968933836,DEGRADED
306.1916919229863,95.66669584516585,41.68949281076455,573.2755612470453,13.107578065463684,POSSIBLE_PATH_FAILURE
371.62664574067287,92.31432520749765,53.5194356180038,0.0,5.354104098087381,POSSIBLE_PATH_FAILURE
25.425944632919602,1.5107532871228737,0.4935778590994893,7087.259682756458,88.92208219886277,STABLE
182.75002056701206,32.877045287073116,51.12150281011553,340.06536562128775,7.228141014971966,POSSIBLE_PATH_FAILURE
373.66629790382166,12.843626085077908,7.11398966867586,733.5662429468227,2.888357929567726,POSSIBLE_PATH_FAILURE
24.675093422520455,0.0,0.53299089293171,4368.180345774305,63.49638654041614,STABLE
55.548783182243554,47.804942701291154,3.1364512256806263,27.464302711037817,2.110291421356539,UNSTABLE
148.3511580880117,62.92061214900169,4.325868931677773,4941.586489222371,18.00560373686913,UNSTABLE
283.8931737423345,134.59009695539612,27.437522508271584,52.4182562567629,5.384085135392479,POSSIBLE_PATH_FAILURE
84.16003381648112,13.720985220880058,0.0,1079.905356337074,28.030183797509093,CONGESTED
279.3676099180165,67.03553380319433,32.13077937501716,758.1593545949062,4.046477795474365,POSSIBLE_PATH_FAILURE
56.913833937996145,9.046698880946353,3.1880090507531706,3342.8705392169054,9.607906517834628,CONGESTED
419.0956269103498,25.425287148649304,16.45296429730372,228.36996147026142,5.798956504708893,POSSIBLE_PATH_FAILURE
52.02632420326091,4.6284587045289225,0.7018701935664731,4271.455098280848,6.602611757277412,CONGESTED
106.7835455254743,43.25561339461221,5.612489045971481,0.0,18.723480118905215,DEGRADED
27.933472351999253,2.7690022414021307,0.0,5045.118706405252,61.7302158157459,STABLE
107.46674092074508,19.520028651437336,0.7344164669753397,960.9089585248346,10.749541177637454,DEGRADED
333.74228740951514,50.32622093688204,54.61498178109072,409.95237778947734,0.0,POSSIBLE_PATH_FAILURE
176.96753337129985,41.12471477782551,29.555284773645294,274.39403161843313,0.0,POSSIBLE_PATH_FAILURE
131.1388316443771,36.38182188471705,11.190624471420172,558.9820118981871,14.510956999763847,DEGRADED
367.92396581990687,80.25412675299027,24.681217500678024,787.3013281863039,2.506692747853659,POSSIBLE_PATH_FAILURE
149.41464710182177,30.212724851063463,5.062087952739083,1993.7742646502463,14.166573508834647,DEGRADED
89.44835550068856,10.881705444236902,0.0,5352.973236914981,34.93210754640391,CONGESTED
89.88649687176009,3.234140355869158,1.857389330983924,3492.465639862826,25.412662060607246,CONGESTED
320.2709912398116,94.5475326393156,55.295528171690606,142.60217524405533,0.0,POSSIBLE_PATH_FAILURE
57.54518941414075,21.90221500691426,0.8411078383814197,3815.37054152805,37.756021704601565,CONGESTED
182.180513242078,76.20434376360751,10.311765151610892,1540.435835619733,0.0,UNSTABLE
121.77706498041537,14.765105077798019,1.3328912253714034,2148.5631080743115,33.400161405514034,CONGESTED
133.62542960273157,83.58818550142526,10.16085643423298,4983.958082256742,7.233073768401406,UNSTABLE
24.80746658905909,7.007018820802684,0.6133208708824233,15566.212272592249,56.56282402026005,STABLE
130.97572279451353,24.385333675284237,7.757504549924507,1163.4765604312101,28.53847284903905,DEGRADED
354.8573506719166,44.93290034411797,16.778638169395165,506.18092584700526,0.0,POSSIBLE_PATH_FAILURE
55.99121268944497,1.2566938832886159,0.0,2511.5014550634287,46.14980135997284,CONGESTED
129.02255060534713,16.447300511272836,5.045847137446478,2142.1164848776875,0.0,DEGRADED
50.64120247779542,8.504699139911004,0.0,5110.869844608648,22.52911095790411,CONGESTED
144.82737371964626,18.107159555364795,0.917647713941939,2950.0745418925994,13.767793972093287,DEGRADED
107.91818186672205,16.38467257847894,7.203018264919468,1119.548710388594,6.774556860958306,UNSTABLE
175.09634199829958,36.37627653742351,16.94260471795524,1550.490358346945,11.137206678906779,UNSTABLE
403.5102643859215,83.15452097446345,25.147304849844634,189.7182018318126,0.0,POSSIBLE_PATH_FAILURE
121.92225061871373,36.25935916845124,7.2691931995010295,677.0659785854423,51.62174054322376,UNSTABLE
26.3690628337221,2.527739816444029,0.40298436553295763,7509.0708309080555,33.52015810539779,STABLE
63.09379036965013,8.271619369655799,1.0418386027473863,0.0,30.70908811701703,CONGESTED
20.92126658434109,4.1548051550385,0.0,9488.452289846997,78.51289242788187,STABLE
165.44603811933092,41.40052660774467,9.694443835614983,2917.5321974212684,17.766360796383807,DEGRADED
190.02298577419828,41.979943287154214,6.1127076343346625,583.0253096399586,9.734975239541818,DEGRADED
28.418200668900617,2.974122463792824,0.15087076876333952,13251.981896070793,40.87008372847275,STABLE
172.24469727753961,110.98141007146353,68.22669637930196,373.05823238526926,0.4470475276443695,POSSIBLE_PATH_FAILURE
150.61808659043322,86.24155089149687,9.828456226186004,2979.659947026336,19.240971922053404,UNSTABLE
57.789708598361585,20.303775397011353,0.9293850019346576,3438.708740967012,41.133433015666554,CONGESTED
117.36907299350426,28.497100120623315,3.4061804541425564,3087.880741506743,20.7296599610944,DEGRADED
111.27387309412458,39.11975108974005,4.24302783022599,0.0,20.828562589480182,DEGRADED
58.656056630931346,13.692431977363798,3.213575722930143,4963.935237056373,23.05471992767674,CONGESTED
69.1005325952126,16.487653372931295,2.3974192250318063,3060.3740629320105,24.112107549625936,CONGESTED
91.7133861900339,24.025584671244808,8.473739687855343,3078.017693348843,17.156930296264658,DEGRADED
0.0,1.360492142458312,0.07962351820405283,6477.124146582895,66.29934574303577,STABLE
122.62104859709136,21.53440800820902,3.1167040312627687,0.0,30.98038222579057,DEGRADED
31.360486835554283,0.9509421741739872,0.0,7123.255158739597,63.28294720152849,STABLE
125.82106605737131,78.66880255018418,3.616992508732106,567.6458264592,39.045500901793204,UNSTABLE
4.342409278194857,1.9669785156783344,0.0,6368.042342220844,82.04933028736116,STABLE
115.34340175786798,18.801614148035988,0.9523290842092818,1658.0396946213941,41.31796914688037,CONGESTED
31.57507758021134,2.4815814813698336,0.4589452216112416,11386.569484130765,55.17261090597268,STABLE
128.56241592154805,20.510663987511172,3.638284184184989,2428.9982344993787,8.68776514922535,DEGRADED
305.52116891143413,142.13450256007326,43.770600245725284,693.6355799540977,0.0,POSSIBLE_PATH_FAILURE
285.08100098880465,48.903919970463505,49.819723131950255,0.0,6.812382230795855,POSSIBLE_PATH_FAILURE
22.193825013638563,0.0,0.4903996413661593,4368.942712527613,63.916367757629224,STABLE
38.93853781356477,11.640564373937025,0.14445432511160217,2881.4241024385246,13.715606365148801,CONGESTED
206.43644214661347,66.00266230283299,4.691639871315487,4489.537278246219,38.841423587495115,UNSTABLE
120.88234098105934,31.432110797833335,1.159849476344733,1015.6876687129662,24.02292228036424,DEGRADED
106.64951899116704,20.9956878701296,4.1853786844832594,1677.6496016803237,11.281050435941449,DEGRADED
445.0140804824414,124.7921510183617,64.93665728140171,461.7435193473653,0.0,POSSIBLE_PATH_FAILURE
17.433458836002472,0.0,0.7402971802066209,10832.63398251095,64.86035122696386,STABLE
129.51434458872387,64.0368862022138,13.060098703826366,6075.497515146852,10.478251930986165,UNSTABLE
64.25002009930544,19.923028244894297,1.9278508539545398,904.2326048422251,26.9165202958003,CONGESTED
218.5784449087428,120.94755454479468,38.525682276359575,143.14390460873517,3.440327142536587,POSSIBLE_PATH_FAILURE
30.638515327343583,4.977063725702925,0.0,2469.510504201665,62.466188088849165,STABLE
331.49527905287493,127.27420683838184,0.0,928.3600826567147,2.170429057468618,POSSIBLE_PATH_FAILURE
63.39085766216499,16.982386494645255,0.9701062375824047,4958.586830183338,16.16445814513078,CONGESTED
6.251041916300181,3.7146388454212538,0.3349445979669603,9987.028177865226,60.688149919710554,STABLE
22.627492251471384,6.411705361089128,0.3361986894340877,9740.957550291887,46.28936774293898,STABLE
23.342951284977143,1.4447881445034658,0.19176999374488293,5680.168715016397,62.752492104145915,STABLE
170.34058891804358,65.14496884553571,9.475235315487941,1173.554491622453,6.700375353782569,UNSTABLE
19.948781332799285,4.15109301999979,0.0,11098.003387880659,60.99481330889197,STABLE
199.61201740918654,58.145732095775195,0.0,0.0,0.0,UNSTABLE
84.20362039708084,90.83043967822702,0.0,2904.042098623014,18.756236688337047,UNSTABLE
13.032774913866078,10.15756764688495,1.1782755683707293,0.0,46.495559792968336,CONGESTED
31.03956800707809,8.408647962571928,0.0,5188.024769345094,17.445615840215844,CONGESTED
80.97431601045461,9.121914139774447,1.720436201712085,4976.766132798875,32.48582270516615,CONGESTED
24.738857391042195,18.16562616840704,2.266995199067781,2150.8101548625455,16.968517099476884,CONGESTED
60.1707361407833,44.16002995660793,10.542452122842104,1973.507941504094,25.6217318616949,UNSTABLE
388.97361063772325,31.27528794329534,40.96457254076039,237.230154309722,0.0,POSSIBLE_PATH_FAILURE
152.09698326987652,17.70684674645899,3.2134720426553898,1559.7967242425982,25.69272703035341,DEGRADED
60.471117307439265,9.396998154549742,0.06823675714769029,2330.8865175746078,16.430583531780133,CONGESTED
60.63795276285455,36.154944256363585,1.7397896359819067,3581.019395884426,35.74254607724292,CONGESTED
171.02233422870802,44.05815484055582,4.939995537959861,1658.6572354719833,0.4252475018745976,DEGRADED
209.7046814269785,48.903794925439875,0.0,1350.640048894397,27.062217711626367,UNSTABLE
68.1680161600257,26.64920264387582,6.8793202581847055,2551.6400377456216,17.46887331512276,DEGRADED
88.04154899523725,17.55179738381746,1.080926040583005,3170.870184843273,29.165324925077957,CONGESTED
87.89263311533874,42.79858487823351,8.163307422815983,724.6166886280021,13.561916391032064,DEGRADED
92.9853197935025,10.694944760218288,1.4983427037259904,2435.2169862515457,23.948754991882275,CONGESTED
130.12630890954023,34.44201696320711,4.988841004736319,1145.2935211807437,20.153630939879534,DEGRADED
227.00254559646106,73.46420176097075,27.75002071233962,546.1865146221395,8.726005286782733,POSSIBLE_PATH_FAILURE
350.21816372487535,103.19523995093635,40.43347014361398,128.70072606322924,4.9093289226589265,POSSIBLE_PATH_FAILURE
211.40723143775574,54.908520262441726,5.039505854711058,3385.4343923953775,24.516706392176317,UNSTABLE
78.10642563444844,89.89452396718016,13.65230034894116,4096.869339617582,14.150390754181192,UNSTABLE
85.3396379002844,10.902535258873753,2.9314232579432513,4349.120459930243,36.474984661087845,CONGESTED
48.92969319455973,10.529594570439809,3.9104323683477844,5222.242285846767,24.887208873970103,CONGESTED
166.2687771816073,26.69947787255023,8.300028306462307,1799.4498974087728,4.498073569937514,DEGRADED
11.407075371167618,0.24398144630426755,0.607028947239189,11154.396235508419,12.850250820253677,STABLE
314.67105024761725,87.07834406778505,26.15194842371112,0.0,9.3515318599283,POSSIBLE_PATH_FAILURE
28.465839858434038,1.551314961183598,0.08190875861088673,14959.652594954683,58.33334746006771,STABLE
322.02457246702124,66.12815123117875,18.730780273943523,1030.6949542399714,8.476051709125391,POSSIBLE_PATH_FAILURE
71.81432701477547,9.224526916277494,0.9604294911934337,3148.995652117321,11.632642340050548,CONGESTED
75.23006231216603,7.87799559651655,2.389907999811053,5402.477206247829,25.35401910842372,CONGESTED
75.14141601487248,13.822584453103147,1.6448524250135548,3501.392676622535,23.7231719169857,CONGESTED
179.3233680433179,59.55242740466422,7.8962756418134425,0.0,17.234508051893613,UNSTABLE
24.098284573286925,3.17198696149525,0.5192936558741547,9168.636415169654,62.92474113931016,STABLE
33.28960590436989,2.5601284094673287,0.3730125084630205,9548.506674384764,58.15914922757942,STABLE
59.36787007004726,12.914492769352531,3.068221468406816,4016.696326950925,39.36223904218177,CONGESTED
74.65207234225745,7.158207431864275,1.1486214012164242,4117.745243158345,23.82775797813425,CONGESTED
277.6431636348162,109.84095344073606,19.78239333367818,343.7593161330505,0.7403613639570219,POSSIBLE_PATH_FAILURE
163.20459396477193,48.87188909627593,5.512075681218983,3218.4352747331786,1.069898128183901,UNSTABLE
117.84182678084898,104.97069544134749,14.289933403647531,0.0,18.865122301295006,UNSTABLE
405.3323899806891,101.51229938755895,9.608208172316523,122.76958102094198,5.532962623884192,POSSIBLE_PATH_FAILURE
9.793769804866626,0.5441688986163133,0.13174117539103392,8797.232108626597,72.0470567778504,STABLE
41.17461545168425,23.174953032314235,1.5189164277021505,4675.806664285082,36.0233193937895,CONGESTED
129.9788194597654,6.7410116926171355,4.971454443549583,956.8464760550212,19.762973714615924,DEGRADED
66.43793939033488,16.992792968742705,0.0,5127.360127808696,49.22544710438389,CONGESTED
30.999796503420836,5.245356509127477,0.097146604127049,12175.107334817312,34.7775253730573,STABLE
50.1602577401994,22.944760926411945,13.907476350253926,2404.158772427609,6.159490830618271,UNSTABLE
14.786770813627152,3.202894861300099,0.043276270570693054,7840.637655506158,88.33888831581294,STABLE
102.20561033977518,72.44437900979298,24.821939106177076,300.5369080180179,2.4042593745215988,POSSIBLE_PATH_FAILURE
179.93554303992283,54.15867169938358,1.1193239005559148,2135.9651854537806,18.358714889722805,DEGRADED
182.27269373415461,53.29404727840002,5.5912748173218665,2690.4815487021206,17.673048097480617,UNSTABLE
84.461951224193,47.23413489570882,4.434017818073925,706.0971114028928,10.142567974542148,UNSTABLE
334.66522841184894,121.37652770427154,48.06317986996795,0.0,5.850466773259017,POSSIBLE_PATH_FAILURE
0.0,37.71227622770604,7.758064082176119,945.4013701701642,35.753281196289116,UNSTABLE
42.27913974806505,17.866105148036965,7.445755476834551,3624.398795200903,20.646232736982864,UNSTABLE
332.5645165938261,62.59848535805807,4.333620119535581,296.08921462157616,5.140673927443184,POSSIBLE_PATH_FAILURE
154.66383284296097,73.4199179009093,7.568229000578254,0.0,16.71852290307301,UNSTABLE
199.5907602950321,85.54512517851967,11.708345755350651,2054.716633970871,18.617037713829724,UNSTABLE
19.83198842495711,7.563265754552123,0.0,10966.291878329575,48.63115832564505,STABLE
2.341561764497925,5.854648373411747,2.0141957747918866,3399.4355662187995,28.20145796490059,CONGESTED
137.14308377792852,42.456917000793354,3.306323490704013,2360.95617907811,13.494938845465725,DEGRADED
49.96403050612009,11.370855673301799,1.7954163387905222,6234.350618119187,25.164656374201737,CONGESTED
33.361861000121706,0.30639490244086875,0.0,10024.838962451418,59.73777138006659,STABLE
15.883616777837908,4.721059415922891,0.42072000808404914,9993.085132447479,46.3083262234429,STABLE
130.17930713065618,51.12248651748291,7.350085077893253,2261.376228932235,45.863771480556025,UNSTABLE
303.21339317031567,32.14696045601437,4.307215988145099,360.1550688221489,3.5841294484502786,POSSIBLE_PATH_FAILURE
28.03585019378602,0.0,0.7526451975704791,7390.439965068744,60.978496493603124,STABLE
11.862272717521222,3.1730110838429235,0.23074171013094702,8681.86672753678,43.767998976157855,STABLE
14.623374230969777,0.0,0.07359881760629022,8853.043371048083,79.2432908629249,STABLE
21.16685809140728,5.089745624908855,0.4458029291179241,8315.020587757492,59.1358034620797,STABLE
67.85770952880705,20.16703226702752,1.7446245656264998,180.25939012967683,28.230065355010254,DEGRADED
12.376765419723478,3.9845938238760734,0.5318018874508359,8894.238185818504,88.7815016697244,STABLE
26.140991771126238,1.219958500472794,0.5966407682235431,7775.369478527125,53.44217874737575,STABLE
24.3751224861987,5.331344179767639,0.18867348966544084,8409.375918440779,59.265856087620094,STABLE
60.02588061682709,21.12572240034638,3.7489582798332677,2753.335121541147,18.499158320083357,CONGESTED
138.5953904759609,101.37144223550683,6.649389211895658,2908.353402930402,15.454342110910677,UNSTABLE
144.50569875954326,80.38265706562044,13.923445962478889,2745.499429758829,20.142867929479223,UNSTABLE
96.35103990409176,14.638244330487822,3.4095143637602425,2704.37249515507,29.198587051454645,CONGESTED
81.327874950596,40.77244194903307,3.2169281648975456,1343.722321344568,15.757995292177002,DEGRADED
25.862223313592782,2.1056846853401066,0.0,9786.865763973969,70.16750650035895,STABLE
33.27370086416687,68.32836009271017,7.406483658012638,2250.0676857804237,29.606202113272836,UNSTABLE
97.69120094602869,22.62249100354346,4.504641049482755,3316.0842433343796,2.3722649391978425,DEGRADED
329.7410956418171,152.08958620012956,34.54071871786432,90.50457500878184,8.040434681541043,POSSIBLE_PATH_FAILURE
128.07339270838511,28.837027410681834,9.052456001125732,1585.902917948609,26.20211630896499,DEGRADED
10.11372850565394,2.459206115809116,0.3970455580160413,9386.980611309596,54.11695130308871,STABLE
98.95542839211001,21.397713097666276,12.246338485431174,1894.8862351691887,22.23288148365336,DEGRADED
135.7987748123131,39.81427567593864,7.747997443215032,470.84873343801337,10.652052144854899,DEGRADED
10.240411838850951,0.6781760872265221,0.21339748428903993,9000.675260220449,41.09234641280369,STABLE
350.95170133303685,127.24406286621078,21.855749080725055,515.1765306125914,5.248604367073466,POSSIBLE_PATH_FAILURE
278.34263816143414,74.09809227318637,32.62776056737051,994.1491827149385,10.461191064648446,POSSIBLE_PATH_FAILURE
128.0096791345558,7.526082815509966,9.233359085490894,2716.0355577951714,9.834249495888379,DEGRADED
152.2535329322984,56.88179607799896,5.776054504245584,1356.0515517537078,18.083768310012303,UNSTABLE
44.94230583373505,19.079794436745537,2.0065143186542054,4220.709920082304,54.220310134939865,CONGESTED
213.35954683262554,83.09292154604375,5.794456498947893,3007.2114056110627,3.2969780456812394,UNSTABLE
63.3998876933051,15.952321722102544,0.8908744931092694,2401.349063292385,58.64620932370391,CONGESTED
264.17463380705874,63.96605929758561,74.07481404331202,1165.641500823634,5.83889290693762,POSSIBLE_PATH_FAILURE
377.9353042997164,17.001768635319337,69.15099178204943,0.0,0.9467079694693767,POSSIBLE_PATH_FAILURE
172.49725537885485,79.45387124586321,11.736187981692197,2570.6606555081203,0.0,UNSTABLE
106.30220330098285,11.905326477762234,0.0,5010.91409077984,13.490745116536734,CONGESTED
367.4156372838787,77.04539459899591,51.586481149055544,297.05992021276745,13.093574730154279,POSSIBLE_PATH_FAILURE
356.16758125799345,87.15540677653222,61.02083507370838,285.2611021038537,3.3729552683673205,POSSIBLE_PATH_FAILURE
114.217940244682,42.8194907164494,2.870392017639721,1196.4610853782874,13.984171048921546,DEGRADED
332.6795183538369,42.85173346548712,34.806064396402455,143.6433226691255,4.420211896156891,POSSIBLE_PATH_FAILURE
48.34316856534923,0.0,11.656079949204988,915.432232650094,0.0,UNSTABLE
261.3413903245265,82.6392835785402,3.3932229129972225,3286.6221093203135,22.857085000459236,UNSTABLE
25.16297572101451,1.1817942227932883,0.16582508208407484,3362.061103814892,79.74646188053902,STABLE
88.11427883563898,18.58109707710088,6.303219270481959,1153.9253441540095,9.845704374032481,UNSTABLE
21.85325649415382,3.900041346843664,0.0,12539.78568644317,71.80622189110598,STABLE
102.8994104091828,23.68447648259665,4.830711712410981,1877.0051134276775,13.891170454875086,DEGRADED
265.6073371703846,35.24940063685925,35.702525708527276,845.553707988319,7.182810228001486,POSSIBLE_PATH_FAILURE
16.280854186787103,0.699829011695273,0.24368909430316546,13477.246428082288,106.2366225128566,STABLE
16.714747768771062,3.6605798912331835,0.5558427506356494,8422.350800251275,57.28944364412703,STABLE
186.27590283943525,21.71953903478512,6.592979834553707,1874.4149673453855,19.116998943112087,DEGRADED
67.31249613923187,9.177821918156432,3.3496920457009214,1096.518549179626,37.04536982481996,CONGESTED
173.79633458339327,3.440163066439702,4.2965067688633765,701.8173313455901,14.1707169346135,DEGRADED
93.42565775283033,21.743659339820688,2.960670858812703,1240.0013921079171,11.372505296208796,DEGRADED
228.62123289705355,72.66627458849288,4.434104231073857,1949.5336406649417,12.011539208618434,UNSTABLE
114.3692846760482,76.81087945056355,0.0,827.7886963852636,38.904452890225585,UNSTABLE
129.18407847310635,56.33477788540499,7.807124182883671,4241.021242818756,39.56066686104389,UNSTABLE
145.0849376508088,39.332947677724455,5.983066114735466,1673.2617109179969,4.288442766119747,DEGRADED
11.231392218324117,1.670747999873738,0.37659204552122083,5543.154574253433,60.11062277258541,STABLE
161.46204787183282,85.9693169061553,67.40587721711037,367.317084865617,10.056894559034447,POSSIBLE_PATH_FAILURE
90.79578630240948,9.491552226113127,0.0,4792.861025853352,41.28764390924697,CONGESTED
76.22926253220449,19.4030547651926,3.2550207991439732,3745.1947385705334,38.76193088679139,CONGESTED
33.49666175370549,22.668096460843728,2.18960140857761,198.71191321200877,25.015997294711674,CONGESTED
230.12294076443186,84.32649983488713,38.82184067424528,144.17145253499365,4.327886470217184,POSSIBLE_PATH_FAILURE
3.9979415095652264,0.0,0.0,10787.514527483934,60.07410701594949,STABLE
223.3827258582524,15.911151779633421,3.0206943998267644,6145.374011446233,27.149465997201546,UNSTABLE
4.5587280581813445,46.620505760439706,11.550971026496011,3269.9305924884784,13.85413482189678,UNSTABLE
146.64606229096785,24.368101587882347,7.6195292840498094,1186.5654417797134,21.429127575053727,DEGRADED
141.8356512475698,50.25106488015548,5.091331771031095,1733.7810566015899,26.821312757243355,DEGRADED
288.3550557117223,82.27981817818588,25.9003370265767,1069.4779050263446,10.51148857980439,POSSIBLE_PATH_FAILURE
250.86451818294782,53.16127455901845,83.57690581801758,0.0,11.039945528492748,POSSIBLE_PATH_FAILURE
180.45633840534666,28.35009776692702,12.900175893884096,0.0,3.6697267005152616,POSSIBLE_PATH_FAILURE
69.79560482691693,20.246827295942495,0.0,190.5300948516874,13.203387518690437,CONGESTED
80.0472509727274,9.592455852776524,5.070451000046825,0.0,7.518656841056311,DEGRADED
9.862826335596012,0.67034380707792,0.06129808834361394,11747.959984463276,32.65772231931534,STABLE
201.95991107378993,33.1162620894315,8.065906066346292,1761.7614012722288,16.88358189716223,DEGRADED
274.070450309069,51.048438964031135,64.40229250914147,820.1981613341385,11.378208122169303,POSSIBLE_PATH_FAILURE
85.5312902723764,1.5402019337558315,0.0038473081081409344,2503.792675787905,13.64272463263604,CONGESTED
16.367393524311943,1.0039528134122444,0.23401116140756703,16143.682688661765,31.946186451938207,STABLE
208.95244141121643,33.54140151643452,3.782941814348943,1082.92069612563,15.291767984514637,DEGRADED
147.39552001166564,59.82778297020524,3.6779698437084356,1647.5174153989028,31.28502478106097,UNSTABLE
175.67031427728614,63.35868552367088,4.814322037329404,474.5288645687274,23.586948489665534,UNSTABLE
207.50013653332684,53.44872109414888,24.125539576989205,1468.0124153897877,3.4484704545021376,POSSIBLE_PATH_FAILURE
152.2295320639762,34.05078915856386,7.249738754964853,612.9173963190383,13.152017755902225,DEGRADED
38.36913528321314,6.032880201178807,0.045909121785527,15848.760332770766,39.01406328172385,STABLE
265.2278249876864,55.27852717880904,31.217462010963445,0.0,7.212875287775738,POSSIBLE_PATH_FAILURE
129.31776704438064,26.614072627775975,4.450438948112477,2543.4129389948994,14.173309493839422,DEGRADED
11.54954672030849,2.0960980402929827,0.027899092742474346,8878.79024882336,93.7964524088203,STABLE
86.55363203726507,7.523276610609083,2.0919398800729505,2483.6363608185866,25.899887627540647,CONGESTED
44.14594872014165,48.24767880605246,6.087351284795677,1241.7099983465264,5.4236957128961745,UNSTABLE
189.19422229154011,37.06777009199411,8.84633603444563,0.0,26.991803465520885,UNSTABLE
98.04777672685313,18.69241597858167,0.0,2873.061585532598,23.05792590102238,CONGESTED
65.60867989650359,19.613670848598755,0.0,3301.9697766395702,28.04099060810215,CONGESTED
27.297807364666873,11.606720749302227,1.0511865615116707,3880.7180241784476,51.96360799937061,CONGESTED
244.12631130720393,22.316010346118794,5.863977928949453,1248.733828099539,25.547300304019544,UNSTABLE
83.75657677350331,12.949782223307494,1.609111210174172,4297.949434260814,17.70919084734271,CONGESTED
136.30458848105417,45.99151591303636,4.405068153601911,4853.192464930466,6.078524049719739,UNSTABLE
119.73398896454029,11.392718651904493,2.1057761164849005,4775.857127579817,24.873645234445515,CONGESTED
289.80395833939417,129.3645035962369,44.318957562494404,0.0,10.570235854154582,POSSIBLE_PATH_FAILURE
322.75176880671324,67.67225131756071,18.826280603667485,207.0894276952473,4.787990755073902,POSSIBLE_PATH_FAILURE
22.41659719820838,1.8730571491498609,0.4458342717853693,3897.852873381201,24.738288115321417,STABLE
53.79103965937686,11.896275342654073,2.083918797298333,4885.435729920892,39.69626965934348,CONGESTED
17.034290464652916,3.420582582172293,0.22026664522424735,8389.728203694747,71.70972464492164,STABLE
160.04221813947225,101.89459236964251,48.276644633300656,207.4114671499251,4.845879424797198,POSSIBLE_PATH_FAILURE
84.73376254095854,6.042525756616307,0.0,3681.4104652581045,9.529426229691435,CONGESTED
21.570485674453447,2.781709696877331,0.34993643128873964,12248.36732638385,76.88402381385771,STABLE
187.44640703757238,100.47069263631563,5.951904837316242,3151.4094210164376,18.326291914063766,UNSTABLE
55.171087316547954,17.508429801690493,1.6170384870015726,5602.324968822246,12.92864973477681,CONGESTED
17.480226217931147,1.7674138236157841,0.0,5961.242852885762,66.09338998243653,STABLE
40.76980529053753,2.2287400369536776,0.27301967492016177,7645.999246415197,89.56658200880459,STABLE
366.8425199068824,119.45508125616703,23.00259210418107,464.7277874410469,5.578188943873179,POSSIBLE_PATH_FAILURE
169.33406384084788,67.23320337984606,19.377081371472652,772.1782529681639,0.0,POSSIBLE_PATH_FAILURE
105.6112030661345,28.69912873919841,4.534337637319368,1744.4880626934853,14.755972245921523,DEGRADED
17.542384999870986,1.4336402765696648,0.0004814838915131181,5065.352673660286,12.90898771416213,STABLE
20.14527881937569,4.623471419993003,0.12008087744224738,8530.002246208001,84.49258715199609,STABLE
78.51555071228024,17.760425783529605,0.11145473501718306,2153.854110595562,23.630027555987112,CONGESTED
119.93244603620208,55.15479941106666,0.29238521465819645,4729.91807257346,54.80233873124534,UNSTABLE
21.274035777051893,13.605705054186688,2.0534545424452166,2600.3863857615124,17.72005534046093,CONGESTED
273.612093894335,92.73030343905359,37.15730572823283,1180.1194555113425,13.29487428629328,POSSIBLE_PATH_FAILURE
117.99179164687857,111.60221403284862,0.0,1361.0642102405736,17.34371142800376,UNSTABLE
23.194002637912288,1.61613260765078,0.0,11452.681996729581,71.40068392168045,STABLE
67.54391108349748,46.62364774092382,9.398216854628718,518.5078729382866,5.48158669554252,DEGRADED
36.87350917936616,18.49318398359583,0.5878897730198376,1059.1150242776826,26.826324928550157,CONGESTED
0.0,68.51280984685715,1.9242153025704098,2152.3048597425113,8.746437285027467,UNSTABLE
26.774013686923023,2.3900535625738,0.7775038405207555,7486.376280320086,31.466131574044418,STABLE
102.2657276086123,46.75255643744452,5.514420770724017,1933.2983601900535,42.88482903491588,UNSTABLE
100.32808126163667,6.530025742987481,0.8959799653834178,797.5186541417565,39.75421121064635,CONGESTED
288.3267976440235,83.21643059032942,62.91903994552311,0.0,0.0,POSSIBLE_PATH_FAILURE
74.09305637645045,18.216467703448735,0.0,4145.9327654857425,19.871657971525686,CONGESTED
386.5795078035056,59.29576477830838,10.274636999693037,0.0,10.617953364211855,POSSIBLE_PATH_FAILURE
103.1532267509171,16.121201768009136,0.2219467560533288,5534.860117017629,19.693631361760474,CONGESTED
384.3464033753237,20.953167481962424,37.76878890647001,1047.1220561909843,4.075115370332984,POSSIBLE_PATH_FAILURE
61.093645243763945,35.99853871805207,1.6454567138910572,4380.218682465358,25.50009499322789,DEGRADED
65.24442704192253,0.24028750044065816,0.24695261894431675,1326.4506588781383,39.01931345670789,CONGESTED
110.17404547782287,15.41409242762139,0.0,1104.0886539741266,8.062967657034651,UNSTABLE
128.48283433353578,61.529152571975764,7.713523862553694,1981.228133660002,27.769382037748983,UNSTABLE
346.56637299364934,119.60389683769952,39.18892089509019,914.8730844976142,1.2566604034601436,POSSIBLE_PATH_FAILURE
75.12348309133937,13.975906391672606,1.3794915506185825,2517.4095491548533,4.400565701333498,CONGESTED
160.4984249369253,22.4484003461666,11.722997743608246,568.9211225319493,17.049735539038885,UNSTABLE
33.09550684860527,2.693948247587574,0.0016792712578579672,8360.90073738051,58.40307271788521,STABLE
118.75363490376162,16.71553237077156,7.1705865401864175,3129.145344774082,18.813451331766277,DEGRADED
66.49290530648503,12.100574743571686,1.9942561410406483,7052.589609529144,34.64629835620383,CONGESTED
233.55409174836046,56.55336450103805,9.412434196264485,3735.740808641451,14.897458918416614,UNSTABLE
14.055996478012649,4.523709548084927,0.402793656742077,5608.500372652215,87.07671093586214,STABLE
16.80893402989102,5.377568228707748,0.5062648463007422,8861.309959359163,64.58912948889325,STABLE
42.875967413585585,10.460846655944398,3.508120777525082,206.12570780711303,28.334572498000163,CONGESTED
106.431771581964,24.856491239692478,0.8844706620122627,7743.858614047464,37.4318197016,CONGESTED
44.16261171348984,11.903532992838912,0.3960121773977079,7300.752796358186,30.64424599368353,CONGESTED
400.381240073349,66.1500725108496,54.38459100177125,200.73517217285263,0.0,POSSIBLE_PATH_FAILURE
28.351112459145785,3.457540057857876,0.767914665626763,8748.055210135033,31.696664530349725,STABLE
16.43736028938574,4.228540876714128,0.5026005067864517,7147.453550552763,60.51540387389983,STABLE
180.96357188109306,105.8964320311074,10.304432586583463,385.43827477911304,12.335626177929187,UNSTABLE
98.81707193703926,6.284930591438961,0.3078168782322981,4930.326462165187,38.679844390802,CONGESTED
112.67088912318971,23.370249266885963,1.441650854813493,1569.979376714365,17.71580057837623,DEGRADED
162.47057787310996,22.076644190667075,3.1628102372494573,1855.4425915465038,9.616941771532556,DEGRADED
12.205176032745804,1.9233675942768405,0.3534541105757574,6954.3249027038555,41.1022076479548,STABLE
17.561038898226624,3.3389477423865213,0.0,9812.129146277613,71.82505884096544,STABLE
182.89397492340106,44.93482143118181,11.349982428696295,0.0,28.806143466833777,UNSTABLE
114.02255965319019,17.76273046483002,0.6121745877025019,4279.088428628186,19.825388516893824,CONGESTED
9.844209187924584,6.718989615246623,0.5136920360627797,7884.486839131844,46.63459989389404,STABLE
133.4140887047338,4.13320060845777,6.153452999990352,1971.5207718746979,14.027049014366293,DEGRADED
66.92049260602737,19.29497615848253,1.1288212775345865,3013.892587604538,14.491401505621301,CONGESTED
80.94724642810911,16.954031826254493,1.4792870043499553,3318.7575417356047,23.025271512196028,DEGRADED
69.19021808046406,5.782432271587391,1.5859452342128204,193.02200840965907,17.949615106726117,CONGESTED
9.849320942711838,0.0,0.32554972236511537,9222.338852223213,71.21056550545688,STABLE
13.077178102446723,57.05659719723747,12.24740399969966,2141.666027276538,15.346727014349725,UNSTABLE
282.9652500952842,76.56767862796191,62.52944818947961,48.261232336721434,7.234048314926943,POSSIBLE_PATH_FAILURE
25.196605733465027,2.1306010525537316,0.0,9670.897470046306,62.7085197049106,STABLE
313.55202309964005,25.184132199217288,59.745344446906714,0.0,0.0,POSSIBLE_PATH_FAILURE
74.86014692351421,14.877709941881635,2.2612795093936047,4443.8626944995185,23.06716632535818,CONGESTED
22.204621006212385,15.500808759790884,1.415830857915414,4705.557374081451,33.01557131019396,CONGESTED
49.88755451143972,8.477853653597702,0.0,1659.961998543323,48.34926316752928,CONGESTED
165.6903199444047,40.79121320762424,11.106243820224131,2650.9821415359033,30.06596029414758,UNSTABLE
170.63713795027027,87.61559049638124,11.721291162982808,1743.2556992562536,23.37182315390641,UNSTABLE
202.75327514542795,77.13100118894373,12.846848615497976,1845.3561511007115,12.562469701223261,UNSTABLE
12.380255416897423,4.008889295324937,0.3018925300140053,6874.939580719261,52.100054574036506,STABLE
48.98440732089638,14.347881602564074,0.6718741103374402,325.7889098319615,39.186092526890604,CONGESTED
317.5288253422917,90.02400896602116,16.576562612138495,349.3629777851282,0.0,POSSIBLE_PATH_FAILURE
11.87058904689674,0.9352059608903049,0.18633256197363773,15999.243054593273,56.77541137638397,STABLE
21.07880444343033,5.379244010575286,0.651352015576768,9818.52773799385,46.61909751652355,STABLE
115.20747736234304,16.51670662418623,2.757421325457588,3155.624719898914,59.37891039503598,CONGESTED
32.262929556489496,4.855484799102411,0.18746083163734625,9902.502759078601,55.66613491888159,STABLE
334.36016219783505,77.27769763729215,44.944113443912045,572.013029131713,1.711962711330155,POSSIBLE_PATH_FAILURE
21.792756349563163,1.8784916718245088,0.7346881378114136,10741.029727056923,76.55876534894415,STABLE
457.19411621058845,97.13788809667392,61.79152406352529,467.0087148067904,0.0,POSSIBLE_PATH_FAILURE
22.352761115882636,0.0,0.09402689245171753,9751.537016911341,85.74340485016175,STABLE
374.28713893946315,59.156980730836366,43.38099057786415,235.47123902359857,6.878818839220556,POSSIBLE_PATH_FAILURE
106.83060864098675,15.1717003293275,2.656957708186378,2635.5049484760434,40.11382064177102,CONGESTED
19.308620652738604,3.6480250483799597,0.42586165014466415,8197.550399040694,77.68375477425575,STABLE
83.05818857136494,8.837782607618305,3.997401293156956,2825.461004648581,17.191948239376334,CONGESTED
53.95918902154959,20.224779364583043,1.748228780730951,3030.317677888426,38.14993988579889,CONGESTED
95.78809437484253,13.887570012186865,3.690885704252513,5289.970345525799,31.825970612450483,CONGESTED
226.37041250748354,51.95497811069452,19.760254342130914,1047.547215323748,9.729652260403379,POSSIBLE_PATH_FAILURE
50.479022880069394,103.48903393621748,11.025896830214434,3958.5936584814044,18.38258633922534,UNSTABLE
39.13744300518471,16.58457623611026,1.0617437581933982,5140.251441770923,28.093897530993555,CONGESTED
115.0019681461298,21.802057734635362,0.0,2830.500117415569,32.267256026861205,UNSTABLE
56.001605140961196,8.66896965390148,0.5957912166860948,4567.651154979148,18.395625266897397,CONGESTED
120.80142670386425,29.22513223689621,6.997322798070702,3496.8430180656583,23.232422938724106,DEGRADED
49.050671692404066,2.3868687574258844,0.28736156033944804,11165.9155874626,59.94000713058921,STABLE
83.85403712705433,17.44557341585397,2.1481571603498684,3536.0304239303096,52.43221854605383,CONGESTED
151.18617288278801,49.99516391200383,5.034859253341258,306.91393564834675,10.01286166147918,UNSTABLE
16.685118279027453,5.339076294587768,0.013753584295823434,7584.526812849998,81.09067393084163,STABLE
62.552292142867245,3.3221558728193177,2.4208108112353255,9016.510468210596,22.520092223291325,CONGESTED
183.27566625891455,20.246104540160054,13.376778737350332,2672.749374834958,0.0,UNSTABLE
9.417189491623628,4.177406556430301,0.618827470773423,7934.786074422336,32.34476787814348,STABLE
62.10414579200439,11.104601488920068,3.0708731379352825,1121.5729064128932,28.318811336290576,CONGESTED
208.39136377491354,76.73524644415136,7.921115744232295,2671.179009290563,19.440432751881325,UNSTABLE
133.7704244741046,49.643264212449225,11.798181231522321,3678.7704293171423,20.037642655107895,UNSTABLE
61.759179578890055,37.011995513227816,12.615099909329027,1322.1680460654848,2.968766888798605,UNSTABLE
32.73523482557988,58.58441616253205,6.476052822088682,0.0,9.820173627452773,UNSTABLE
54.8350125633704,0.0,2.084335181264011,1699.3992396129684,27.87598604698839,UNSTABLE
195.04855930671152,58.856870104942416,11.884069874980613,572.8149959944392,0.0,UNSTABLE
218.66200210597952,47.70832847582435,15.189733508316209,0.0,20.77443556434306,UNSTABLE
157.48043832449528,28.122511438753058,4.2165792357226675,2150.0026394310253,29.966166845587736,DEGRADED
121.03941905913551,28.4452976323368,8.135328256292944,1070.6380218834804,14.541209617949718,DEGRADED
24.107532739322437,14.718366635365813,0.4581225911823432,3825.6858379947876,47.97931421407215,CONGESTED
17.151159336174253,1.6438569430130017,0.20216211811291104,9427.388380468763,70.74859540278155,STABLE
81.61542339310662,14.786451839582064,8.417725106422001,1288.9500124856918,32.80807296528426,UNSTABLE
96.63198429247998,4.160024607262487,2.1778696882615707,1681.9808098866647,6.391083118901626,CONGESTED
25.872591668027923,3.9502561346960174,0.06464739282817566,7023.663875692702,45.492114847435204,STABLE
101.78977993124194,41.37966442727855,1.9160248771921156,1086.4446166669002,16.000497636882912,DEGRADED
15.855269341641414,3.1816000472200954,0.0,8864.812059905229,74.02072053744213,STABLE
55.66081712886255,43.91563769024211,0.8064126097378139,2010.911511824425,19.18761155942509,UNSTABLE
128.52544388091894,16.377580923375927,4.503716043786246,2012.6502668622447,10.711170264850237,DEGRADED
119.28782815932007,40.749723609766015,14.710055513723766,2042.544090026484,5.540468230951275,UNSTABLE
356.59488589526603,85.66850652580565,32.62990832355528,133.50615060142792,0.0,POSSIBLE_PATH_FAILURE
46.10293529930186,17.774134268006186,0.8255137498678563,6082.807534010448,19.263712062162682,CONGESTED
36.11116148499621,5.031030432965859,0.6151161083578998,14304.187462664851,54.64974956169483,STABLE
66.85098918632502,18.215936840315532,1.4473888427700465,3705.129941907043,21.242827522249616,CONGESTED
52.488807467091476,69.89493008387748,11.427885149743863,3180.5773691856443,18.371874155216872,UNSTABLE
194.81887488232093,42.52386634853211,10.014228491897434,1066.6327393542315,0.0,UNSTABLE
97.09326951518436,13.525144059345944,2.420549798421069,3817.2986643107347,22.93551478592478,CONGESTED
259.37308799395527,25.97941672765449,30.541394994516168,501.0892175770299,5.433624228478257,POSSIBLE_PATH_FAILURE
139.6825232551895,35.97253471535798,3.764947973463053,687.1068136428336,13.841760282090162,DEGRADED
76.28716327544545,22.789154459871078,1.3308457662113795,5460.133449292977,22.446815383999215,CONGESTED
18.902658183698165,3.346014279304452,0.3751359635878845,10892.795921686113,40.13345746550627,STABLE
43.894449610596034,4.241498351905259,0.34515720621112456,3224.0533123912764,27.671674119466267,CONGESTED
114.3197480772761,16.554303393133257,0.6805904706413742,5380.117177888291,61.1975930130275,CONGESTED
94.11200022819513,79.75567480154136,19.156408615217643,917.789113530509,51.1671917616393,UNSTABLE
23.82276035199242,15.637381235306073,2.0460718282958528,5628.904749291336,0.0,CONGESTED
28.84415777575049,8.623305571909736,2.7717653099176403,5535.753970051287,25.989101947069425,CONGESTED
11.218476330712493,2.982410621028857,0.44815183988636664,8752.842210094286,43.6942714241093,STABLE
230.20570800388194,7.57060852668247,49.890399716814734,451.0834021479575,3.9746301235721546,POSSIBLE_PATH_FAILURE
0.0,47.66830655430331,9.82688153197734,2646.802220710433,22.85463689358637,UNSTABLE
16.41983311925571,5.264104576828356,0.16512000640689029,6588.153892471644,67.74323558232726,STABLE
278.27723093967234,81.97188708467002,29.55707056244537,0.0,0.0,POSSIBLE_PATH_FAILURE
105.2690713578051,0.6540371405803533,3.6656426355071323,2809.6499722007684,22.437272321731868,CONGESTED
272.01993250021917,110.73806506307247,32.798971809312256,1023.2424909074714,0.09336661568334748,POSSIBLE_PATH_FAILURE
33.03565067808087,5.582058110368271,0.3637636513217436,6983.134371386019,74.33262132946311,STABLE
262.50541975346573,63.26000711132533,70.26500890955538,0.0,1.1295818146544119,POSSIBLE_PATH_FAILURE
24.344236435458573,0.6399984430654819,0.019561756532298247,10176.125888925428,44.49185751979293,STABLE
111.52482931452315,28.681559591464026,9.517832371936947,2419.2920330414486,13.923429475030844,DEGRADED
167.22881946685163,148.21418669886015,41.983193119078976,361.04790821500217,3.1696523349467567,POSSIBLE_PATH_FAILURE
63.670236365139864,12.77979775269598,3.5883197128330298,0.0,38.71476792380105,CONGESTED
137.1331834905295,18.50008352341561,5.456578645315714,1988.7947001361774,14.121630105028078,DEGRADED
79.99076715400179,17.056702947038183,2.0632091594570263,222.4411739684606,41.95427563979608,CONGESTED
18.83119813591476,2.7704441019961545,0.3089789237742593,8148.734762420403,56.002408258033846,STABLE
43.29177837250879,23.283564313758628,0.6595242516408533,3574.59226851333,50.48986993741654,UNSTABLE
127.72123516725556,41.73095509774746,2.757436014908734,3389.8465587861892,28.70057205406433,DEGRADED
229.33695600324864,31.103555882772028,9.218498165276948,1078.5919994419955,21.04689211344634,DEGRADED
118.09634279118686,22.561580247726976,1.3666982292202041,0.0,14.905324218577013,DEGRADED
58.28609109308101,80.58499842713778,10.496588117442146,3984.010731660751,23.821059585855366,UNSTABLE
114.16926383597749,35.120905758370014,0.0,4171.679919965542,26.633188373244483,UNSTABLE
111.39996587666528,32.36245252868913,0.0,1553.590371103342,20.042321236985583,UNSTABLE
126.92152289779118,52.03178273292001,8.37071054576486,3064.8020984444665,17.45224760212318,UNSTABLE
118.88716359909472,11.766103390634822,0.5785961849241454,5354.333717482703,9.475029754644446,CONGESTED
200.96484319485847,86.27211333119018,43.840250238105725,0.0,4.0715023786827444,POSSIBLE_PATH_FAILURE
68.01989897529971,12.893751247454098,1.0074520907531825,4239.8408015766445,53.23767440068601,CONGESTED
9.302475887103101,4.947638143434618,0.2692016907141877,8956.005176860905,66.71691345771647,STABLE
148.5726665948187,99.27304342148423,29.607714915784808,19.492790699161617,4.646800363832209,POSSIBLE_PATH_FAILURE
24.111719180159632,3.493366299221488,0.0,9176.24057255291,59.573071618588806,STABLE
94.03159010616695,29.36301978901696,3.117987736647644,1288.4154883050458,30.7877061244117,DEGRADED
16.609669240994375,5.465803868205393,0.3076388251718763,10492.364743272208,40.758457398568005,STABLE
100.60525972693935,37.743982153422095,3.511124306348658,1411.4300249469404,31.868125706668476,DEGRADED
24.308210030078826,4.132375517149666,0.7466165664028528,10577.00041036505,22.20294681939763,STABLE
71.9617519544253,13.488081064285355,1.0028915710142035,3082.2594643549214,36.34428041173344,CONGESTED
2.9600713738962448,3.935639565819314,0.0,8199.398144246417,42.078223844484405,STABLE
219.38932949143975,14.224704610544673,8.458967916027166,1313.1893716447319,16.45731952214456,DEGRADED
47.388669342598874,18.168408119761935,0.0,4077.083521438748,17.908953197677242,CONGESTED
17.007352961147436,3.490742017990664,0.0,6130.242812024978,56.83957542506318,STABLE
73.43092822419062,24.501589464598016,1.0019542694597452,1781.1287853973256,62.34716292741425,CONGESTED
27.143964826306586,4.375522263199745,0.0,8927.645669213089,90.5506412951451,STABLE
84.8936976677929,18.540996202143972,0.2744956998208721,3751.749045366983,17.29332453613594,CONGESTED
311.07434182844986,28.257139611855173,55.52361099372865,259.7237809599608,3.488546126619882,POSSIBLE_PATH_FAILURE
58.88888690517254,13.43013055967143,2.2189067353983023,2891.765873441162,18.204882267315664,CONGESTED
391.003161242979,35.93747018795979,11.354449686952645,456.656015224363,3.8161684380462937,POSSIBLE_PATH_FAILURE
282.4795651770539,43.040798428240294,3.6585220743465463,743.386283649194,14.493957155011913,POSSIBLE_PATH_FAILURE
134.8364530359313,92.16550098185888,7.245640103173366,1625.460155044171,0.0,UNSTABLE
233.80655297828673,142.15573539781082,20.822575948274327,173.66989998923253,7.1646490595140175,POSSIBLE_PATH_FAILURE
377.3358005796215,68.04007890707616,35.97979856321584,138.21811296200326,5.6121309186103625,POSSIBLE_PATH_FAILURE
41.38499405532957,0.0,1.6212151675942599,4325.429038725731,26.97363517662314,CONGESTED
93.83258879106953,15.33743480983968,3.2846006321498296,113.52953170700948,11.0220141085154,CONGESTED
181.54763469575664,46.41979841367349,1.9594351277189723,1220.6489067543764,0.0,DEGRADED
168.74497509851832,35.87695235481432,4.37512953380935,3517.7094134397694,7.783091840912068,UNSTABLE
157.2414825719414,67.9360138158469,42.74012500089096,609.9996679605822,7.476598407634668,POSSIBLE_PATH_FAILURE
20.346118741852557,1.7676498316509524,0.23740918329540406,10114.820870846135,62.98968201479018,STABLE
22.85826139602543,5.947222784506192,0.6117027028599555,4285.59597357218,45.7519025329568,STABLE
59.208139595155046,24.815639522615523,4.590824668356072,0.0,20.07383630652977,DEGRADED
61.34594828413255,7.193440245987371,2.187393748065186,5719.678867369406,26.54589434348737,CONGESTED
46.5106950009763,33.694309982236334,8.44914894365741,3903.9411986229507,16.34709842291657,UNSTABLE
65.18683576191856,14.725819834438838,1.0084370053011678,2774.535714144721,48.59712977772499,CONGESTED
298.8186676993058,32.29536724515131,34.945749116715234,0.0,8.380581621661387,POSSIBLE_PATH_FAILURE
162.53490757893303,25.74079148840854,0.0,3380.1464249509436,25.712130007472474,DEGRADED
176.80633905004458,72.58993539929111,14.589838205128721,320.6560062648957,24.605765725017555,UNSTABLE
320.2224367938103,17.786885526750766,55.07076625226938,337.4091594972059,3.101648263432038,POSSIBLE_PATH_FAILURE
332.7455254076994,0.0,59.25040330545984,650.44899920027,8.310637675513577,POSSIBLE_PATH_FAILURE
90.29397746198396,7.28090931600552,3.315464009704243,4295.132386245632,3.4470763491827654,CONGESTED
26.653851089727862,3.3394130902856243,0.44459482165148995,10795.869717235408,71.18740134614717,STABLE
61.08867514182646,37.769566785198954,3.393923590187197,2308.3186677093086,10.17261761938408,DEGRADED
94.2398213904604,25.78857019296847,3.277522711740881,1802.718680215573,24.838804441457803,DEGRADED
99.68877730740152,40.39127615262254,4.549528887526058,874.999053930113,25.244210328396072,DEGRADED
43.80139117999579,20.57297022969958,9.276217766937437,803.0503178855168,22.953546692511036,DEGRADED
24.711362933999293,1.240715145264987,0.14887710282950536,7276.636869456646,74.31076103407999,STABLE
18.086956751183852,4.187109389811133,0.20483882458280117,9342.183301723462,61.91390755192512,STABLE
0.0,29.305745625974502,7.3716552161091276,4355.309422307206,4.811704736477225,UNSTABLE
122.4377653511142,7.641182372826781,0.9279679140426754,892.89192835729,37.86325357894801,CONGESTED
210.5756093280783,12.633441068951543,3.9352160822422464,2589.3153892436503,26.985416671433484,DEGRADED
381.38543661186384,35.75873273551367,22.86757568652198,471.54938572904314,8.242646401182377,POSSIBLE_PATH_FAILURE
93.4591169328657,100.60856962750154,8.636133330570193,1903.7385244080979,35.83961296365543,UNSTABLE
23.407914080021058,1.531224485217398,0.006541908008801139,3533.983899957124,44.53609766314246,STABLE
0.0,0.8565973462765113,0.09028496430613724,6359.133841241355,59.976600219862505,STABLE
145.0305049357935,76.87275150689246,4.62509146665829,1440.0707215143734,44.33442636050661,UNSTABLE
5.231421831542683,3.1069158252349482,0.0,8626.661907321257,62.810819898360805,STABLE
31.05993369907298,3.5639117347883142,0.2193768970829665,8765.003064428038,74.81285419686148,STABLE
225.83629582741332,34.44731214347382,7.154526868084218,1055.4982802357029,11.933271083667647,DEGRADED
65.87002102173908,6.7481951390261035,2.007965381050922,4054.5737621253447,23.21764840509167,CONGESTED
18.689133493122736,3.2918765882895484,0.49114939425911924,10468.1441543621,49.168482764114444,STABLE
126.93388320612782,15.551367992173557,9.86916271605066,2087.2992321721813,35.88777691673642,DEGRADED
71.85609086730058,10.738453489359431,1.0527039596306136,1617.7218752089475,42.65223112455925,CONGESTED
220.45459299168277,31.793277405092635,8.646762801557616,2605.8372575768108,9.17722469999402,DEGRADED
133.59351997598273,30.90452669331001,0.6066922390637028,2696.6013584575026,21.127188410854867,UNSTABLE
32.479499850594316,3.4213337554492407,0.16248667524203475,9841.559266568358,53.667543898762844,STABLE
62.784628030762654,11.386517442685879,1.717044271698784,3754.9317928614264,21.09740670818978,CONGESTED
7.12577418725969,3.5800807929670704,0.15307355625701044,3164.5573944742373,87.44774868287152,STABLE
177.32670515905843,30.106547221824826,8.11152490026665,0.0,37.51434996241405,UNSTABLE
11.777499827096797,3.3241191181257497,0.7257942663652817,6388.9587792289185,38.010762264389925,STABLE
134.83066374200928,22.887810350326347,10.038860328050607,46.33153210006185,43.44563532459667,UNSTABLE
165.96374026490201,10.898672910400556,7.795986180015461,1531.099614942698,41.2620494706013,DEGRADED
71.82312229292832,9.56936896961646,3.760224756412853,3152.1499877027,35.644985203467954,CONGESTED
78.73677964338378,18.471577759899162,5.196836831651565,1018.1949766185378,7.6081737186224405,DEGRADED
78.09958208566013,30.32668741715933,8.30626326249136,2633.699687676319,26.71815873877099,UNSTABLE
78.83685374664284,54.26685484131504,4.279923955454401,2604.1165601651896,17.93889510973622,UNSTABLE
297.83506056939865,68.48194668686244,51.56769291200756,652.283379658779,9.60454565433124,POSSIBLE_PATH_FAILURE
36.39012991791737,14.521203041179525,3.255934796085543,2479.969237692878,45.83147865371019,CONGESTED
66.45272503572141,14.710376073741097,2.6070098873976786,4655.830933132131,30.78444490816843,CONGESTED
56.75163665456522,47.902271488683084,15.72067682459365,1965.238333196579,20.760551012592767,UNSTABLE
99.53247037137827,29.75160552569046,11.034388642591743,625.5918180420551,2.601165594320385,UNSTABLE
85.93353242154319,30.530581057847808,11.255433196901595,1898.2639143280048,14.632224431182022,UNSTABLE
16.929167816654232,4.257592587220606,0.0,7600.749322125466,77.36132997702344,STABLE
81.38951093341443,16.238357710094014,0.7048618197911846,4966.106878612699,16.135759239234176,CONGESTED
324.297859654578,81.52371141213091,45.94430191194891,754.4891448243461,5.126105245286207,POSSIBLE_PATH_FAILURE
226.0154994315428,51.57886402042502,40.096517355008004,309.268099053719,6.4985849280608345,POSSIBLE_PATH_FAILURE
92.38173692624818,63.235605559367016,13.67151205515988,132.0859780937858,14.673928652907605,UNSTABLE
300.4857607374628,96.16095395381365,10.506229552024912,241.2094337570165,4.392738869782295,POSSIBLE_PATH_FAILURE
190.51615015838678,59.42698198154547,5.621765007245335,2645.4801125605936,27.06128969470286,UNSTABLE
104.55818614741162,5.4447840973673065,1.148338555917741,3762.2985695461703,13.841231622846976,CONGESTED
124.2612419001855,43.487437061006815,9.164036037280422,4436.069789783018,25.51138131393286,UNSTABLE
206.57469108228352,50.51840648973391,8.620355321702945,632.7446417240266,18.846285689955526,DEGRADED
283.8792948507319,96.2024801952672,51.97779017805014,331.2775627113974,2.6526874390587123,POSSIBLE_PATH_FAILURE
9.643462471741884,4.124545743828986,0.16752999850310804,7420.4607772930485,43.40363235584941,STABLE
185.43965311994845,31.45050850617472,5.26308199475066,1465.4412812174578,9.937337432157323,UNSTABLE
43.62802643968003,76.57685999222511,2.0330689381626,1078.9448530074958,1.4446589639812508,UNSTABLE
142.35018539242998,66.52951663886896,5.3815427256511335,1333.7367879332273,24.33856923136454,UNSTABLE
285.02972944402507,42.0109599213863,43.427583008419184,395.2798606037198,4.411279172643585,POSSIBLE_PATH_FAILURE
165.71784814102216,77.87839758963291,13.4261900854621,690.3599345456137,33.04727466381515,UNSTABLE
184.3653174061184,29.664055399009158,4.145557895927146,345.3849583930803,19.102993049309966,DEGRADED
323.08577769553074,34.15472257215905,37.51910279162318,793.6133008536676,5.131015200858314,POSSIBLE_PATH_FAILURE
161.87712954888912,0.0,9.70225243666621,0.0,15.696694273166736,UNSTABLE
83.1976089978925,74.76401401623347,9.920339103847613,0.0,41.068996449381494,UNSTABLE
156.25847927802545,61.73082225230308,0.49342463259917757,3893.667053541999,13.984363220137988,UNSTABLE
71.61172315256681,10.301776914774099,0.0,5361.542172380187,35.857373029256976,CONGESTED
83.18940265917635,30.14397836309137,22.166425792058305,393.56644864177406,4.909965388747767,POSSIBLE_PATH_FAILURE
156.5751408847596,34.395166532273095,7.258647357683426,2065.0924095773207,7.521908087844807,UNSTABLE
16.28283303414305,1.2575678559483716,0.7330159541352861,10017.82450802069,66.74986277637679,STABLE
284.06000892371816,73.10335313964929,32.96018076592263,413.7610883245788,0.0,POSSIBLE_PATH_FAILURE
25.40687779763612,21.314202039974838,1.3243803313914357,4336.6019517809455,12.178980684338338,CONGESTED
26.985663453715052,0.21265503126765672,0.21919331341065643,11202.308657997995,59.7741830607834,STABLE
261.35246246838034,39.15035348434882,7.836714825925455,720.5304028310259,6.302014228716255,POSSIBLE_PATH_FAILURE
203.62045334737692,77.58535742581022,2.1763350830132016,0.0,42.20117835755008,UNSTABLE
123.39179517073904,30.843575968817397,2.1592230318293426,1918.9272633476476,0.0,DEGRADED
178.26946240804267,56.77465220393935,31.54677235676816,454.385262678834,7.856809445757172,POSSIBLE_PATH_FAILURE
88.35558747565341,21.182386808723454,2.957620618671518,7930.65754524347,22.892218000841687,CONGESTED
23.6653140723723,0.0,0.3264850489729489,9154.02586547369,42.05158558457134,STABLE
142.52952290591352,45.48420503829407,10.116930836954012,2614.9648551295513,0.8661560744593721,UNSTABLE
191.86588733269105,31.249307323184,6.013390623910975,649.7958028368279,5.295193722577098,DEGRADED
195.00524717478524,0.0,29.685390869797494,447.95154840608666,9.07345386063005,POSSIBLE_PATH_FAILURE
15.929217636496748,0.0,0.0,8606.705417878835,82.16695155760078,STABLE
261.3938601979098,114.17870613641344,39.778767715693995,0.0,0.0,POSSIBLE_PATH_FAILURE
99.16957905475596,17.561702507823718,3.4470169657037006,5325.360424477576,3.1946773046872323,CONGESTED
229.45441371391357,92.9614806542688,32.2792629172621,6.81026480098194,0.0,POSSIBLE_PATH_FAILURE
7.557941211391306,0.7781378095685589,0.29613485415381136,9611.940709496643,62.028000668105136,STABLE
310.19548170729234,64.17915581647357,30.596245948281187,403.1762408218786,0.0195253196102545,POSSIBLE_PATH_FAILURE
223.64508154926273,35.4459098449339,44.19260555653469,1037.0696965197967,8.155786157806993,POSSIBLE_PATH_FAILURE
13.239826943186312,4.741645540733278,0.3326666186109799,7803.678763105584,64.9744452063804,STABLE
199.72892463332352,73.50418501736608,68.43112829789281,0.0,4.3662437990689,POSSIBLE_PATH_FAILURE
136.7399517906249,36.980408603049604,0.0863195997166546,2045.9925373567726,14.421451602313525,DEGRADED
308.6483415764252,50.47698886245946,45.70719892173182,0.0,12.521802678269058,POSSIBLE_PATH_FAILURE
160.9689262980359,57.9891478905008,4.934486235668903,3366.066215742051,9.890660379143172,UNSTABLE
30.684715559890385,0.24817282279689712,0.523702891770834,9064.905283583763,73.22956789290961,STABLE
23.415555509405095,4.019796496953071,0.0,7144.966437775649,62.96446192366957,STABLE
35.35755991995992,3.1883661164646244,0.4983051404372955,5960.859078820096,68.3899454461943,STABLE
85.47794962534383,12.166131726456436,1.0582954688561206,4387.814314248987,6.561664499381852,CONGESTED
26.328579146073064,1.9659715500912796,0.18150040423803776,9782.914018330874,74.08823337112197,STABLE
85.76063219950413,11.337275932153716,1.5897184990738467,2516.853587935006,26.972922320670335,CONGESTED
238.25598782230998,31.480137942560837,10.534441103465294,1625.6405379156254,14.444587955353445,UNSTABLE
38.768446112816704,4.842301492789584,0.6398608458877045,9577.524943138786,56.59761617739683,STABLE
87.65950366061463,18.583116444937403,1.6750325169896505,4922.148882402285,17.150543115494784,CONGESTED
329.9398050658947,19.284104718085956,30.638450653261526,398.1477296007204,0.0,POSSIBLE_PATH_FAILURE
95.42554516045477,13.621769680246983,1.206799930471595,4216.637018614982,41.127344243002135,CONGESTED
205.2956344969728,69.68614662790482,20.14952684571745,721.8476563620004,7.150405901957691,POSSIBLE_PATH_FAILURE
243.46937437610526,72.28401720336895,48.78473709429555,119.6941448317142,2.1919520565199697,POSSIBLE_PATH_FAILURE
15.162220019514876,0.0,10.90518683527731,2062.321493221296,43.245767081192355,UNSTABLE
189.49287841646662,33.24352612310979,10.386654739287067,559.3469633299229,6.469059855216989,POSSIBLE_PATH_FAILURE
65.11321455158077,34.59616983461221,7.418239673841853,1186.582918871647,11.254006460946282,DEGRADED
65.7119747320281,56.41155015020645,0.0,2094.436701624105,20.56271197011546,DEGRADED
69.9746691865846,16.448199185585427,2.0045784152832,4930.490658151959,27.534939879732143,CONGESTED
276.68750326153537,51.678831610460676,50.277171571152536,0.0,2.9211879425720264,POSSIBLE_PATH_FAILURE
89.18346744301434,22.657915788243482,2.398751397838274,5181.766063521747,44.11752666080674,CONGESTED
52.55378392687388,99.1413213958988,0.9161162306786998,3711.9164343773227,37.058858905245174,UNSTABLE
132.9995852765131,43.35114393979744,8.575699532536534,1433.216228553552,26.137659875217274,DEGRADED
34.714919729931566,1.7549196946688939,0.18100404208671203,3150.6297107315067,33.195832299379035,STABLE
187.0431248885073,43.59391536064588,7.590944003793813,260.24364342470017,9.288684287873483,DEGRADED
26.62665970385484,4.785711632645911,0.5507810327210514,4666.747388379803,59.40337838110904,STABLE
80.65091208802193,38.871606971910765,7.8720181916130905,4799.128835700134,37.97027420251263,UNSTABLE
307.2464178419782,26.913079963659854,40.20382492873367,0.0,3.7575942011528993,POSSIBLE_PATH_FAILURE
110.27252341035943,15.3263480110418,1.4979806274060339,5366.842889615515,24.30802240979702,CONGESTED
22.267860461091352,0.0,0.38322264673885825,12302.275006674681,82.21125480585536,STABLE
200.13430473984562,49.40752291958398,16.559191714384042,3110.6525052469656,30.121584319971646,UNSTABLE
149.8124016682973,22.445083249256882,10.68786589954492,2246.942684451543,8.627331010637645,DEGRADED
93.6080588029566,20.783558427086,1.491220640766063,0.0,24.055568498368302,CONGESTED
319.3638528835313,111.79974582999188,85.80676861194104,758.1566466937368,1.4771792277291356,POSSIBLE_PATH_FAILURE
140.21612445085674,40.26025344322588,3.6500509651124577,1116.791127354671,20.554918043214784,DEGRADED
91.19807993511914,22.954357503487714,6.279284462377989,880.9386494781362,23.169598714343742,DEGRADED
120.87604170627043,29.52946605806887,2.2952195834140596,1608.3382624521387,11.989226607992308,DEGRADED
139.38480660358616,9.92929427620112,8.171987128957586,2425.9360012597044,25.90110407696301,DEGRADED
123.82439038368555,115.59796414137759,12.557718394618886,614.5511872739016,27.63483548741655,UNSTABLE
119.36510749597588,68.96625601606675,62.9241262768556,709.2179249163968,0.17610217547762463,POSSIBLE_PATH_FAILURE
153.17353081683552,24.70492488319882,5.585149940585235,1698.1499361409467,3.5468043660883897,DEGRADED
153.14233035136724,22.501265935099838,9.769598515474724,1249.2187582652646,26.736242765955815,DEGRADED
89.9991887849822,70.4321830624017,13.606159637194349,2382.9616122460448,38.79158016437286,UNSTABLE
153.67429278919815,36.86787336443969,3.9466227865247996,648.5728309441432,17.134623347651246,DEGRADED
112.96485065468414,30.884516026641403,5.220485444430376,2483.000916511252,9.878347013851435,DEGRADED
380.86293829030404,119.32561836971314,24.347598618531105,0.0,5.3070399209451224,POSSIBLE_PATH_FAILURE
166.9448493756197,31.59467027351852,9.473490735247982,5333.39768916199,28.65960961300504,UNSTABLE
212.0945717300636,50.01982504257229,36.71699280434756,586.6213287747785,10.080692043811208,POSSIBLE_PATH_FAILURE
287.00476976442275,91.50222104014424,22.00386355925174,341.9024007526934,6.857499388674557,POSSIBLE_PATH_FAILURE
0.0,0.0,0.15379000502724005,8738.033365880474,73.2643088051299,STABLE
46.327951447834764,44.8981183999515,14.468284039481155,5181.224619282435,0.0,UNSTABLE
31.65307535547177,2.2439214165370465,0.0,13485.579448321467,87.41489014949956,STABLE
24.463221475430636,2.9857662897429686,0.2355992509171988,8667.308894971833,78.5445297137758,STABLE
74.924482614815,3.862882884415024,1.489500723892088,3225.544551185145,21.95035824355236,CONGESTED
104.26433165883073,39.24758231438235,5.490369402256697,3038.1248170367644,0.0,UNSTABLE
82.9757996675729,22.0632142321296,8.789073730343071,1876.5125906576175,18.247817654643427,DEGRADED
166.75276267140185,32.66534064397142,4.2610588292533045,1848.4785201332866,7.480586554059906,DEGRADED
218.41052562406713,71.59953033584263,10.357979089174666,426.92341460039404,0.8982992825387814,POSSIBLE_PATH_FAILURE
73.75342358070486,64.11888237979078,8.649674251031993,2616.2178545970746,5.69605937563033,UNSTABLE
171.1139561259109,56.17632369557189,6.778220330794014,635.537088977324,53.27803787987807,UNSTABLE
155.53395193062744,72.4665123913099,6.843810413075379,2860.4058824644044,1.5779197309255046,UNSTABLE
350.80434977604705,74.05020404229856,20.595363248841974,901.2134183402211,6.014495285809362,POSSIBLE_PATH_FAILURE
14.565044920673653,6.8058149245483355,0.21235400610475325,10939.380751124774,96.07860966505736,STABLE
33.82636196435997,7.361439029069518,0.8598996505001985,3059.4550871541114,43.13047006100203,CONGESTED
86.81823446244364,11.203221282356044,3.1767936749633927,2139.00264417005,7.541618390349704,CONGESTED
19.027134015865105,2.9731684261503823,0.06068588234136549,7774.6541294015515,98.27572080136846,STABLE
48.93794893578183,9.190065760115045,1.7227362092291774,0.0,21.51249413721733,CONGESTED
315.7060400580333,43.51658676507731,40.20698872164723,0.0,0.0,POSSIBLE_PATH_FAILURE
3.975206547874805,114.12389019620977,11.095984594985445,1620.1692420919962,32.57200513690076,UNSTABLE
37.982818716473325,14.029633342963276,1.7789417342638847,686.6344670496519,45.17937582729508,CONGESTED
188.75697008361016,77.03073879300332,8.112562308467169,318.29585773439317,17.709289476128106,UNSTABLE
17.549393488092978,5.142609077859231,0.04332845613724798,11740.355915888349,15.492736258040345,STABLE
121.97306559910473,98.03558722772252,5.85973368402591,2079.63117923949,7.413942930213853,UNSTABLE
166.0792518070366,26.328338774131094,4.911059033235881,1400.9538575017643,23.48494174916205,DEGRADED
10.499779450894188,1.0071627479952208,0.6565101358210876,8553.570080265366,75.70121836499972,STABLE
275.7304677271539,107.90625965054929,39.45800561280101,580.5719652014618,8.172641074937177,POSSIBLE_PATH_FAILURE
253.15222571496562,95.44226307937139,41.05777710982026,508.20808687925535,0.7995789129151154,POSSIBLE_PATH_FAILURE
431.62634981870565,71.73213234567004,75.54397363403255,316.8520250288816,3.336151114807139,POSSIBLE_PATH_FAILURE
206.0287879964377,78.39450158920326,13.796291999599894,0.0,0.0,UNSTABLE
330.9207978167107,107.13180944601254,49.336448222974134,0.0,6.266268811106453,POSSIBLE_PATH_FAILURE
195.7822985475953,97.67706904816026,12.853969715709063,1014.2491366534946,25.208339376833134,UNSTABLE
24.775293372667953,1.3065118142319598,0.4477012859910978,7278.869705989464,82.34211622912062,STABLE
70.53268725887777,13.425803202250135,0.0,4497.265195486144,18.503775195094967,CONGESTED
83.13600391801421,19.30624642543539,11.037759300891523,0.0,21.154477064475728,UNSTABLE
165.47450652197705,34.30373356256989,19.56846360601002,3378.5174712423395,14.328807650885734,UNSTABLE
156.38389642377166,53.98204997807657,6.539724473804393,1588.0011001132618,12.28428179455604,DEGRADED
56.53064924714617,57.752841425857866,2.406820341031737,1594.4667440566755,16.83688717692668,DEGRADED
311.5609739140711,76.90113144711994,34.04506285414356,412.47698279076644,2.3182412623819273,POSSIBLE_PATH_FAILURE
198.61684391196934,12.021083715475832,5.649371130360905,2235.060523858614,21.81090280762803,DEGRADED
21.103957256122186,3.9171182724243376,0.4623027285339162,7377.192195904356,75.65036361344796,STABLE
149.87726062719454,45.49886799973188,7.418967278086586,2612.721226269573,32.18451541822408,DEGRADED
92.58187416141419,22.616373365723632,4.652377707625294,339.6062118908603,29.294654393145485,DEGRADED
194.377948689015,71.43399944431096,0.0,2946.191344830757,11.12094193013807,UNSTABLE
107.12890862344632,13.285880915529047,2.7462825568948723,2707.856590849102,41.35849720706618,CONGESTED
73.79533831726023,30.072087723809272,5.018508096002708,518.3084825894754,8.69915046313767,DEGRADED
91.11427149291198,10.680054493719737,0.7137226572739886,5094.892434789244,42.04085188463898,CONGESTED
100.60667946078598,7.849797513394016,5.128839649798385,1826.9709491573867,21.416924427555557,UNSTABLE
107.33253905314389,3.703590633430334,0.0,2943.384696889128,39.972029363176304,CONGESTED
59.26265296608682,102.96991128382314,20.73010659313186,648.7180419803268,4.366171308486962,POSSIBLE_PATH_FAILURE
307.86975159505994,46.85488272394424,36.459154782703195,249.834262886198,5.631788001109652,POSSIBLE_PATH_FAILURE
30.892174967107927,8.828489296830838,0.0,12771.799058306446,44.3453217680541,STABLE
45.5155498952677,3.125204675149428,1.1361011647073835,7001.850420556218,15.35091771844317,CONGESTED
265.58157341124826,47.945699412536655,20.242906949325253,53.97685307700277,10.746507917856778,POSSIBLE_PATH_FAILURE
408.53975174373056,144.537337962579,12.652848621849614,240.34433780877066,4.475100690615831,POSSIBLE_PATH_FAILURE
29.001845640199633,0.8962254542031727,0.2084980235248823,8436.08244732849,65.83422018188213,STABLE
20.063390623622684,1.5479698045980463,0.0,8010.891114684998,51.19821978825736,STABLE
206.3093520834319,88.8012739761776,23.54161640407503,969.3649721107224,2.407413140574273,POSSIBLE_PATH_FAILURE
0.0,3.87798205877779,0.10383788649873567,4729.0002676166305,54.71162574550593,STABLE
89.08347118828999,13.065908259727815,0.57204422278639,4904.995740780997,26.27039019080494,CONGESTED
325.5145283407833,43.63108472268793,39.43865411916211,40.54755244035732,10.431018651742683,POSSIBLE_PATH_FAILURE
24.94556655322853,1.499996527502977,0.5237946969296362,8765.270433704087,93.47948990542093,STABLE
55.97677497802405,14.862465545581268,1.2451941537488826,3300.256193605594,29.727848311738864,CONGESTED
25.411316108045312,0.0,0.06124358481715239,8356.705286835819,83.11502074996837,STABLE
89.67893967617357,54.88984876887598,6.90075902552024,3176.9635416276606,19.04294395845146,UNSTABLE
140.44046051992402,5.001305455578759,10.342491646284257,0.0,9.610582918258691,DEGRADED
16.643926318813538,7.749213100052863,0.2235853008595363,11044.279015657281,59.15827896727227,STABLE
90.2707419994616,32.59084825708902,6.537635312300404,2090.179461136281,10.191606333002554,DEGRADED
162.57206284317465,66.91459508036476,10.766865117096037,4451.5098264237,39.51054957589396,UNSTABLE
328.5405161857781,89.4587500042266,32.79546510004949,234.81344183389106,3.355388293059325,POSSIBLE_PATH_FAILURE
127.76028033207723,29.91852065562797,7.070750403727646,2976.7635746002834,19.551140856090583,DEGRADED
31.280188573493028,5.053811492641239,0.2556539919754231,9250.35728115019,72.80604735331472,STABLE
6.018903402011492,4.394976623842,0.4198725672312604,5792.13049349085,67.36293110396814,STABLE
16.355617477355388,3.4685967207537955,0.31257724345002075,9971.37920319804,70.15323537777435,STABLE
61.138800100592945,9.833889391642249,2.5980942292490647,6627.576379376769,28.59694300945397,CONGESTED
158.85649494237174,47.656786245905835,7.22204310198606,989.3452418224762,16.537780703876,DEGRADED
88.80448095299619,8.664873544055986,0.4428251752371981,2076.6998553972016,14.400478896093889,DEGRADED
121.8890571694134,35.13025064910738,3.8957985657085716,1358.157306847093,10.533743258700945,DEGRADED
429.3293868976621,78.75386384740928,0.0,191.65360999609186,5.892827976982519,POSSIBLE_PATH_FAILURE
250.24329713824,92.87389682008411,28.0467246335461,195.55553713318815,10.103176329418602,POSSIBLE_PATH_FAILURE
149.81095998341982,7.817848373120825,3.6204568470609297,2666.5941133849756,30.52923529096758,DEGRADED
135.36679133924852,11.927601084489446,5.583030393445119,2495.1019094917674,0.0,DEGRADED
134.18661462202311,30.54540631683964,1.5428894719855735,207.93617294952946,11.115662496102182,DEGRADED
128.29342842925635,41.15097324414285,13.90530314736719,5.858092892307923,33.69295230100383,UNSTABLE
13.288597226034188,4.498445854401709,0.0,11999.324450860426,68.26959088111442,STABLE
329.9883520285965,88.6314256694636,52.779061378544384,54.91708595830005,4.252600516297784,POSSIBLE_PATH_FAILURE
61.15424906081467,20.562296749435248,3.493155664873,1304.4095578223837,23.836842341701598,CONGESTED
110.50111540793742,40.09428916587421,5.816298656071018,2604.0002789730675,18.601340328445794,DEGRADED
116.16099627278601,8.342652886418186,1.5546693853363145,3004.32980643711,66.38730291739836,CONGESTED
64.14285744181588,11.846164020700966,3.119304260380421,3715.328628571066,25.496812023599617,CONGESTED
1.0452578479303867,33.2663735079842,17.06734344786137,4800.69955472463,17.38666732871257,UNSTABLE
140.26274013924765,11.169222114181316,0.03547065497623514,1515.3720001828608,4.004624908265152,DEGRADED
73.35011190419775,21.358362795007743,1.679793238242833,0.0,22.824454264914998,CONGESTED
99.72351102782028,27.313063947532775,4.78477823783078,1065.574934150426,19.99616052198177,DEGRADED
10.771135581047325,2.8897958019154215,0.27279328139715864,6666.936123276662,56.79246728109473,STABLE
2.1638887028581664,3.9701877369942253,0.30213213305046366,11421.851329808895,70.18235138101937,STABLE
22.637172043565194,4.7561171578164,0.0,6547.282104709304,40.48323325529983,STABLE
33.000445946989586,2.913732820718185,0.0,6380.39945282545,52.401963517828925,STABLE
279.3080983547946,79.31328185410699,14.911972736891514,427.64161554154464,0.39339632451939366,POSSIBLE_PATH_FAILURE
44.30358751670259,109.28457650338076,7.141738869761726,3053.315124665487,16.479783048799693,UNSTABLE
262.44330333956657,15.358813223786271,19.47871599515853,399.0134273194083,18.221992268950636,POSSIBLE_PATH_FAILURE
62.738420646488755,10.243972239888864,2.566612534625315,4453.642735905554,36.69123206461294,CONGESTED
172.00370416804273,28.286385077209005,3.6731585628798804,1007.6245604424555,23.257275031749195,UNSTABLE
383.3386552178647,157.70374233446628,30.11589429303078,965.269356828818,9.712880812762421,POSSIBLE_PATH_FAILURE
19.288264529211375,14.258427428923369,1.5971102799025947,3916.2035767301372,23.298120517029503,CONGESTED
8.667127859965193,5.898689602472607,0.07003020301309365,10316.745105261441,63.60670681327828,STABLE
112.78556997331225,8.091029504884347,2.0217451514575906,4440.895675129029,11.826522997833273,CONGESTED
27.01663648089567,4.019641415552236,0.5646447249493081,9094.699986223997,60.247222638105185,STABLE
219.03759767420001,13.793081278248195,5.6142909043491525,3719.435975737758,15.617918620010517,UNSTABLE
23.398753611927038,3.185358892058008,0.20239820886464402,6235.037626651951,52.34679478271596,STABLE
58.71922777733932,0.8556789977105126,0.5749605934855464,5123.069146380241,39.96245884271585,CONGESTED
277.0231271491814,23.536048824355845,7.6750244110542845,0.0,11.243572302395243,POSSIBLE_PATH_FAILURE
158.8329238674092,22.429359529335915,5.70268907433851,3403.652241338781,30.78958181254063,DEGRADED
28.070082819444707,0.6761311872398248,0.5197055524160143,7822.69647338785,15.801110807675812,STABLE
186.26420056493222,109.13396143178957,46.761252808047374,593.9217964918462,4.954712118119801,POSSIBLE_PATH_FAILURE
149.49556076569394,38.180812674445555,9.226750805364304,2851.8146209052024,23.42935279488359,DEGRADED
258.30713066666664,21.341420477838163,38.438328556017595,440.92209282642324,7.481051460941574,POSSIBLE_PATH_FAILURE
205.16963244026763,9.140267153602785,30.27558829747283,249.99594436634987,4.189206373789813,POSSIBLE_PATH_FAILURE
54.10493608630923,19.02298256056053,2.520736307482953,3494.250290796083,25.200011905892843,CONGESTED
70.66983607798596,13.646613416365259,3.456331260874035,4043.9842344439903,30.461760506901015,CONGESTED
157.56677343641798,71.07154275829458,37.24435195624372,134.29869710679583,9.191432553547488,POSSIBLE_PATH_FAILURE
190.1273608985223,64.1713429735933,0.0,4086.8043746048816,20.10326416218868,UNSTABLE
128.28586119872364,44.47236532190193,5.820836365018443,2109.5868925663995,12.65025145517195,UNSTABLE
340.717033389829,78.97705071676037,56.537537623627486,60.80076344676644,16.0226403077554,POSSIBLE_PATH_FAILURE
5.831579074031259,4.206013706853353,0.0,7807.197744954797,86.20859001663035,STABLE
168.0030402314198,116.73916991817967,10.71417926193672,5093.517120617502,13.71581734974011,UNSTABLE
419.3568309663888,37.76183430725536,46.97113553043569,14.299769442548097,8.434130617371991,POSSIBLE_PATH_FAILURE
128.64332597402517,16.47660200726942,1.7501014342365382,1502.6343307841676,12.17066253611179,CONGESTED
150.93891020588202,23.520754458935567,2.7155425127632316,1590.2843479428377,24.546743815611467,DEGRADED
123.14915295965949,127.11719588604674,31.847428269363043,379.86697437623565,3.372082098721126,POSSIBLE_PATH_FAILURE
36.162096816512076,5.72770064986538,0.5058532752993888,12092.626354606173,26.36388486744641,STABLE
101.76653365876115,72.43108176257313,10.147029189116633,41.186377743794594,0.0,POSSIBLE_PATH_FAILURE
23.970333000154913,3.992686068681463,0.3942841931658685,8576.643732446586,0.0,STABLE
121.8443616453354,31.530922687211888,8.276558986503256,254.85097823779392,27.460295570965798,DEGRADED
22.23595548774682,0.0,0.06257545949956173,8017.367656034926,72.61224724966667,STABLE
0.0,69.41627193703992,10.953926451379257,633.5651684811362,16.24775150104085,UNSTABLE
264.1366881444398,66.5430297663536,22.23981806156148,10.669651002691467,6.996303669828524,POSSIBLE_PATH_FAILURE
33.20661655528167,4.2967880224774255,0.41954401829626636,5391.3830076579015,76.44458631120713,STABLE
129.64190640911116,13.739847086588636,1.5322218673317822,1739.6822707255012,22.025328492652797,DEGRADED
118.6158685005946,33.92928188472692,6.957590518097075,2981.5428738987985,11.82141738624297,DEGRADED
159.2262642324847,29.0373176604182,7.452810218065242,1282.07780863856,24.89162264346397,DEGRADED
294.93554547461304,107.7954050941776,34.46946144932644,1021.5462211349353,1.1007160924372799,POSSIBLE_PATH_FAILURE
85.59190816197786,8.416574014041963,0.0,3029.2306795236627,21.955680708898758,CONGESTED
102.16717809349757,31.65554840822011,6.519401463754689,2687.576256626832,0.76305682494759,DEGRADED
67.60413750892857,15.904436565943367,1.8455699924569782,2505.493957631628,30.876090923155598,CONGESTED
17.550215888356888,100.01264958606053,0.0,4042.303381314943,39.405042004361526,UNSTABLE
67.86068300528437,9.947085986997479,0.5973483220283328,6810.876019209012,30.96588524893246,CONGESTED
34.72014566490134,0.6350988555871253,0.0,8790.44369624509,54.50291791939032,STABLE
12.927354700485363,3.2045133192948314,0.4617046039885306,12500.914792203326,28.140490974397135,STABLE
48.34687134539561,66.01854009156905,6.421529314956736,1560.4928851487339,21.197871700157762,UNSTABLE
352.43727724951054,112.13579613286791,55.668044646890586,354.7748638385692,4.976852358242544,POSSIBLE_PATH_FAILURE
62.61997782032447,19.92466651096337,1.1415849561067262,536.0090336879575,21.64871569856194,UNSTABLE
161.82864901543417,8.368391755547712,6.224761485640973,2575.6370742405106,5.402642083373848,DEGRADED
377.95409421314184,95.87740849143063,37.73105060622129,665.5875757412439,2.6757231416704217,POSSIBLE_PATH_FAILURE
128.58756502745507,19.8379939498775,13.428293565692824,3421.9234794779263,34.73681635491194,UNSTABLE
102.1499341169571,5.776494322406263,1.2662877279231757,1226.1452879371432,28.454459555079733,CONGESTED
141.84788008132045,53.59493273542395,5.996675987047455,1757.0115738896252,7.6400723146799,DEGRADED
60.43499252662585,70.36082401501949,1.2953034872400693,1633.680410732486,27.47036442670089,UNSTABLE
9.06528629538017,0.0,0.45892625541360654,5215.595933400061,68.10480182612862,STABLE
373.01683920368333,61.7014368553392,36.20634182600008,360.1974955806485,8.295735987955904,POSSIBLE_PATH_FAILURE
31.06288710059889,2.6706979449120976,0.3019425723471292,12379.203432150269,98.01080510868219,STABLE
106.71813271551693,13.788359868419864,3.6707926336965233,2353.8551422334717,15.85150943791002,DEGRADED
130.2919675145909,83.40143065669163,4.477245359470598,1610.8248260619712,38.66240633307697,UNSTABLE
27.501218121369444,3.6175985536963315,0.3344426433880119,8759.466292679503,53.72115090504296,STABLE
3.412757832217082,33.219748804165405,14.244675812925541,1214.3892767411749,13.061915086610403,UNSTABLE
22.78143726454627,0.29980176374715795,0.042047991045165545,10443.3318544617,67.14283848857745,STABLE
65.4694140302023,4.8768156061958,3.616032981276053,2033.9153218494653,42.99075440464143,CONGESTED
60.852393871563635,28.521463294040025,1.7024011994456403,1201.392892606681,47.77061930729881,CONGESTED
113.509558695198,92.31236160035513,10.088754613784948,1463.4057538152292,32.039810272665505,UNSTABLE
18.295924188357954,4.280427318657518,0.2910400702450009,8950.605350410371,67.58688698361227,STABLE
4.9267435222695255,3.960668591762759,0.14903765492607826,13015.902876576796,58.653146943816935,STABLE
39.510125601263,4.072593938361788,0.6105408181295389,9997.758013245633,94.19069231252537,STABLE
65.73264634452826,8.917119099564161,2.7855754132471287,4850.568060770473,41.24424005141791,CONGESTED
5.374278816796135,52.54663056966144,16.438574703981757,1704.047565132436,23.379461791968943,UNSTABLE
41.41647600870461,1.9008947577398343,0.0,10817.18215924106,33.68672889451135,STABLE
18.489481223930706,0.27951312481565127,0.0,12992.569649627456,40.14934385005621,STABLE
434.5655786466698,77.3407500518055,54.31253804686956,22.195373383227036,7.3243324360948625,POSSIBLE_PATH_FAILURE
54.18609909131756,6.395479575494427,2.062843064095307,6528.073847708025,34.841832399396566,CONGESTED
28.402201626941974,3.522840825459937,0.0,10379.32067260945,87.33358357436565,STABLE
16.218374459606103,3.1069632536438005,0.3659230361075735,8873.814818046445,18.355175127402518,STABLE
98.4658637027425,62.670123377603744,4.599008591629918,1005.1065791922679,15.292328610542448,UNSTABLE
98.22495440584622,34.84260212853224,9.962300310750837,2959.9795491054383,4.6591277422520125,DEGRADED
216.90826494479683,21.161278697762278,0.0,1996.2137285575188,23.494772181660615,DEGRADED
93.56551103201544,78.69459146309606,6.60831505139501,4247.747696553343,33.17452830854823,UNSTABLE
52.370219776766845,19.375365483757093,1.8872117238443624,3378.732114985372,20.093518265332712,CONGESTED
68.84115743548085,25.617675415711183,0.5141442726078778,4223.153438010236,43.42268340306154,CONGESTED
83.93411142226962,91.71069409199632,3.3661247650532875,4356.555265945026,11.61257403503278,UNSTABLE
23.417333144599667,35.60857270086618,12.246874296941836,1765.8945581421926,26.007753881039182,UNSTABLE
5.577008644405888,6.444719883991299,0.0,8866.562888928724,64.88483486461145,STABLE
52.06248944429433,0.0,0.04343797669054417,3950.448156186132,26.21518491079351,CONGESTED
35.882761071492624,4.543748584739657,0.4927969849447524,10992.359225070539,60.40616013120812,STABLE
275.43506021860605,97.67795078465231,35.921430670088924,710.1551812099649,6.484503977530771,POSSIBLE_PATH_FAILURE
2.7267957680765136,2.3049531756129618,0.1078618780742644,8304.365578857069,58.103107861429955,STABLE
291.77402769068954,27.727018806651557,0.0,501.3253829112379,8.94294038177101,POSSIBLE_PATH_FAILURE
181.16373556958024,96.20299199643966,5.1098089066055685,20.728515143442678,4.189969271483541,POSSIBLE_PATH_FAILURE
391.5006284598658,31.647327652549976,50.55663346431942,196.42734439724512,8.110685218382926,POSSIBLE_PATH_FAILURE
140.13948956923417,71.0328019238222,11.253875528608294,3337.900473078225,0.0,UNSTABLE
97.75385289706693,12.08803900301462,0.8315728859183512,5848.839832119793,43.0873468136129,CONGESTED
74.74590985881193,6.229836007478419,0.9346679886639615,0.0,27.02120655483297,CONGESTED
135.91903964896488,38.45203811897486,8.042724712206272,2838.326562909801,9.041410838644676,DEGRADED
259.5931523395757,51.2197745594343,33.70589297639019,462.1064351581302,8.851805932389158,POSSIBLE_PATH_FAILURE
142.8018844316576,18.525331696259812,4.3758816201009765,3166.301489088984,18.478116441591297,UNSTABLE
128.80643716577117,52.949850484299425,16.62405879060029,2907.259101389182,44.20349093352946,UNSTABLE
161.73104084815265,36.58626786092729,7.112159123010129,3162.9381474138627,7.978678508099716,UNSTABLE
116.98664259725825,39.20860352934602,8.283212852747722,1038.673382525154,12.60504108521875,DEGRADED
238.21161449036123,72.35904057680112,56.41857914667492,393.0723876893659,5.511997043810293,POSSIBLE_PATH_FAILURE
295.83367107222824,55.60856811036624,0.6129682176297777,0.0,4.235301418750619,POSSIBLE_PATH_FAILURE
281.77554872063894,75.16636452553914,21.9104183865349,534.1935545139906,5.3008221162218865,POSSIBLE_PATH_FAILURE
72.35587789210246,106.3723230278282,0.0,280.10459338058945,42.55122654129248,UNSTABLE
13.439450633590326,5.329888890376255,0.632243779401279,8697.42896055006,60.51348907315998,STABLE
20.031085501856367,5.515557901738886,0.2121009216664072,6733.8151263165455,94.14724027343107,STABLE
61.46106232590799,30.030823791896125,7.310352176039158,2235.6850445121004,3.7481256273760426,DEGRADED
33.633903178547406,12.003181245198599,0.25477597479516256,3044.8187549893096,58.63250864980185,CONGESTED
22.172311948105246,4.2513511431923074,0.03549633864049448,4755.944226204693,69.39072734031652,STABLE
76.93503146640742,65.43136179664951,1.0379306357722573,2619.660578993462,7.850571572666693,UNSTABLE
84.05326536379937,16.6279103403598,6.950407086740852,2284.071822703083,1.5149294003012397,DEGRADED
149.87718970426343,84.67615858067967,39.97248130868984,573.9039078109123,0.0,POSSIBLE_PATH_FAILURE
153.35600853634222,46.28501278979004,0.0,4042.1156796449673,22.425293228030608,UNSTABLE
275.2640642374338,131.80210433839164,34.40854140193058,0.0,7.880280330814858,POSSIBLE_PATH_FAILURE
192.81460180482105,44.31823015208049,33.634969699691055,122.42187988655331,3.9346402785560963,POSSIBLE_PATH_FAILURE
433.29378601484785,12.740785930972585,61.59295033163622,305.4199872815843,5.998968662264476,POSSIBLE_PATH_FAILURE
69.91732085895443,103.14681751421111,3.373019172910757,585.460303472481,19.84384702876935,UNSTABLE
54.37135455601447,73.47034443715833,42.27573297998631,538.4026605325628,5.697036147698608,POSSIBLE_PATH_FAILURE
160.93080969293092,10.176147423922526,4.355760006200843,1866.4008616865472,27.206314042490426,DEGRADED
41.2966676298885,18.352886802796768,0.09771420017176946,2108.2499762502225,40.99294990347301,CONGESTED
99.93498493414394,25.841928557183078,3.121287699759674,1152.0963448116047,14.740505024046069,DEGRADED
371.838438958426,49.7303496382051,30.49094115218293,1196.4034254009318,5.5603667922036015,POSSIBLE_PATH_FAILURE
84.77633689106187,11.771639259347946,2.7050615627854704,1766.7550025615183,25.193341694752434,CONGESTED
23.121949324743824,57.076348059888424,9.963298251221218,2015.9885540756295,33.189772285636806,UNSTABLE
365.48833680118526,36.28058958344573,46.58196420064425,93.40888090678419,9.010739951081685,POSSIBLE_PATH_FAILURE
85.70373194394533,15.15192580831831,0.0,5789.03335394252,36.49783069748768,CONGESTED
110.22912422068957,2.380146198814918,2.731387536926655,1531.137487957623,46.52544077420259,CONGESTED
122.86668092603374,39.96481464317516,4.981421916470189,1577.1500477171567,21.85575042468591,DEGRADED
63.66928243456383,4.193433020812133,3.156757320419369,6416.191051025558,21.27140661679323,CONGESTED
260.73276033668833,129.13024753893987,20.02046491448254,568.6714536493446,10.507244137541605,POSSIBLE_PATH_FAILURE
134.91698471229284,15.551210734397841,5.256147679111444,0.0,17.54810818424946,DEGRADED
0.0,2.043833884492351,0.0,5264.7191607030545,98.36328789257539,STABLE
246.8661324731264,95.70126042994809,52.00348969465618,202.52795240252922,5.161925936681585,POSSIBLE_PATH_FAILURE
96.79079599722681,10.595507561519126,1.356682718522191,4943.90173659243,34.95392905522644,CONGESTED
13.457167233124444,3.016563819915854,0.5589018456110741,7267.032634643887,45.2747021971561,STABLE
33.62642639803341,6.117632495598171,0.0,13875.347460437546,61.978309575262216,STABLE
381.83667817864006,0.0,58.48110806108484,390.80160955797703,6.740386736653364,POSSIBLE_PATH_FAILURE
109.67459552402292,26.01383525236196,2.2013288107467694,1348.7505252312667,8.267864869175972,DEGRADED
38.821748802040496,3.386363159626397,0.28517180035264206,6031.692227344314,63.90564196979409,STABLE
41.66294568538318,25.818031621135567,3.513036595524196,2892.286735861725,24.44438308820785,UNSTABLE
254.87673489755412,70.78105187897185,59.63802861286628,0.0,0.0,POSSIBLE_PATH_FAILURE
495.72461588804015,102.05603886771385,31.84010569057176,727.2931055249378,9.640143597585222,POSSIBLE_PATH_FAILURE
126.28045939570545,32.7875518012796,7.294701665804783,1571.4536681972986,25.56080602945569,DEGRADED
315.180678868138,93.35557980211058,31.26919961108992,0.0,4.986257488590295,POSSIBLE_PATH_FAILURE
10.021480167559742,6.185824178245616,0.17827629835083691,10634.869552307351,58.98885928290722,STABLE
103.29653196615294,25.420098757727928,7.7831738599974125,4094.9552002027453,21.243532131757526,DEGRADED
71.6507749878885,31.308877754880793,6.199576489288059,2132.758944414909,23.367571544572346,DEGRADED
22.89359156957111,1.5610369080429047,0.0,10411.775008032902,70.41441797403478,STABLE
0.0,45.58391617362733,4.104986273997783,3535.455961722108,4.903317824476609,UNSTABLE
90.94633372170343,8.095672615462622,1.9442345484602455,1325.106369033103,28.870336631631613,CONGESTED
20.660306975612162,2.6280866456279024,0.0,7551.399786045751,59.65132206101982,STABLE
16.387295749965546,3.8099646378493537,0.18197232567346058,8104.976735272444,62.75507384554259,STABLE
212.50025080855164,64.06336856916647,3.126827615433127,522.5357734013239,33.82525145023621,UNSTABLE
166.32668272644094,16.422840753542808,7.434041539796723,1530.709338075831,26.522970835964088,UNSTABLE
248.0261042491049,79.43990287481705,52.35301034640903,224.13462879900231,3.2775677803194427,POSSIBLE_PATH_FAILURE
40.52684981945891,4.757908055401785,0.0,6378.520887931019,74.55572300620378,STABLE
78.96944180998133,18.06496014781478,10.384141074243765,1977.3658132947987,4.476466429902738,DEGRADED
161.28930825601958,31.015378962470066,11.306841579585107,4377.252957841883,39.40554608635668,UNSTABLE
182.5554610387374,18.037832946412102,3.6533135993500068,3075.571527125967,24.16310985025583,DEGRADED
226.98185955545654,69.0748291758664,14.792502897025628,2803.1828332251034,1.9629854085205842,UNSTABLE
231.61792111485056,78.25953524231764,24.286573542894374,0.0,0.0,POSSIBLE_PATH_FAILURE
183.28681773925666,53.27955400504688,11.32224680807882,320.2124867705378,6.465756001498095,POSSIBLE_PATH_FAILURE
85.50066207105158,43.14773575153938,6.0683134772924205,1915.9420377380334,12.613266165325768,DEGRADED
98.3794117389485,3.449509236901317,2.99165967041748,1408.360004439539,19.215959041471304,DEGRADED
134.2208877673649,27.085089005614357,11.649440082795321,3405.0211761925852,33.49765170189036,UNSTABLE
109.47507778974722,12.2137782809434,0.0,2444.744856903599,35.26972961364543,CONGESTED
8.962593022179927,4.344228630192873,0.1772685570620527,4408.724494062318,39.40794810230442,STABLE
23.928274682599188,5.155686711490364,0.9481781017183968,9490.986512525471,53.76504182190896,STABLE
74.47190882865897,45.11227274868427,5.179257215393408,4471.580432371141,7.626214495261575,UNSTABLE
35.28315124555205,32.82638699195838,4.795991131553249,456.2194063100137,22.425462561448285,DEGRADED
116.2193104520067,26.83838482227828,2.202910194827152,2647.5677449424556,18.410482325711055,DEGRADED
172.48164300195484,89.18297094375586,11.71920097916923,0.0,15.337330902196475,UNSTABLE
115.92890535808331,49.906913715141954,8.97495306096258,2126.5939966472197,19.53363846654252,DEGRADED
137.47295527901338,85.20153750220143,4.712338053808354,3295.69203271516,15.845629805683696,UNSTABLE
38.3738667548752,1.0126042457870337,0.47274788066416296,5505.840297637054,67.27774007643146,STABLE
4.563747974779185,7.554860897112197,0.2796585947349416,5248.948994448729,99.49782170714717,STABLE
101.77679677150356,15.894276773734102,1.1464369953675453,5719.50849468099,28.986212224813077,CONGESTED
324.8769912804574,3.924423628586297,51.99287362430127,111.30017458740673,4.454608600447053,POSSIBLE_PATH_FAILURE
59.08011099730426,10.335578491463025,1.985058163222768,3593.6289966721884,39.58267154767723,CONGESTED
66.45552134499007,12.387407846324344,2.275571320063624,1991.8131298340086,32.79850821680287,CONGESTED
71.80501493731101,110.90835035059104,1.9290109530751307,392.373636709852,40.18581642371957,UNSTABLE
23.365831266054347,2.0142804622088812,0.005762171456144244,7445.410023488988,21.003976486939365,STABLE
52.664666720816186,4.417498083560869,1.5213679457839737,1568.475211287834,42.06170416858035,CONGESTED
99.11133176892305,5.487389547546105,8.131732989249445,1912.1076416539886,27.380707683182507,DEGRADED
79.49357189069902,9.361661991100561,0.22716899252181055,6811.888561985336,18.351669746462907,CONGESTED
72.23901720481066,31.453852099826655,4.921148127373666,2355.243349502617,8.956702883789713,DEGRADED
41.7551150425987,23.086858268697625,1.9211196917456375,457.9968176969601,37.16857167789696,CONGESTED
361.7047085733544,105.73737841588874,10.49156371321953,88.10736357788403,0.0,POSSIBLE_PATH_FAILURE
0.0,0.0,0.0,12203.334641161298,49.10858536210176,STABLE
130.22018749717805,90.75974303469113,12.05345559112197,1684.1492199650938,8.673579756200462,UNSTABLE
118.45033000322445,21.070299748949175,0.0,30.01842035513323,17.900910887491605,DEGRADED
6.318408007543351,3.6728018773797446,0.29282385192797744,13453.06731895392,50.10846235676785,STABLE
20.524667983562438,0.2539939662289217,0.12806869613192248,7965.986893138955,45.32102416772135,STABLE
137.93449057440833,30.183333142119274,5.515368845598862,1268.0550947511097,22.4068274449429,DEGRADED
183.060360223222,75.38779702233353,15.229143982230305,476.90804903733056,14.521318304266979,POSSIBLE_PATH_FAILURE
128.93656748276427,66.2396756158327,12.525224060099179,1587.8284341648118,2.7501884918724038,UNSTABLE
148.98489312493115,97.76439772480634,4.90018200049449,3695.903587407207,14.223622794902216,UNSTABLE
100.75483464156103,52.60962877089221,10.346028992615935,2552.3408866326854,37.86057575874722,UNSTABLE
145.63722207376523,39.5250177533275,12.303598006547476,2129.338055362671,4.68067208953428,DEGRADED
59.41701127508702,21.79619751279906,0.0,7676.41467525714,21.541101285536822,CONGESTED
296.3642364133811,72.36844180787318,28.410120104654542,178.8143344287326,4.836338505234956,POSSIBLE_PATH_FAILURE
98.37239459118405,65.75137851682138,7.080518880620681,2810.453809978385,27.192191913130145,UNSTABLE
73.40645765633731,4.27729706059335,0.9353130167868964,3112.8313195040423,6.142996439586106,CONGESTED
122.13489206509762,31.03367278354344,7.665348718796617,0.0,5.0846406089171605,DEGRADED
29.15902542356013,2.1623025121499233,0.0,9668.850715316385,75.61863156218377,STABLE
287.37010393689224,85.48773201735213,45.69856337601803,993.1335970038245,11.119103452254254,POSSIBLE_PATH_FAILURE
383.29595129310917,55.00381547913577,35.52674158707581,202.52398417887864,3.9474656111862947,POSSIBLE_PATH_FAILURE
212.71050026055622,27.589179506997507,4.9567092328395255,558.9082902320939,11.882441940835625,DEGRADED
24.97160744053764,3.7461046368683566,0.3752507220056871,4168.527447648474,36.01979214969977,STABLE
108.29578808740354,91.30415596468531,10.031834576276054,0.0,1.24592931287652,POSSIBLE_PATH_FAILURE
177.8854169010862,27.760532265614167,4.966319467740118,2950.034629944292,29.220310293032426,DEGRADED
123.46286495276857,57.188766142255304,5.434526028931708,2219.2736400888475,24.831626080886906,UNSTABLE
367.37370657900624,87.53442461409706,5.49107190647284,846.9299255062208,5.7741073226528234,POSSIBLE_PATH_FAILURE
42.465611793492286,12.890630179761054,10.593510549438212,1475.523465520371,35.27275820913585,UNSTABLE
147.52501969763787,33.42894541657586,1.0483545812097397,998.7377008439652,26.007720936681057,DEGRADED
135.4211785281199,7.069598471391757,6.164682178217524,366.8113439084452,18.14817182768613,DEGRADED
274.9306777195999,59.35326012773235,50.82569198661677,533.9529540132024,6.674680153529567,POSSIBLE_PATH_FAILURE
99.98886174564566,11.269533257334519,1.3145377305756887,1699.632440025604,31.505431125353798,CONGESTED
110.4858789518323,18.375201097859502,1.7573449055232409,6532.78944064857,14.9381461164785,CONGESTED
259.01675050335433,67.90041639750457,39.924549553631394,0.0,0.0,POSSIBLE_PATH_FAILURE
132.31607639307757,37.27137595691903,12.675535499313337,624.6049220747694,21.66452425608108,DEGRADED
173.69446546618752,47.12496751101047,27.866219841677527,133.88110399933487,3.7914195862508953,POSSIBLE_PATH_FAILURE
77.7032431837801,53.76976342656562,6.921628665270427,4173.477309392437,0.0,UNSTABLE
5.539421456115454,3.807908041471223,0.4414641697587137,9201.519439051304,38.23384413890615,STABLE
251.8913367037723,111.50662391953712,44.790213271499155,555.0258635278956,3.7426925258690553,POSSIBLE_PATH_FAILURE
169.30736543598522,81.06584316815918,9.500512519921791,766.522998084334,8.100866028526182,UNSTABLE
262.9210904548837,90.58593051580391,36.846209251796544,916.6159324779355,9.270185898102527,POSSIBLE_PATH_FAILURE
143.57753541269932,34.09556294715025,5.050043536642314,0.0,23.996440582468274,DEGRADED
167.28478101021378,36.98951907167948,4.713157860348722,1236.4634798065986,14.380716891303358,DEGRADED
116.54216390665421,27.797328131622173,3.3365187671130636,1261.5158863207948,27.39876496651832,DEGRADED
87.53913679851172,10.640968524121263,0.8227930571199245,4846.841617091581,37.52870157432546,CONGESTED
62.492050670973185,24.312117742579765,2.980041060096652,1962.3790502458367,25.111125506155595,CONGESTED
39.20131944789496,9.678224416167406,2.7914083863415025,5294.226834261564,30.069953188387984,CONGESTED
67.1386247420423,11.950710117501062,0.21445778793224268,4282.474163786716,33.85341574902658,CONGESTED
117.72000815968329,112.71636291816971,10.891860141274234,0.0,12.99672623654294,UNSTABLE
168.4814407687169,53.68386922904224,10.379735493000032,2317.1503249116354,50.035856026764066,UNSTABLE
121.2071764306406,47.4616831397058,6.367873718859839,1808.3128665337886,13.119925973460257,DEGRADED
115.00301327456916,20.6162683164191,6.0175696073829315,2060.094755382451,9.79903421108975,DEGRADED
37.286976444055924,2.789551731498258,0.58597703938617,5615.481201132856,81.90308162625195,STABLE
23.683566127006586,0.0,0.31744881120443214,7182.514068981633,92.54462283327143,STABLE
149.97930109155993,4.360137473228619,8.491083069878055,2048.9815017357464,12.089287117245725,DEGRADED
79.92947657295818,11.0257010938912,10.876456849139366,2847.0102719720176,11.531139603614127,UNSTABLE
11.543389672326528,0.0,0.23784955892929238,10783.65115611122,35.171952438940046,STABLE
137.79243401864386,105.65911056870863,40.919156944378656,0.0,7.929898879943444,POSSIBLE_PATH_FAILURE
45.97673726595832,2.438799106323872,0.31892255066212033,7725.057059164359,99.50686235691052,STABLE
21.02031297240574,3.9922414161775714,0.3070268870925074,7541.191553022399,70.56037359389045,STABLE
30.258368428852386,1.9383563437407054,0.5074270201252318,6464.827017786802,65.77676703318753,STABLE
202.92800629205402,65.6854041536882,10.353291169261135,2193.7096966240388,21.93020690093269,UNSTABLE
180.91283214916353,32.36541934779945,9.564973991140853,2419.556165849369,13.051980453102301,DEGRADED
135.1972451598,12.790276922726633,3.337797395214387,892.6371328545767,14.545454336346644,DEGRADED
25.323091855533487,4.4574284681486915,0.8320654199834439,9115.77491198535,50.94762120692112,STABLE
106.8932246101948,20.592472583053624,5.7289090339425455,0.0,0.0,DEGRADED
82.5685114552933,22.429561860180428,5.624226429422882,1422.1615910909268,11.901198263688759,DEGRADED
130.18675582304195,52.91417427712898,1.4851636569983313,2422.151805948781,16.60162451960335,DEGRADED
112.1998860367116,15.733771836350256,1.058339263404855,8212.712162444745,23.89538819079398,CONGESTED
87.78659128918868,21.23910891918147,1.0798358712304403,0.0,7.477454124139726,CONGESTED
14.928765437259258,9.315485134861937,1.6150595511300767,3336.7744797058513,46.67325086062638,CONGESTED
401.3411596145325,94.980327903067,26.704298361516955,511.91386811756206,5.083338501743432,POSSIBLE_PATH_FAILURE
87.52855640251471,22.141743255563497,4.401709960041084,0.0,15.82738066707784,DEGRADED
71.90767027122617,15.263443215548476,0.0,4338.196464101038,52.78234285705987,CONGESTED
78.41767979390764,22.24114754500398,4.714531169959281,4390.447640381461,7.562242293430714,CONGESTED
128.00500017261447,43.13538815962827,5.648793802305621,3655.4918139119563,14.571179184175605,UNSTABLE
378.80257297131345,87.53145502299829,33.67722908649169,0.0,10.505041559312353,POSSIBLE_PATH_FAILURE
125.47202890669651,46.13199371273123,17.317659934418543,438.0748194781422,16.799405056934237,UNSTABLE
66.40069726947173,21.864217892189316,1.2838384438589212,208.468861392671,25.52353086005163,CONGESTED
77.00784127022771,48.78050522629968,17.157400572213596,0.0,23.883902584714434,UNSTABLE
151.6793670002238,35.43589872818052,5.854028195895196,1050.201354177082,10.161059336566073,DEGRADED
145.11828920967613,59.203077916313426,28.74876372214441,1644.410928734895,7.715300063869574,POSSIBLE_PATH_FAILURE
24.480993639362037,2.9988738057540822,0.5180981614339082,11219.265641959782,60.615050970698086,STABLE
166.8044370148719,78.64692721786555,7.8990213252803,2130.23882386121,0.0,UNSTABLE
311.9472957253038,85.91818029357405,24.98976333907275,199.37897588280867,5.347188154905022,POSSIBLE_PATH_FAILURE
165.415102115965,10.322793128372169,6.862147192159215,868.3621501120167,7.243526119531456,DEGRADED
166.1689672578355,60.326300090492275,29.615063872546408,181.7889161730505,0.0,POSSIBLE_PATH_FAILURE
43.75664406035918,85.01543665774729,10.420524044483544,2910.737646618528,24.789659327019365,UNSTABLE
395.2117432729,57.13117936986383,23.582905900756188,0.0,7.1603561293153115,POSSIBLE_PATH_FAILURE
147.55168471324174,121.70272640821524,42.97494392722507,174.6365468251047,8.943812665046513,POSSIBLE_PATH_FAILURE
73.66025372259047,67.32471711757746,7.3206653257728505,3344.0358138664774,32.18278592043142,UNSTABLE
26.43938793276858,2.016688770069031,0.261412005806159,9752.782917751734,68.56965857311667,STABLE
26.087614722244396,6.032737293450673,0.6176212762922765,12701.132584826713,69.3773920508377,STABLE
34.27485283684504,4.993109768996808,0.42238453009550647,11045.175233186215,83.01679498304117,STABLE
179.73959718287193,107.59199721826965,12.542807924186667,4065.1524124443577,13.093355578059581,UNSTABLE
25.24187842812771,4.88553160245055,0.18306767093386786,10099.809916719161,59.96855991061608,STABLE
217.5401647058286,89.39195879289176,5.497964118679404,2585.690366154335,34.49218934907035,UNSTABLE
194.97271524300413,86.28818636086439,57.990395192354285,0.0,11.278945397538381,POSSIBLE_PATH_FAILURE
108.18994125329763,37.547327952673854,5.968857197140512,734.2414116422565,17.911128464622898,DEGRADED
170.4506640496228,52.11399200298967,8.918651683651012,3564.5026106477794,21.937764267464573,UNSTABLE
62.375503876959755,45.84760807277429,4.352116695396925,330.73800561703274,12.081939914738314,DEGRADED
90.62632935144913,23.322786046274143,5.733411819106721,197.93515830599677,13.679286027187977,DEGRADED
122.609451199586,32.11824552274932,4.829932557707685,2407.544912041592,19.32950942938858,DEGRADED
67.7340180078935,46.86110343468059,7.173104969430517,3356.878415612032,31.220529955803485,UNSTABLE
59.858934187179074,12.470018759718757,0.32524196548351125,9127.11129702648,26.792634848018462,CONGESTED
90.01045894788035,0.0,2.9805484893762815,3315.7133359121945,23.33528178942418,CONGESTED
160.58246688116742,19.544160284387967,7.676754430923733,2096.033888193363,19.486019548672626,DEGRADED
222.45796040086697,35.684012279292155,36.214778511651446,365.4398210172627,3.410388094857928,POSSIBLE_PATH_FAILURE
24.201885987249373,6.617829084165542,0.0,8401.253411033134,72.7081860203658,STABLE
121.47101517230563,75.59981628334201,7.002340307797482,3660.4966077235786,34.89760462287419,UNSTABLE
70.75616412139884,10.824578550042144,2.1642486059653137,880.6446449846298,32.89756099570852,CONGESTED
59.060667325396764,7.9660463991130745,0.0,5754.054405438117,17.377612611952607,CONGESTED
16.651149700142252,3.194826825915564,0.0,10006.101883358804,71.90572120676079,STABLE
114.89551724008656,66.07712028298631,10.252164281971051,1772.9944834527632,17.93646195950823,UNSTABLE
44.30896946346468,63.85209705071007,7.827084506930925,1364.194584580603,29.07073738398506,UNSTABLE
191.00279308217313,70.41921315461089,13.660609122403347,4069.2173347618464,19.328909496551653,UNSTABLE
84.08497094156867,17.766166059719435,1.683444853344002,7204.044022253724,33.58483392773904,CONGESTED
12.539017433474866,3.7814500521777923,0.0,9455.97303680969,61.31543350375323,STABLE
87.7787539233631,13.258095805853687,3.2355778775207034,4848.253984009832,36.08400325346483,CONGESTED
163.6298146769588,33.29411690897354,1.0505695887144775,674.5660099517138,21.25891860966907,DEGRADED
324.34545521952657,156.06306928076333,14.240829170076253,0.0,1.0679122438922737,POSSIBLE_PATH_FAILURE
94.06164561690252,16.68609138060992,6.1436878957341525,1162.7090436411754,16.55511707690827,DEGRADED
326.31776414733747,131.9722599250045,33.89841931306688,140.30665680728652,9.93371902693086,POSSIBLE_PATH_FAILURE
17.72646375888472,49.673212338512414,7.261324186036326,1837.6270623631588,45.91521330172415,UNSTABLE
398.51025972142884,30.433047299864434,19.75567433271196,222.83875084783347,2.318837175885317,POSSIBLE_PATH_FAILURE
273.5717073999425,78.37316207109126,5.361839278610205,3242.501225151166,28.741449602253063,UNSTABLE
193.96314516318705,84.37452235843179,10.58232953520306,3965.7500435809275,15.46183264617295,UNSTABLE
152.0165275876517,1.2068159370763851,9.89156568969776,670.3169510729232,19.37943023414397,DEGRADED
104.53964971805681,45.38430958932411,7.458058152227142,1514.9628377141285,28.956326432405742,UNSTABLE
93.53454876225862,12.59803324528102,0.0,3166.136043372339,50.28552823531727,CONGESTED
18.12329009071548,5.5870199369187405,0.012919247111192134,11553.859664953716,63.32897687896456,STABLE
105.50131156443007,66.18639750723646,8.599090144585615,2770.9091495423395,3.9791990532120174,UNSTABLE
57.146282961121166,104.02739471147527,8.69501944613183,472.7431681111416,54.08907961428318,UNSTABLE
186.09900402990957,56.47037040522261,7.088360183628789,2968.686832052271,12.10816895368086,UNSTABLE
287.23461823321816,81.45664589425583,27.595848536357312,781.5601493044667,10.18293849807225,POSSIBLE_PATH_FAILURE
83.81821252249406,12.066739817286967,2.1736709328740016,2667.4167649547135,33.66292005389457,CONGESTED
97.54070052079919,25.801754817213194,7.414599045623211,1810.7156217322263,13.767319217491938,DEGRADED
21.31485816805452,1.9414553866002136,0.28304591879924623,8239.22457627552,43.714248938534354,STABLE
59.170558840942306,30.8995077062086,6.649441341113966,1387.3205020959613,5.76544545529724,DEGRADED
391.937078257729,48.106037351806805,39.250007685568676,504.723915621968,8.154889973214187,POSSIBLE_PATH_FAILURE
213.09999327649146,37.791485912183916,3.6725884093999888,0.0,21.460797101439134,DEGRADED
63.44293447459849,7.964123092863042,0.10801267236810985,1354.8996024439034,32.01528750076866,CONGESTED
67.69104482905303,4.212822174047037,0.15577669763870605,4557.51186243061,19.21795801237294,CONGESTED
241.33435310408086,39.23582832807575,7.44449215160944,0.0,23.125589864506846,UNSTABLE
23.79280034365163,3.50370883059001,0.5313485075616704,12867.723715329024,67.56933878585971,STABLE
24.24965897436149,0.0,0.6932905130701071,8330.513565812043,53.35475687425852,STABLE
111.12286256832984,40.73995807697309,10.301885714466067,442.61687708337513,16.77757401827052,DEGRADED
127.85593168558155,26.830469848380737,4.270578639236916,2704.361250172552,15.5200110286933,DEGRADED
111.50168247862325,52.43555202713011,2.255851443946013,1078.654438296268,17.83205920835818,DEGRADED
59.505870450836966,62.91190942950398,23.58925420958903,3055.195191816827,5.780282667427986,UNSTABLE
67.72759649794654,7.0578241405719995,2.462666870586168,7354.2899878172275,24.460597659127526,CONGESTED
13.04057388329297,3.0560443740517536,0.6972128360697489,8249.229354409217,77.6682434818118,STABLE
296.2904285050479,81.22667871820744,78.18850677678215,445.9421811108366,2.309134217675592,POSSIBLE_PATH_FAILURE
115.30084727696963,8.362878314195198,0.696980420353673,2958.013528756028,19.868539415320377,CONGESTED
20.789887163400095,3.7326658673000876,0.10865665767604192,13091.063030854162,66.27930304998429,STABLE
17.062210798478702,0.0,0.14131330075769352,5457.477717242535,46.6282428510502,STABLE
100.70574875941529,34.1323069648944,1.861533114544459,2276.642945386618,21.645300437845894,DEGRADED
22.321613230667197,1.9380469908885705,0.4219077525238769,7381.474485745956,37.21687848931438,STABLE
237.23608843049954,0.0,31.308668147027046,355.54951554312237,0.0,POSSIBLE_PATH_FAILURE
134.30315238267073,14.334749271815067,3.061455917269183,267.6777504998265,28.67908550182016,DEGRADED
273.8678383362284,112.11440713092722,68.38925607181835,1124.06178221463,7.640568739427876,POSSIBLE_PATH_FAILURE
35.705611055225795,0.0,0.0,6892.117452826903,17.20384107882877,CONGESTED
129.29712957873332,26.270270094291888,6.237269474596604,1519.7844575147853,15.659027147141948,DEGRADED
90.32589342219055,10.739665362010802,0.5199967996527339,2767.0819752321336,25.150189090421957,CONGESTED
59.16361675555337,0.0,0.4550072827664997,3693.9717596173778,32.447690767242456,CONGESTED
179.56378467108266,72.49544333408915,29.311948846535905,479.39924657053393,3.538268872044987,POSSIBLE_PATH_FAILURE
36.58974780370047,7.277294188757365,1.4349414496040163,3324.804722830681,34.24504899160472,CONGESTED
133.59841646192837,47.96396436345487,1.7739541291495167,0.0,8.332490295464083,DEGRADED
8.853830369320733,0.8191054948990448,0.10903951498685076,7884.685979117792,108.95605507185815,STABLE
16.49047617782022,2.3654265494951185,0.0,6630.784160902062,76.24192425369199,STABLE
157.30278379935362,50.059836204621654,9.641031680456285,676.0534965881454,30.783264433532292,UNSTABLE
60.30473286564317,2.750031932504246,2.8307406875477135,2057.49303336952,38.23811389940818,CONGESTED
27.84844036608135,4.743868733038902,0.4577138174533207,5821.8771002189915,54.057105255397154,STABLE
38.05901596240925,23.562201033627495,8.84342496928551,1716.675292028206,41.81868926846451,UNSTABLE
126.52312251891426,36.683970576902986,7.273903144053536,142.4651229191361,27.574904541446912,DEGRADED
85.80788351168866,14.187093955637101,0.9155255546026935,4878.335379385867,33.832540819213854,CONGESTED
152.16211147359425,54.79095360404108,14.89345887333204,1811.9731690624267,0.0,UNSTABLE
286.6854829835713,100.62872064078384,25.056796080446894,257.70123358646805,7.976632754039957,POSSIBLE_PATH_FAILURE
11.376820405244569,1.390946739550373,0.18172308358761952,3619.085442864288,52.0593840084255,STABLE
64.15298722705163,20.348599075531872,0.16067040877879513,2892.8833858844773,14.3305093691392,CONGESTED
90.92168667456848,27.72770164073523,5.693757665317673,1746.271378604425,19.4813493705204,DEGRADED
5.528875275769128,4.690966216963708,0.8631922632179718,7025.609799688051,58.194205077863714,STABLE
98.73648471099216,51.09924171724271,4.68297534868037,1088.1389807733694,17.09349035124525,DEGRADED
95.89632626430159,16.70871528408442,0.0,2462.135632466051,34.110722154157216,DEGRADED
37.53691026701081,6.832889753470821,0.2778625296714615,8907.098037665293,73.83728044674129,STABLE
0.0,77.64439771804795,12.184794017774035,1411.9390150181066,18.719543821385493,UNSTABLE
197.76795898323192,48.202668546877575,0.2850082646807346,1053.9444191505193,24.01818979038881,DEGRADED
210.86442149422663,50.04541408581773,38.779003314932424,282.1294031470186,1.021755911821852,POSSIBLE_PATH_FAILURE
108.85910974380636,57.163637232799374,1.7011991363602772,1501.3319920681627,19.510859569649057,DEGRADED
133.30216154481272,31.032611454134223,4.046098696188858,2881.978033734571,10.630573543646571,DEGRADED
171.1727987712116,65.62346714491483,10.690181777453375,5196.33357901329,20.51916647129472,UNSTABLE
360.2335729724789,72.29571731217317,29.154601825188212,627.1668974219848,6.103724768314193,POSSIBLE_PATH_FAILURE
31.712470934673192,2.531748925434175,0.0,6245.945426064345,53.43860753148804,STABLE
31.153052323647913,67.36824411180827,0.0,3968.992725558095,40.30731360183313,UNSTABLE
72.88873807911162,4.2297619390116035,1.685763707969591,6604.281991687938,20.89337003302357,CONGESTED
57.18510540972929,2.6993531876248795,6.741364447769023,1358.7790246191935,22.388095789419875,UNSTABLE
20.32782092876261,7.017510772370278,0.19230828189569774,9991.217043527296,49.20945060459211,STABLE
120.8143902480864,54.91288868307721,1.9455501949911769,3450.1627099535244,16.01969468470093,DEGRADED
13.010695714212536,4.9629594986162315,0.7182254859884303,9878.274189969794,60.26107851350881,STABLE
16.20193488210105,2.206172317524417,0.4609283561494869,9944.906565085184,78.75997890106827,STABLE
124.17940282091138,48.73551349544934,8.652023844221574,2289.362187751096,18.80024261009404,DEGRADED
38.95655469621583,5.195588163460036,3.103743230019756,6636.57254601633,35.597660778194125,CONGESTED
114.0220285008076,10.99922720344275,1.1549565350588242,4996.414466194917,19.845714042060756,CONGESTED
90.48352300436102,8.302696524146597,0.8077404402284383,5810.477534194644,14.706646622992253,CONGESTED
106.10859255233578,11.810767307413398,2.4111631472345216,3191.5616374193614,26.34188953109831,CONGESTED
20.582743309354466,2.192815762961332,0.0,6020.296722645313,72.20261007594219,STABLE
20.68239439515412,17.693372886501038,3.0231903816453993,3641.844032850395,30.70688196674288,CONGESTED
21.525625121024685,2.9546294493487064,0.0,5466.206690868368,69.59604640103156,STABLE
24.287564384616136,0.0,0.33806559183051904,13562.197544517789,31.224497455196012,STABLE
12.884291866460813,83.09921385919236,0.6981637667247664,2814.873978581203,4.859736978496901,UNSTABLE
171.7567931405324,68.17952026929935,22.765136094393768,3877.1034263810916,15.288625165714603,UNSTABLE
159.96492687746323,28.22787722014465,4.351855134674066,2181.1862230210127,19.912757593838432,DEGRADED
24.523339506431387,0.11604252871997423,0.5169156758092649,8821.709832185163,93.7514024161284,STABLE
102.87942165918076,51.142511847601966,9.17403619395946,1517.3290083088827,9.482841113295617,DEGRADED
130.64420292549065,1.0810568067728674,5.047727854898854,0.0,5.4674466268652715,DEGRADED
104.25683783004487,38.68228336328467,3.419362885454012,3925.0924219365406,14.570638331033841,UNSTABLE
141.12760117449486,19.60193604685687,7.032199641077611,1811.2851308516579,13.188684038576621,DEGRADED
21.773961146369405,5.087486795440989,0.05764611991428831,11793.93549233289,85.49181330762678,STABLE
86.1128522170549,10.163939261419147,1.895994424798751,0.0,36.35893800971591,CONGESTED
130.50973460816232,27.70892296548137,7.582695188890134,447.66095166458695,17.977713420959773,DEGRADED
137.45914870898986,26.97260273302635,12.215328401971918,525.1532523578735,17.620467165691828,DEGRADED
103.67371055141581,10.819507805474469,3.221411812160981,1236.8924941132382,18.334889628481637,DEGRADED
376.55978232812515,121.05686236403469,34.707891145170315,448.29471498403217,9.052127825586116,POSSIBLE_PATH_FAILURE
24.788755385204617,0.0,0.06758530629021506,9601.053385320227,47.763902330804086,STABLE
6.1781848462296,3.75012430378468,0.0,8577.677109188155,67.34288753772411,STABLE
226.39096903302226,82.08848749818866,48.896494240905255,0.0,8.25491839328231,POSSIBLE_PATH_FAILURE
78.89233455284277,27.940856948819995,0.0,4500.850174567252,34.299690737370256,CONGESTED
86.77531068027501,13.164104696963946,0.9399737427282177,2767.6438738015304,20.55488552495857,CONGESTED
65.7241969595567,18.473009485559643,1.760019394391298,2326.2157307724065,28.20815221640265,CONGESTED
301.7178346943112,50.340402772849366,49.0588793981985,259.4692314658163,0.0,POSSIBLE_PATH_FAILURE
66.33208424678533,15.4613118635919,1.77891313687382,3598.123735357381,27.87442246827445,CONGESTED
79.63869837387104,42.38474806331922,5.708876595790022,2225.4159552960705,19.25255295281611,DEGRADED
56.050699786345184,11.422941010343234,2.2723024553197524,863.7568819097019,38.480023752547496,CONGESTED
181.70489641357378,47.41661009263406,0.10242459105075152,0.0,29.150227422491966,DEGRADED
113.54976004622229,0.0,15.286161000984393,2359.9361917168426,23.592324628242842,UNSTABLE
264.39665061690516,57.15238064787828,36.81817223074535,639.1263516959278,4.241567425883207,POSSIBLE_PATH_FAILURE
162.39823715670238,30.473087717052543,3.9599874921274143,1653.5602918424088,28.480411974155665,UNSTABLE
136.31631646079498,41.35858700600497,4.198971382724498,734.6505299472237,17.189107075701386,DEGRADED
249.10553851080215,63.00695476747553,21.078209632070198,3785.2349454548657,16.152751837088932,UNSTABLE
115.57203099291442,37.76193924723515,6.595664357605399,858.8917709727887,0.0,DEGRADED
88.82004557354428,13.02377670230756,2.235714828930099,2839.9306721388607,13.077032889521647,CONGESTED
137.2919112935194,26.453285101086827,4.467035811441153,742.7518953218006,5.800542757648815,DEGRADED
97.60458455424232,14.80281526743152,0.7468346200329393,4328.300637251861,29.441521190934907,CONGESTED
264.659587009929,125.39012986060021,73.69563225937813,502.9075838033884,1.3246720584060916,POSSIBLE_PATH_FAILURE
106.47744983517156,23.961301418447718,6.152401777533393,934.6451479844817,30.988974261581976,DEGRADED
393.5001702076597,103.25944359832147,51.71982710912555,0.0,4.954651981140413,POSSIBLE_PATH_FAILURE
222.48081763537238,39.820476861057394,11.163554509244454,1414.2876601263563,28.902617427828126,UNSTABLE
226.10084349541677,80.44759537956301,5.256286144318327,0.0,3.8494358648159697,UNSTABLE
104.88297787972726,53.25559118335569,3.5969287202810665,2941.095213331091,19.96315692027633,DEGRADED
54.362383702605996,16.85870856166931,4.125512396243252,2289.6910795507565,33.017345155516935,CONGESTED
117.0592790241346,55.12999512618452,2.9998358488693873,3871.132598135553,12.919924992302278,UNSTABLE
172.75889900373937,45.68367866348696,8.59368462309186,2491.1164101496593,23.655387007484872,UNSTABLE
270.41868969580975,91.39396919791433,47.47996338634912,603.8623473800063,8.135570290196386,POSSIBLE_PATH_FAILURE
106.44466736778506,25.12024896559124,0.0,0.0,20.12304498086942,CONGESTED
61.04864301973287,24.73318502563347,4.388790865769751,3642.826191293095,32.01971308274649,CONGESTED
37.71341242267684,0.0,0.31541699437557025,8196.16053836518,57.934231699228896,STABLE
61.34015644369415,22.935199992540475,12.864433301442578,1749.2296255784233,19.78478498512948,UNSTABLE
338.67186693439425,21.44834900576128,44.43306870220718,560.7463948471884,4.5884824372397235,POSSIBLE_PATH_FAILURE
287.3164935316187,97.88052414630978,22.858741893574546,402.0522920385002,3.751535891406404,POSSIBLE_PATH_FAILURE
88.10830505439995,88.37237058637177,7.399836557270828,1315.395033901299,27.224078178653258,UNSTABLE
19.386756541711527,2.5765323949112116,0.2632593806264262,4954.43182620402,60.73119328801749,STABLE
58.35629978986593,16.776303704917964,2.7909233924485806,1457.1079391550197,26.596887498656102,CONGESTED
61.624024431617045,10.840721875450843,2.0498825727430336,4616.632457365092,29.68630776224289,CONGESTED
7.243136766620781,6.07393130783529,0.06169211582574857,10219.708355048917,36.24946848025653,STABLE
88.34754899531829,42.413539523062354,16.705715886807532,3916.0987887914403,21.71358168410099,UNSTABLE
74.36529618753012,9.3669039603203,1.559760041426325,3970.275897552546,18.106407414247066,CONGESTED
121.81628101453539,35.35172602428895,0.05257617564727113,1825.18014712907,8.420734702088595,DEGRADED
346.49452714389287,103.72168503780901,39.62179414067847,878.9243415421035,2.976935227922678,POSSIBLE_PATH_FAILURE
0.1977631437823817,1.3620382034486056,8.913068068466456,3644.5535852510875,5.617866781250624,UNSTABLE
39.106350535851206,18.44904105421564,1.470657817504071,4740.31246222751,37.933443384317755,CONGESTED
111.86711666853488,4.620333070450659,2.526995757727188,6765.658790027244,4.664912513157269,CONGESTED
35.614382018035734,2.0130635816922484,0.6529612049360946,4861.5687400320385,90.38775351291025,STABLE
63.494857722037096,45.70067256677133,6.183712674638481,0.0,20.110134624720985,DEGRADED
40.99282135100367,20.817424174569062,0.14468639917082537,522.6809025307584,29.567372770951657,CONGESTED
183.04739853718314,37.17974045325784,5.001025667234821,720.825250389842,1.5647806177610732,DEGRADED
136.4704958494364,24.9204695745494,6.6904228489174,1914.2481409446427,14.22798810888924,DEGRADED
9.37585588140437,0.5053650606116622,0.39928769061669067,8203.31727355799,26.971963351541277,STABLE
15.767016879558462,2.2108542962612123,0.4297866358178699,4153.1184324911865,37.95725941472952,STABLE
234.41912178709896,29.320228041508194,71.85374723143488,424.1456262606091,9.600812848365326,POSSIBLE_PATH_FAILURE
197.13080605973482,50.22350824213983,1.7606182834134216,3207.3908540060634,16.64172831751171,DEGRADED
141.51999021895244,24.00392331169892,4.5281700706081525,2333.53403110146,22.254036780036007,DEGRADED
92.85380872310716,21.826617940411538,3.43126299491417,997.9139003367568,12.536904328235796,DEGRADED
58.19987549186601,25.33230201927912,4.817929397205257,2887.1614246345516,24.027050509648262,DEGRADED
163.37618828550643,78.10350834015084,42.234228200107765,359.91840433062407,7.21613831920534,POSSIBLE_PATH_FAILURE
220.44694114432485,20.290846128864782,7.583458690967116,1018.7243003474712,17.957030279038815,DEGRADED
12.707130636263386,2.6462816128544078,0.4474813668842308,9110.347241663983,32.11768312493171,STABLE
88.57068349888884,16.538920289529834,0.0,394.3763463337582,18.10226044563216,CONGESTED
189.78589840632645,72.88166105458856,52.99869764028831,342.52242476780526,0.0,POSSIBLE_PATH_FAILURE
113.63393401126184,41.009872280930374,1.0715531147018416,554.962702699921,27.51706824421533,DEGRADED
110.81636059805973,18.68215537595063,3.682569216374607,693.6172323803597,4.015598851887722,DEGRADED
94.76904336419639,13.382937860579132,0.7774295032324439,3325.3718164149577,35.026945237274774,CONGESTED
42.429203124029854,1.3810925418053448,0.0426755321086871,10155.9641471258,56.23505923292867,STABLE
91.38132148873927,59.32882157006284,6.39989706342078,469.1543195963177,30.37406103348742,UNSTABLE
372.0865301674264,76.20742595447373,32.84235176656278,744.3767838727365,8.486437317569035,POSSIBLE_PATH_FAILURE
165.9527797447878,15.53292259620438,4.3103282539461905,2117.811537597215,19.80616447812901,UNSTABLE
63.78941980072417,3.0111276935080618,1.8372111065841745,3031.2589155696605,22.983389631316363,CONGESTED
84.24494871764418,15.398447296029634,0.03448967660355473,1667.753817820382,55.914305635771335,CONGESTED
0.0,2.4952517500310334,0.09067147458072759,9641.147277146332,74.80446127211374,STABLE
29.23355944376498,10.361416296264151,0.1766871872791722,855.8011143851982,17.42582548616659,CONGESTED
143.19960661900356,6.2837439650918725,5.812201130405477,701.1331043645209,13.708589771058078,DEGRADED
228.60204751681317,47.21997706533969,48.18886575969303,0.0,8.076339622603188,POSSIBLE_PATH_FAILURE
53.824584451213504,9.992082853910368,0.3038750978338136,3358.4403169297325,39.70811816682646,CONGESTED
86.69056471903986,36.87506963706166,3.8640311463819907,2771.0007259258427,8.453598105370762,DEGRADED
127.9729616973497,14.445722890816473,4.782575371597996,3543.1739498780266,13.112039425877787,DEGRADED
44.237112440309886,15.685607808151481,0.2582808713392968,5525.481943137771,31.443942317051427,CONGESTED
14.720823626756864,1.1530404401333927,0.0,9783.091318436793,56.5014023599232,STABLE
366.9833938529234,108.47247927298696,29.610756931955393,720.7498731054663,10.107012358334956,POSSIBLE_PATH_FAILURE
305.2910712898109,65.54631427207285,54.38553888365013,0.0,1.8255457737725593,POSSIBLE_PATH_FAILURE
264.6040753963719,4.69112260420853,39.26086603708308,226.72032812219973,0.9857820885314332,POSSIBLE_PATH_FAILURE
24.483240659731596,7.67569023834433,0.18959622499442305,9725.333317721888,60.6463094237515,STABLE
368.93183727040025,62.64288993762949,15.976034341973143,0.0,12.994231564274187,POSSIBLE_PATH_FAILURE
177.60196714399012,35.04416806185247,1.3894650973789986,0.0,18.215947800642763,DEGRADED
0.631619593798149,3.829232570053406,0.3071386028813963,12519.397013135494,80.37622486413485,STABLE
86.24694933731418,15.4074258809672,1.4133340531833092,4997.735338925117,27.65134436529459,CONGESTED
0.09188004876002154,0.0,0.0,10090.69863308216,72.39130412251085,STABLE
19.121232575843795,4.692608124615459,0.34639741124137624,9751.786354544322,73.2255021776609,STABLE
21.977900819418522,4.064258747762876,0.03942333001082651,8717.39907282154,45.72009805530642,STABLE
50.72888433855483,7.350021711544532,1.738098689888837,1477.2822818643551,22.931282689507206,CONGESTED
137.83571339870343,8.82811129325399,4.197994395860437,1586.6781734465662,20.401910164985637,DEGRADED
134.27832175468822,41.76810907289633,2.160130625241254,0.0,4.376484264556959,DEGRADED
59.59032144058177,59.645655081262014,17.9318884250282,4351.033313649854,47.061342523918505,UNSTABLE
188.6893584586481,9.311393682765832,45.87258454918818,277.0470192153573,0.13791568610311877,POSSIBLE_PATH_FAILURE
28.55019324297279,0.5946068281979398,0.1209568249462894,8093.472623907707,69.87445428920496,STABLE
104.00849347616133,19.960647602728756,1.3938817482692665,3841.5071225575457,49.0680871627878,CONGESTED
29.73894128217401,1.3880127823364048,0.21395395106442242,7466.143601777125,54.40817692964946,STABLE
35.53869478374867,82.72968939337585,10.477913833886946,4301.58696615513,0.0,UNSTABLE
68.2911172214144,52.26269243917733,8.152955304718269,2772.2046822647953,51.57476018461054,UNSTABLE
253.086420460466,42.990302648643016,11.41277333172448,509.47575202259895,5.665711253639419,UNSTABLE
177.54754606437484,21.442472625656514,0.1414907206143612,2054.4969961473325,0.0,DEGRADED
14.79411587144589,2.345389139489952,0.0,9708.216995376615,68.74896869723067,STABLE
98.36303239236904,56.3848586914425,13.029403810649958,2544.352365664619,3.4375805707068707,UNSTABLE
155.86102983437962,27.072887616011784,7.133014757409274,1588.9573095536846,0.0,DEGRADED
34.45125956926534,0.0,0.6263227814209351,13632.162437346433,69.21484020236927,STABLE
97.06053629042371,8.213403299735283,1.6574345872120753,2070.073884679117,37.32042680451734,CONGESTED
113.3902212376485,21.56668017609571,5.400540141173636,2439.62580714669,12.487565268700294,DEGRADED
303.6258458767421,57.82557755275424,34.283013558274604,0.0,0.0,POSSIBLE_PATH_FAILURE
119.17675599455124,37.15684456184511,5.778691784660129,1045.5858933433879,0.6933744634692154,DEGRADED
36.678876111195194,2.401324184496556,0.0,10205.965593331131,95.15532933361645,STABLE
67.2721342538502,49.01802602414142,10.733400422177683,4357.523297351161,32.36730168801068,UNSTABLE
400.77993402454507,97.68889390852591,59.465112895974556,917.1536474890089,4.827451148048133,POSSIBLE_PATH_FAILURE
340.8428897139602,56.9782385257122,27.69576810248208,169.13472967420597,9.081491055077468,POSSIBLE_PATH_FAILURE
128.4539128643566,33.49244844871326,1.7019394805290684,2146.926125173076,18.525882923407586,DEGRADED
251.58268336589057,51.111164461695296,47.592569089243426,661.9699149680598,5.540070573864155,POSSIBLE_PATH_FAILURE
250.08425662129594,73.53484405834854,95.27486058289266,0.0,4.076135163532936,POSSIBLE_PATH_FAILURE
144.69365765774728,33.780100747308644,7.36483604246386,1639.8593669862514,24.70485034200665,DEGRADED
73.16733777652213,48.975941790522,11.090105391114964,2020.6063673609165,23.60890711991029,UNSTABLE
26.90485354067768,3.046710632229111,0.21094422668426946,13933.803592034177,51.113810956086326,STABLE
191.1677904872521,54.46493917255257,5.0549076224965885,4330.359919207449,19.165244293640537,UNSTABLE
353.44009705181804,109.90707697331658,44.7416894049468,39.22770531309163,10.3825279770799,POSSIBLE_PATH_FAILURE
172.33446047292273,28.358766496811207,3.517348109294205,278.9599116203576,12.4708859868995,DEGRADED
205.56042853395883,116.57185669821781,60.129750701854164,640.1808988081473,8.994758549218654,POSSIBLE_PATH_FAILURE
454.8698666191267,75.9560989033805,43.33602957676234,34.21817746463768,0.0,POSSIBLE_PATH_FAILURE
29.621966087357066,48.71260938478879,7.6863706987205065,3560.166555035419,43.48957647943088,UNSTABLE
225.54834820871065,81.3251075905417,27.97026886154856,793.9451798054017,0.0,POSSIBLE_PATH_FAILURE
278.98757360309844,71.27292983749417,26.909660797797216,435.47672895905333,8.44088384112087,POSSIBLE_PATH_FAILURE
111.39919635316097,26.927911196049827,7.489101847190467,787.7326506337092,17.985726721767115,DEGRADED
143.41508781963418,73.44725878041639,16.63994195080946,3041.155649758137,27.903373121790025,UNSTABLE
7.651869130885213,4.5807869539323445,0.0,9243.983152129535,97.84337660799213,STABLE
30.4553227478968,3.5545790624216935,0.437752223501782,6416.6562600274265,49.22576206901864,STABLE
199.25297643685147,25.91197802697329,0.19293419917650567,920.6760245432498,37.260160164082976,DEGRADED
32.14189828928502,3.41082105392252,0.3846755863583865,8528.13946747193,73.48046404632393,STABLE
81.00087642967398,19.440799250852102,7.050852549652802,2831.99432918777,15.26781546514232,DEGRADED
66.56617532701193,9.531994606378213,0.21103518331211535,6710.272766336348,32.8018355666405,CONGESTED
6.773003876455977,0.0,0.16337483360858246,7251.869754589883,72.29288096163644,STABLE
93.6502670925511,39.2971695257184,8.074692520826419,822.8372634928312,0.0,DEGRADED
214.18778043754435,71.18552918073176,5.111469365845142,1713.9323427092677,24.415577501928087,UNSTABLE
26.787562954588424,21.320192205496873,9.681072699339074,2225.7491861139506,0.0,UNSTABLE
322.1627548521124,71.31568108902836,13.379606602367364,475.6870317508403,0.0,POSSIBLE_PATH_FAILURE
75.62791817596006,17.08041746514639,0.925995133810367,3423.764711317193,28.319818024009813,CONGESTED
20.321076739709348,4.538472416074256,0.6503707591481631,10356.288608838877,36.00982344884486,STABLE
439.4282736806907,61.398602944108916,21.014731225474957,608.9728566422177,7.218643613276979,POSSIBLE_PATH_FAILURE
94.84711508694811,9.17565646649096,0.8989906121657607,449.43470071065167,17.708531822072423,CONGESTED
18.40351692577983,0.5665631632271859,0.6229718651825084,6156.015011593277,48.99968843254889,STABLE
18.207733745502452,0.3763936684455773,0.11197907268080785,8048.4378823340885,19.635118284006623,STABLE
88.40140334345936,11.059249255825469,1.6204011478045395,3259.2539208343815,29.01137021528197,CONGESTED
162.06790197630625,125.55279459648898,1.0471238770079614,2316.147718788954,18.7187382684393,UNSTABLE
26.312882258385404,6.033585314278496,0.07905119692098536,9641.736247607714,55.976204730104996,STABLE
313.5125950671811,59.879941767291754,18.88829446870979,40.44747230206002,0.0,POSSIBLE_PATH_FAILURE
73.67187932804546,5.48833164202839,1.4293046646032317,4022.7630043328572,24.36000696073009,CONGESTED
39.79397650928354,81.02890100075206,3.8824337391204073,1493.0865496055944,15.311482290712945,UNSTABLE
98.67129387875114,9.132590761359399,1.084858043800147,2091.813144606289,54.53443089107469,CONGESTED
29.308382263505294,0.0,0.3116976680180915,9896.14894091692,93.40560841575498,STABLE
140.3349214846538,66.57537119899199,7.957860623545127,3042.371840632032,15.14937592677891,UNSTABLE
82.41293853836753,31.866830848190567,1.5993273513730362,1992.059421641682,7.78865718639018,UNSTABLE
98.28466904895775,17.0382596193598,2.12148502581376,5798.745911935947,16.471070642109385,CONGESTED
119.36972534256505,60.54660845942949,5.288916360401043,2404.5380264605683,12.952723131204518,UNSTABLE
11.052729810441736,6.72463512278976,0.0,8571.918139769185,81.54957085439366,STABLE
161.69651288847456,18.654354058290505,9.124594417124744,2021.275712344011,19.702608369167393,DEGRADED
143.7644986661669,11.169254830069868,3.611832766322549,0.0,28.602476154362176,UNSTABLE
121.5445605529544,87.64814771580583,15.222400752248957,1276.9496597268283,24.002273592494394,UNSTABLE
23.446049047503575,3.8680196469002137,0.10813937630853566,7285.982519104344,72.65678264703217,STABLE
117.26825440253015,10.469906084040833,1.293179433295706,1401.2775325556277,16.904803096789234,CONGESTED
305.4378465217142,84.64523190471618,46.461684406933585,1158.227551083992,5.194024172017699,POSSIBLE_PATH_FAILURE
162.96326710197485,83.17329791650192,10.156516460909303,1272.3957331048523,21.166089092112905,UNSTABLE
15.593475784302576,0.0,0.0,13057.433621573451,78.85911512219326,STABLE
146.76398242032963,59.101590743516454,16.60177686009975,235.76523646721475,1.6165475141938286,POSSIBLE_PATH_FAILURE
129.8970351646391,72.78722067651064,15.184399284069013,3880.1834791843603,30.741874361217942,UNSTABLE
55.315531867118864,81.55792054467103,4.385512918231421,2258.41243642667,23.714991081179114,UNSTABLE
97.3980967252704,6.901574331374853,10.462225000395126,2143.3078164365033,15.429270569946398,UNSTABLE
157.09985383698654,32.15689752242802,1.5921142276728268,2309.902193592674,11.269577826545834,DEGRADED
132.34881968978135,19.906660247354825,8.611060600528983,882.2423782523537,30.09421104456181,DEGRADED
16.62674837931494,0.3794065004691216,0.26025508918277906,9555.330606373629,83.23469580029398,STABLE
101.77937711869006,18.206794302813407,9.77380161699239,3086.454045956348,18.622967055448,DEGRADED
397.836980415153,77.23149469062797,0.0,0.0,2.3489748132461723,POSSIBLE_PATH_FAILURE
70.94307241705596,9.8714179658671,0.18352195335773147,3483.583185452704,22.836583338220674,CONGESTED
34.54050181457458,1.4304415056880173,0.0,8103.481616153424,84.11081128960573,STABLE
159.726479790968,87.27850962170372,2.243864090552454,3671.377641659701,23.591334889206365,UNSTABLE
168.92619007673002,66.82111949647609,10.646159681589687,0.0,18.706870947044674,UNSTABLE
9.76502507378135,1.4789823038572707,0.13542666302715362,9115.508189537384,53.25047193746767,STABLE
121.17534653222448,33.03489305681205,3.6250861404969257,1355.2747265979074,16.21248548784818,DEGRADED
41.26409414991235,33.502048347210724,14.36218608611395,3120.9977734463655,26.93981494959408,UNSTABLE
130.85857170202854,51.19280190093931,5.431494132647382,2934.6532572833894,33.15114876318245,UNSTABLE
284.4948075856658,79.13219078898499,19.034087359726087,327.8272551724614,1.3458924851698169,POSSIBLE_PATH_FAILURE
147.40021511213604,33.7436717999177,5.683373900366634,564.0842087920897,14.398506258094585,DEGRADED
78.66701871859273,9.969265522548511,1.595284578234862,4817.530409093113,22.264387353566864,CONGESTED
137.3587706653532,21.11999378839399,8.499620603883159,1447.7343185946718,18.81358214332532,DEGRADED
261.1924129291015,32.60337096327387,35.974389485851596,617.5938125379085,1.3109324423254773,POSSIBLE_PATH_FAILURE
175.7710601254294,84.08188465689908,42.23836112859455,633.8946133299146,6.330000744199935,POSSIBLE_PATH_FAILURE
444.81287798008566,85.2642809815045,37.8398487281146,595.0543469453023,4.27804096544678,POSSIBLE_PATH_FAILURE
154.4007030394606,45.09256195865589,2.116146762164167,625.4721016293661,21.337857129519527,DEGRADED
5.29193705497342,3.8239431642535076,0.14750958898574656,9177.48678856237,52.28322450776757,STABLE
206.2059708819527,13.278216063001132,7.311231052247655,1908.8515084690664,28.360432304083222,DEGRADED
166.80358057327317,59.55084541469472,3.738737854962237,1848.6093086279984,8.571049469161206,DEGRADED
73.63653637866034,19.82293232942506,4.998182150675425,15.078082429633923,17.74698506202914,DEGRADED
99.52069726865021,46.11636680836584,3.099400291494436,3855.2614735383186,5.949401300102176,UNSTABLE
83.62146822878259,63.89141559765907,36.82641848230661,464.1075699528201,5.736898088613041,POSSIBLE_PATH_FAILURE
49.82216198396695,17.020536187325327,2.3523709823598935,6284.635832699889,14.090780965881159,CONGESTED
17.026766373023644,0.0,0.7663771914588398,10396.287954018906,39.32728668962177,STABLE
272.8832666263448,84.3935714544163,40.17948961583943,963.72590725648,4.280716506216082,POSSIBLE_PATH_FAILURE
21.627530651050055,4.591556019488467,0.1536167724140273,7926.318385263747,73.32574565026289,STABLE
55.50950080809437,16.02132874194955,0.6616269649523019,5339.15195777308,32.76316393606739,CONGESTED
208.9072845264735,65.98241065773364,3.5781752955053516,4981.684373492902,27.0164718173073,UNSTABLE
428.96403487337085,43.61127137862789,0.0,109.25885272794523,4.537926477836057,POSSIBLE_PATH_FAILURE
352.94681780934053,29.002978455744987,6.924226801279204,450.6395146368841,3.503685433139732,POSSIBLE_PATH_FAILURE
80.36058323696595,11.36410920006728,1.2414877686690335,7548.762856887539,24.132257868975863,CONGESTED
115.48817664886671,27.85995384004998,4.436269596346038,59.25003968092892,27.318404689475102,DEGRADED
150.86040301238094,62.07876391626715,11.637273202312445,2318.0700999691853,17.496779297264244,UNSTABLE
48.74500915985342,8.17511130409708,1.9194327211316566,2601.747340980456,18.43474679042196,CONGESTED
18.330720698914348,0.0,0.5144088732851757,6603.85223576184,40.28687662066639,STABLE
210.83027947978405,62.463901091141864,15.606103915960949,2715.615928558734,20.731334562239045,UNSTABLE
87.61441042643878,5.230735765765498,2.328295772242628,4694.693738633756,21.32023342849951,CONGESTED
22.199966839717653,2.9555044103015784,0.1358609414450132,11337.77190255696,63.74283973540432,STABLE
184.5554629741623,32.966667875371584,5.991428238929787,2794.859925026023,15.980930321942958,DEGRADED
66.61107927148315,41.13501178980863,6.167259473703812,878.379053752838,15.890939472561538,DEGRADED
19.462905007952813,78.11984508410767,6.527734079666946,0.0,33.23971052683986,UNSTABLE
312.66367650611767,86.67592627297188,16.62235484081122,102.63177509674995,11.078021955431442,POSSIBLE_PATH_FAILURE
106.24179409008448,31.385172597549087,3.2581175022008666,2158.866138683411,5.464232828158892,DEGRADED
28.981634742829392,10.19930944208992,2.4474192928257756,1111.2955237492847,30.8786737614179,CONGESTED
13.47083855335288,4.684253918275266,0.0,6439.344164102841,96.29350697857939,STABLE
75.44944768680126,22.7621309043471,9.49500232333854,1203.8327077231336,23.885174346220726,DEGRADED
27.06849640899051,2.0165051605397304,0.4178087099117424,8709.501789100615,70.08415037068916,STABLE
13.064938354277192,2.381955269607501,0.05286135179188689,11465.43511972678,80.04063986620496,STABLE
82.73320834777063,44.83264046981194,9.918786908953509,0.0,12.37411008157909,UNSTABLE
36.841283298766385,7.529215096615864,1.5939848300867174,215.6936533150556,9.649230640663681,CONGESTED
338.7448717795476,90.110766316387,0.0,217.05994300462126,9.658987945531042,POSSIBLE_PATH_FAILURE
80.36976223609918,23.38200018994822,1.3591508976822757,2250.990739002926,16.50524294434555,DEGRADED
154.46658281180106,75.86924046820262,12.248059850696901,4315.848124342938,45.720120808508625,UNSTABLE
111.21436807434667,19.58090006509388,2.4692491232417217,3949.784407388229,30.42348723835113,CONGESTED
68.6277268682294,27.87134858774909,5.343130502640001,2180.4529936354443,30.386270187428416,UNSTABLE
19.038210630766677,0.8125258765666588,0.3000647034908615,7210.356390546916,73.56805750593267,STABLE
95.80580776993185,44.84414687767587,5.830590712142197,3119.6149048650386,26.976898158828185,UNSTABLE
161.20233344521432,7.693100781658934,7.459672313987041,2683.3192164380634,4.727618151243208,DEGRADED
23.14077223869799,5.04902535085338,0.5714480904469549,7895.360544267826,54.9099789318677,STABLE
32.74447216941239,2.3911464742866655,0.789838241412677,10351.52375736769,33.53149146473591,STABLE
53.460527889410955,14.450109476649821,0.29803943620851125,4722.193746336379,27.1884335286878,CONGESTED
335.0305070893806,94.58531367156527,11.672433613405616,572.4766821491496,0.0,POSSIBLE_PATH_FAILURE
133.09081300481498,95.88095754766778,32.09962354055236,337.46600199576017,11.270815247255001,POSSIBLE_PATH_FAILURE
332.62947920148747,11.489509288218805,49.967012942472195,0.0,2.2078971406046333,POSSIBLE_PATH_FAILURE
398.67684471626666,38.27936105190581,56.764700518516136,325.6113567478822,4.943278693550105,POSSIBLE_PATH_FAILURE
4.974965439591031,0.0,0.038870903130166085,13626.030805937564,83.8310162530029,STABLE
133.4668782628207,67.26588719457446,0.0,6278.050058568944,46.8874489411479,UNSTABLE
29.89583934594853,2.369651220229552,0.5118107134755661,9553.43813494057,45.84404273662566,STABLE
275.86856255855145,62.442468338465034,56.70745258995982,698.9937179163242,5.992909060092212,POSSIBLE_PATH_FAILURE
238.8655991510438,90.91314616220004,24.68420303229452,404.7412270640735,7.144887037121297,POSSIBLE_PATH_FAILURE
35.73354902475242,2.6184790793309025,0.12811485336960593,5803.225080557821,84.77699769346918,STABLE
207.75962541808485,56.48637465659637,62.886862999402574,267.1635298920403,5.654959403177336,POSSIBLE_PATH_FAILURE
199.7041397431231,90.14229057015694,8.70937522482256,949.9275491189644,27.27009998196116,UNSTABLE
54.08576681550413,9.561724711577586,2.824143845655013,0.0,25.77392322172335,CONGESTED
198.35236957261623,36.397004147167024,10.018445105011834,2189.6107389295994,14.931875973788404,UNSTABLE
66.96003524133644,9.240733105577869,3.0731260198637287,2862.0837004510545,17.817653028760866,CONGESTED
86.57780952664328,8.587123979502852,0.0,4129.012201911453,35.796625976867844,CONGESTED
177.5613443536075,28.401136652169704,6.767992434493906,2160.121008616201,0.7903309997898216,DEGRADED
201.3697430331619,53.393879538664024,7.117790873058606,1092.849158562714,46.86147377069928,UNSTABLE
27.87842911227188,21.394731295433907,1.48286326512368,2397.813399253344,22.5405130261127,CONGESTED
186.6690742395234,42.44691114467956,0.0,2499.981489947725,18.683488534262352,DEGRADED
128.14535228063903,76.39103445970527,5.19595054315273,2305.7098942823877,41.212264133142966,UNSTABLE
133.39233491399244,37.11198077520929,5.028524272745955,3611.3204244788317,17.826625869493387,DEGRADED
264.10223903119453,69.49399510009852,51.153833739561314,1055.3087189896105,7.012241521277167,POSSIBLE_PATH_FAILURE
16.44301684428965,1.6114724755038623,0.13028982818696866,9052.996608780915,77.36944643002391,STABLE
28.83677471654123,42.48735849490103,8.101822770432051,1158.7585507354895,42.73490105057139,UNSTABLE
351.8194847776394,54.490590664955754,53.93008337577239,237.61683256347416,6.394453675670755,POSSIBLE_PATH_FAILURE
21.76512421372447,0.792022729256677,0.48630449872750925,5003.753669966793,54.9448461893115,STABLE
148.29756064492284,15.550444217839472,1.9958967249722614,1712.737788320216,34.21682889929309,DEGRADED
58.82476350220363,14.509088169520588,1.8280292927972432,2498.4545347176163,35.77401607714681,CONGESTED
2.432782175214175,4.423954045982103,0.3179689330954482,7408.7598753793645,41.058743458120965,STABLE
28.57975881257154,4.300498011156728,0.398584276829155,4664.0355938777475,103.06935854341756,STABLE
108.97500276776556,68.25394773728902,6.579870500429857,1701.474516849933,6.681456984994307,UNSTABLE
27.777673890849254,2.9334105209661248,0.5797324775499666,9378.974612048807,42.114339562358964,STABLE
185.91431914310147,34.323076222450034,1.3154107233708854,691.0202179833642,0.8503940470477058,DEGRADED
106.83608341717056,104.98507619449123,16.672670470466823,4700.418800389537,43.541843091770126,UNSTABLE
160.7319795463373,32.69468996088079,2.9196868816467116,738.2761193097786,8.397316945306255,DEGRADED
161.41949382682907,84.62459976227302,8.507344424560621,1112.1805949561076,24.519696096056272,UNSTABLE
43.0105819915687,11.672310714899634,2.942853739893307,4149.884843359434,28.214541190100825,CONGESTED
64.97159555395952,3.7078707022732704,0.4891067613638651,5577.898219359965,49.728539955020516,CONGESTED
18.413651629613117,2.4942371073643375,0.0,8294.927380525138,82.59940788215113,STABLE
10.791496021908724,4.816125687035971,1.0015290139270054,11109.84767722889,64.92556182987717,STABLE
350.8123834342234,84.72045018291875,4.620102199299854,165.9858842596579,1.7203582919284472,POSSIBLE_PATH_FAILURE
44.592176076529654,51.27640181233154,7.989317936488134,2523.4650545153695,21.41190366548908,DEGRADED
88.95390654436494,10.188520713498505,2.1781536486105972,404.8350364415892,0.0,CONGESTED
375.61706326221326,47.66466763799447,27.560861793103463,155.37292028096826,10.911495482317417,POSSIBLE_PATH_FAILURE
49.09246450110196,11.705674359231814,0.7450569670255215,4701.277238900161,34.2907394287654,CONGESTED
19.59237473864566,4.919181051500147,0.34080819788623223,10876.058886008941,66.79185246510369,STABLE
64.86919570156581,14.09839689968301,0.26781583587179036,2912.9296075088932,38.78418858977439,CONGESTED
17.94838311133956,3.0588471511699455,0.3667736093898328,9781.781448187005,102.31259660125008,STABLE
99.30282318691738,15.686819203826655,0.5751926124868865,1667.1918255181056,15.469731677561711,CONGESTED
26.665726686095336,0.8142095178025013,0.09877107376814762,9530.28425282806,63.374951904563794,STABLE
35.76143914115285,42.68933070303473,4.382511936557671,774.8867055682235,25.48908091972728,DEGRADED
484.4779736641162,116.91316723397534,70.3567634609164,616.9008472692137,7.2439693408339245,POSSIBLE_PATH_FAILURE
312.51089071919307,37.85592347736692,63.463555474234596,199.6618192950578,10.023667434321512,POSSIBLE_PATH_FAILURE
36.04254361517141,0.0,0.33964903224988396,10860.83397187419,25.18407137307453,STABLE
67.70917982190718,47.660962175856746,5.426963481738142,1309.8424298508078,24.448266036624524,UNSTABLE
200.9558833533997,2.4083209709587123,22.47651549895666,390.9502224174472,4.234684241432506,POSSIBLE_PATH_FAILURE
81.61124893738553,6.8559254846749536,1.004362409982654,2441.168670217733,28.106497257003536,CONGESTED
269.2925644488606,91.73339829369623,80.67386855900452,0.0,1.9427087431407442,POSSIBLE_PATH_FAILURE
67.50386565321409,20.66685179623856,0.6015207434210351,2690.6002294077416,37.38628844753595,CONGESTED
273.63510203041307,133.94957272269878,81.8133773953014,420.23397075656993,9.141538348182962,POSSIBLE_PATH_FAILURE
342.1337518061717,47.2986852211381,12.606320244816736,116.93400739650855,1.3819973498629117,POSSIBLE_PATH_FAILURE
129.06507432016429,30.28029919217926,3.032925233008785,1366.462516568765,11.146429047441774,DEGRADED
82.24065359681006,14.08012893615368,0.7835978897747425,882.2729662657844,45.97292653760355,CONGESTED
115.08857155147253,19.332936210208086,5.025490304414666,1864.2060194317978,14.442889662407719,DEGRADED
104.21573792779213,131.649733008183,50.8179990493246,1055.2903921504555,4.9555604880923525,POSSIBLE_PATH_FAILURE
244.59579337694709,128.77411819817934,9.448439458716468,1048.3122185131356,3.586708889646184,POSSIBLE_PATH_FAILURE
118.48012436003495,32.901060234862854,6.376948701338196,1463.2186746320046,20.93567341812829,DEGRADED
20.35576476984625,4.320074983580669,0.0,3604.375843130182,22.772204895579563,STABLE
129.74924105632562,38.94431599916621,6.267552608893775,1190.3877229890263,31.30511897708483,DEGRADED
18.590121025555813,2.9100095847139875,0.03589858374650154,10448.174529747028,50.083494923759446,STABLE
21.725879177221195,3.729068978066525,0.3143814170242927,6659.196812386766,47.59603090892168,STABLE
119.7833635507403,17.448701918276463,5.551982869578583,0.0,15.239495636093089,UNSTABLE
24.137923171902138,1.9524544429175292,0.2192410407134461,9471.777408528043,49.130993453931524,STABLE
104.34931824000608,26.712602923911504,2.7310027379190855,480.0778928834317,18.229124181665487,DEGRADED
22.18688596729013,3.1359732521021777,0.9810878896251229,5306.73061420667,77.36353559453337,STABLE
56.98170521504291,12.436665419649295,0.8599345736676318,3429.1626914416534,30.4623954154473,CONGESTED
35.79185502981632,8.14503487393946,0.5010428872632993,10790.489349281688,71.52139007122781,STABLE
100.66336864016489,5.318383010310736,0.0,4471.522131061432,30.85840784874415,CONGESTED
70.98069819404391,18.154120105400793,1.315574317778997,5466.934369621928,20.04771326860159,CONGESTED
267.71955123698035,68.43453189422253,37.63756351658106,1467.7544287027083,15.568279121803617,POSSIBLE_PATH_FAILURE
23.653637420637676,4.337110686513472,0.2609620800181715,9029.777540621579,50.37119954218983,STABLE
275.6743131350527,88.52726974186007,61.25815609542998,568.9375506573145,4.864738049803658,POSSIBLE_PATH_FAILURE
161.36841386446594,97.23087488298009,9.480674868728746,2051.049167734878,1.504460798848747,UNSTABLE
31.87634392721121,3.9701635341282593,0.0,4600.2278201088875,37.811579391215176,STABLE
190.18643875684262,166.0697771124261,44.25149811983371,214.6059833888319,0.5653322782598984,POSSIBLE_PATH_FAILURE
37.27350214164185,1.8674101688379874,0.4571631060669837,10605.792866251237,42.444878689428464,STABLE
151.1804703634681,40.43254301577518,5.266161241152986,1203.7076525613984,27.146051233055978,DEGRADED
83.42043641494669,8.205649458903867,3.3095033006818397,4723.61154793686,24.27052620433361,CONGESTED
24.54420338214363,3.6598870773145293,0.0,12089.457232485354,55.58362428899341,STABLE
90.77142140616627,44.66924209014388,12.527547406417693,3614.2329219917365,49.509418096624074,UNSTABLE
115.25745798695074,21.47406436868209,9.03773374619642,1840.5346542897819,19.621553862994823,DEGRADED
122.1003453691403,56.495553686580685,15.823512188944115,4092.8410956321814,6.43081201661864,UNSTABLE
176.47316082282694,29.92436398827766,2.331365661841879,3188.187625049495,16.905349266347212,DEGRADED
71.59710563758328,16.289562804602415,2.286391169495014,4153.057593334811,17.506000569894617,CONGESTED
88.83988619414427,88.66658177427743,15.547531521663885,2678.4912607056017,23.397639119176628,UNSTABLE
131.28864835623247,30.739335881493204,9.85539931050882,3193.7648143489787,8.34385438005926,UNSTABLE
23.148461668789437,52.87077030606191,20.05954625098107,3072.555522606409,29.967009743307553,UNSTABLE
196.66035348800938,25.667123899234277,10.872492460342688,588.2058466923099,4.673279315446935,POSSIBLE_PATH_FAILURE
177.837038923293,83.84413793543786,12.002617606968059,420.9003331490938,6.108928069234718,POSSIBLE_PATH_FAILURE
198.54696956673217,2.190857563689196,2.5522095762238104,249.6855350831097,21.529348282063097,DEGRADED
37.39419336016893,16.531614945422383,0.0,5382.858198592452,31.34376482116932,CONGESTED
199.1642366087462,59.780960508484654,39.4740584428567,768.9320340059039,7.299502577321851,POSSIBLE_PATH_FAILURE
230.11457969482052,55.57985169200411,61.660204200052505,0.0,5.723330820150471,POSSIBLE_PATH_FAILURE
87.7283275998208,90.46588280159884,13.375417757293382,3595.7793465812947,33.81936837937666,UNSTABLE
259.70173112707903,34.412654697297604,36.19031255950127,502.73909737284436,6.587092341723897,POSSIBLE_PATH_FAILURE
283.22896370818887,90.57168434632756,52.668666328358356,642.6931461533886,12.29079066534732,POSSIBLE_PATH_FAILURE
70.47062741452618,4.869725763253969,1.7792619708950983,0.0,36.23076831812084,CONGESTED
35.53589640994728,12.791743807975434,0.9958141046993776,5646.810020148194,5.598444786852795,CONGESTED
223.98950855499933,54.50371598162579,36.89001817272032,1004.0691286615245,7.8805915951550265,POSSIBLE_PATH_FAILURE
16.23843928769901,3.181485127504346,0.0,9025.838907955887,52.203889771584954,STABLE
24.348842714636476,3.519615713611019,0.2060111872598935,12191.177206952323,53.77601511536813,STABLE
50.545642893053355,16.473771641540523,0.0,6365.815366379829,43.831703783045626,CONGESTED
10.945209446399392,1.069297610382473,0.569562540286791,5933.078163620909,51.086408878935806,STABLE
174.90392739018282,0.0,4.537162171946887,69.88990001159573,25.31634372034828,DEGRADED
20.99034821007201,2.240647058303654,0.08066662581793757,7599.181917925581,58.69676763718618,STABLE
0.0,96.12563059141124,7.416463060375754,692.1944124306892,33.80908888407667,UNSTABLE
242.80169007840644,140.6005259134553,51.70666055150646,562.2306168009873,1.1619864424006443,POSSIBLE_PATH_FAILURE
76.10695705689771,7.644815745040646,2.0028247246295767,3935.435111026759,40.46017605099194,CONGESTED
147.08246153416093,74.67315463910955,6.922463110799071,612.459329988033,39.53025955493727,UNSTABLE
207.46089296946897,6.767881775544367,8.370258533875262,3881.373435064638,25.38403421052167,UNSTABLE
148.12910498942503,0.0,8.79125146249322,3437.7068289623144,7.785064680619069,UNSTABLE
68.40035860928587,9.629735312818376,2.065025393296229,2359.3616285504118,20.204109395102364,CONGESTED
130.6524719128224,46.37363242116518,18.52673302233643,3760.706490778596,7.5886038487847856,UNSTABLE
34.72953572189574,3.647980512544289,0.32292536588698695,11135.96165169593,75.61082218993,STABLE
128.87091329711643,39.297070976840274,4.367390826902424,2955.7431860111697,30.542636818858583,UNSTABLE
99.77154163274531,23.847223543275238,6.897253166392712,1315.932665039312,13.395574742687788,DEGRADED
409.079906166798,77.10802002375314,13.108566010515823,274.8685370288377,8.313601471684782,POSSIBLE_PATH_FAILURE
37.08396428354975,12.668310367986479,2.293790080709007,2812.5139128491282,13.103629797033168,CONGESTED
12.564117711874358,0.6730524004154579,0.0,6513.067202428389,22.21204824252159,STABLE
214.01463178263955,45.22493440939387,55.39369135278525,341.84272727912224,2.655622153673392,POSSIBLE_PATH_FAILURE
164.61451837307578,36.05779946035667,1.91509516187981,2042.700176951601,0.0,DEGRADED
28.205284754174187,5.529079618676073,0.4622833036757193,9683.303141342185,41.28533601631297,STABLE
60.83663551342451,80.29623103157374,24.048850667096808,1128.4157885775849,20.33536304483409,UNSTABLE
362.3748739520995,108.56779668400677,26.16412281471267,565.5280374213212,4.48891500697534,POSSIBLE_PATH_FAILURE
0.0,3.254724951312971,0.0,6952.313339999888,57.403596566548934,STABLE
104.07674885865589,44.43273396253616,2.219436905888614,1704.3001810483513,13.462456061082314,DEGRADED
19.50074089013747,5.649911358763262,0.0,8336.14881342691,32.43797316931952,STABLE
17.126166384508238,4.490997813049965,0.18726985697626755,6186.9412240504125,22.27390144033241,STABLE
59.150042101219015,54.848469269793725,7.796416883210009,3952.9792594027263,39.36451566784917,UNSTABLE
14.772813038303196,2.2584436610758765,0.8230133977577072,11894.922631413874,67.43535281105727,STABLE
18.454943207500996,4.942278013645823,0.0,12900.877324686146,36.188553277733796,STABLE
303.00149261074137,78.1919860764077,46.48894261773132,0.0,5.928532184056047,POSSIBLE_PATH_FAILURE
46.78717947392887,72.49234571091263,9.117927169417085,3299.2813286915843,24.291884332567736,UNSTABLE
141.59921993973987,53.342151225766806,4.495986745853218,88.40719660203604,14.666067683813251,DEGRADED
110.67413700155545,27.078575494297198,3.1679655873637014,3557.3932362045302,16.10817140901493,DEGRADED
121.60346015083574,93.45799091581489,0.0,2927.541803941074,10.088709671692039,UNSTABLE
39.97296530747994,5.425767383446312,0.06587822243964062,9960.83489828352,82.91980616625119,STABLE
74.60638056011383,11.027097474148308,2.072939524949526,3032.876195932226,21.706549446051525,CONGESTED
254.91427490921456,44.784893981202885,49.937862904891745,272.055413272945,12.712001278928483,POSSIBLE_PATH_FAILURE
128.9587111285142,88.79272763431138,8.870386239600894,1521.4452311991718,4.721359739528378,UNSTABLE
30.67028631929817,61.57558303913976,11.189805105014646,3344.5079842869573,12.048808007377623,UNSTABLE
141.50181098253663,15.086961913462723,13.557780599738482,4612.068246955511,19.406848977978413,UNSTABLE
136.72696899125356,18.46153610844344,2.10413014154196,1774.2380974417579,18.673780697119568,DEGRADED
117.34125387467492,89.25537983802877,10.944230774917878,3458.451564799771,32.21365861209591,UNSTABLE
23.9699130449884,3.434546316457248,0.25313594900150904,8669.135816606284,50.51017541145859,STABLE
32.64611733625833,8.356997483135935,0.9533758513480218,4555.634250254843,30.923151904536066,CONGESTED
16.631680323594072,1.7014741607797277,0.24098068490381025,15828.22177289888,68.7692724955332,STABLE
59.12603752159638,10.996758978137986,0.6007250629022806,6141.200861739464,10.862120274592606,CONGESTED
152.20336998384232,30.78572546372304,7.984907582481405,2105.5031517285397,2.2278180720481853,DEGRADED
138.1820971234502,39.45631007267544,7.251015810096128,1122.3460673978946,13.420639533837413,DEGRADED
113.94127699863702,44.82228481529103,7.055522895453283,0.0,48.710985274882084,UNSTABLE
133.18344979330922,32.21925334507552,4.896182001408199,1284.912971538095,3.3871732938603127,DEGRADED
107.15376614651237,10.772870764960812,1.142428940628725,4009.6560671084767,23.522268724645098,CONGESTED
183.67746565661997,110.7446909410684,37.54496667199031,567.6037244828296,0.0,POSSIBLE_PATH_FAILURE
462.04793315866016,58.802387836792136,26.33567838452162,0.0,5.787980152186311,POSSIBLE_PATH_FAILURE
107.4258982155998,52.243975464086354,10.780617303656044,509.99734090505126,14.42736389588251,UNSTABLE
128.2507383676791,56.84878259197209,6.737277788883002,6194.42301763311,55.01883321504963,UNSTABLE
185.95294924859007,55.18236016612495,0.0,1005.41442936321,40.27164449960372,UNSTABLE
124.17853630549315,19.456230901783815,3.5455519325049627,0.0,14.666396849622444,DEGRADED
69.74957762209252,9.479279649838972,1.9207054642358097,4753.466129099758,42.43909867620147,CONGESTED
13.116277177692407,1.9431477377689488,0.7492862866269696,11436.644226750506,86.59746496836863,STABLE
18.093489424948405,0.0,0.5869789095854723,8209.687820078781,31.547427025005014,STABLE
358.13539086423685,72.14634238475995,50.33938304799417,725.7535658325,6.946687955950744,POSSIBLE_PATH_FAILURE
170.13733107429448,37.35820234058126,0.4843482477623482,1147.0957785458131,3.2283499610691013,POSSIBLE_PATH_FAILURE
66.19393997888582,58.24884891668885,11.945382929248384,4231.461037223689,45.792519220303106,UNSTABLE
155.52810487338797,90.63083518245469,16.61297692927365,1318.3873289813212,16.361063317434716,UNSTABLE
33.373981074427434,4.990980565890636,0.47911335728686766,9458.355534996053,49.79118302185441,STABLE
127.14229024022664,25.74018707696192,4.643713325397773,1745.6882230187575,18.891502426918578,DEGRADED
47.34221267623737,14.69084286043939,1.5672587355546326,2909.01671267684,14.713389994091186,CONGESTED
18.47477467547641,2.215920408258537,0.0,12273.814091286,58.93518402721845,STABLE
251.8672536141538,104.69398093140732,12.533163162521106,0.0,12.53074081289874,UNSTABLE
152.90434248692964,16.807300315731652,0.0,268.7329610206259,19.895443528746718,DEGRADED
133.97610111927068,22.15911164001004,1.9132351265538716,1161.3933497683645,14.581596113316133,DEGRADED
60.99654841057466,24.09243818269664,1.6199107879222825,1829.4656693555926,18.59122675026603,CONGESTED
21.096477545740086,4.3502893197897965,0.7822600817545606,10067.101200053563,72.9713167593207,STABLE
262.1245413727972,91.21749219220837,63.51812385901103,207.38868487841518,8.973674033634436,POSSIBLE_PATH_FAILURE
24.42545624204053,1.8278967200488827,0.0,13886.731288528115,33.13431095779595,STABLE
172.55038681816876,43.82023911482465,12.38452854539816,1035.8426675720477,18.219307489805033,UNSTABLE
360.09891233825,30.604270464234673,27.18235379773843,499.4920962865417,0.5184560687838902,POSSIBLE_PATH_FAILURE
206.27253496063167,40.674261990268995,20.829831071887035,10.161345333435406,5.887776973758521,POSSIBLE_PATH_FAILURE
69.24941380478822,14.955549309869234,0.8130290410385077,1077.5679244909866,45.08582616333293,CONGESTED
243.37218838653067,51.80191354986248,0.4380362005476073,1599.601364138924,31.550967345148766,UNSTABLE
167.19892019913885,79.1288000835139,10.72337210180687,3257.2005638886585,25.59742240953965,UNSTABLE
16.723269056380392,5.735814901441941,0.0,11871.855874556857,67.03141565924918,STABLE
30.064309470835944,2.7301208471303724,3.6106608978141046,2035.0462294668564,15.45170198932532,CONGESTED
190.88407815112436,55.81792278240606,9.959309604976713,1761.2800765609059,23.818234939187384,UNSTABLE
47.92570234715064,18.726026441497815,2.1453458002477106,2621.4994443853166,9.18260633038534,CONGESTED
74.20923758759993,32.05686072072727,1.749938125692081,2419.7821748950473,24.64846136040397,DEGRADED
37.68412995005272,15.332369444653887,2.3079949992689808,3080.1172247853797,20.47458538801946,CONGESTED
121.28929248133059,65.20776636199534,2.031042060714799,989.7076999458593,26.873423064415316,DEGRADED
108.3976762310658,6.88084694233893,3.3842372647076053,6916.209618306701,49.03250130899937,CONGESTED
140.00214839785815,0.0,0.0,3120.3066922022504,32.76181752377349,CONGESTED
158.20721303880333,42.972902462336656,10.89583683395235,2390.7264431144476,29.119575142596375,DEGRADED
145.42809943874255,53.32361948711004,8.59194420286167,1250.907809001335,10.033045570620857,DEGRADED
327.5447487737364,38.80474364371432,49.91214595320383,475.9880809092229,4.547595855240968,POSSIBLE_PATH_FAILURE
26.433267946890446,4.205304892612998,0.5713651063756191,4851.007904183988,53.134884763262676,STABLE
34.611788667203285,0.615209339115133,0.36698499970326626,7893.817642874973,31.800930199711104,STABLE
84.81737410624777,22.069128455579367,8.75037873075395,622.1478434197893,14.188898137886667,UNSTABLE
71.95572035892093,13.805875646628953,2.912954103522399,3946.2614081342103,17.99381568992792,CONGESTED
105.60718247045511,38.49691652021708,7.142837713080388,2642.5468438854814,23.69776458241566,DEGRADED
144.72019317570314,78.40430167028468,7.110869686946668,4015.547591306603,27.515442117940157,UNSTABLE
113.91943620989754,68.35446231925644,16.539472104891384,3943.2141824461933,22.203722699373465,UNSTABLE
21.4984241398728,3.663990986913869,0.2708972846084602,6831.022656841815,75.59242041471799,STABLE
373.32759704480253,34.81206148335281,49.31776131509288,0.0,10.089698855655062,POSSIBLE_PATH_FAILURE
15.686605617604895,2.064047373351415,0.5219773495367472,6373.950141628633,87.42134781537324,STABLE
132.4271638814827,37.335359315742956,8.133249916627214,1505.7425912950937,23.086481116603096,DEGRADED
27.949322529156277,5.405401613072292,0.11539565541943711,9663.294200194958,99.96577966682669,STABLE
236.45407072953165,25.494897845725546,17.01251828029536,556.8355538856738,2.2399065221272343,POSSIBLE_PATH_FAILURE
265.9773770807956,99.38367899340483,0.5485854399810695,797.7244312631751,39.37336448397853,UNSTABLE
25.484279208297995,1.1644929251649716,0.8094200494335508,8764.697338580454,60.106460132542146,STABLE
26.68326018107997,1.8326392863876373,0.6727760865636169,11817.357858030748,75.18074289970072,STABLE
208.47516643951758,26.304625807013934,14.906129181935757,2583.088112928906,0.0,UNSTABLE
305.884961486326,52.49657116741554,27.41203765253558,193.99432510118774,12.13359892368473,POSSIBLE_PATH_FAILURE
89.16935730657801,15.806277926974506,0.7664609555196471,1170.6063829594254,14.631056857599349,CONGESTED
49.1386246600733,2.5723908838190184,0.3893714984201443,7814.798816584097,40.92858370611947,STABLE
128.58475300410487,81.57006179231809,22.29426950858226,184.00313563237071,7.62755525241951,POSSIBLE_PATH_FAILURE
417.7237107621622,74.78079915216598,39.83428331324099,147.2181405894434,2.5572531582535873,POSSIBLE_PATH_FAILURE
91.7016974611461,16.346852700991278,0.9971163514250907,2528.8286419227343,43.371852150071476,CONGESTED
239.06272865863127,71.49172746571911,5.007001551536348,0.0,5.084144573920522,POSSIBLE_PATH_FAILURE
30.30195403152731,4.498914030813127,0.3705332916783839,4628.7049262911905,124.1632182783299,STABLE
177.90306507684028,16.317584261828692,4.133914025667887,558.7148950016906,27.63317405929719,UNSTABLE
168.33081616021295,38.36276516887797,0.29279976848484424,1659.9089469859805,13.763167935549893,DEGRADED
71.21967762586577,15.684813144700236,2.861060436199017,4768.988814811047,52.20835284670767,CONGESTED
199.73033499478763,36.06810218585948,8.465239916595662,13.555298210176261,18.177976653020288,DEGRADED
0.0,6.596575401846126,1.117859368699047,7428.980553257836,70.63171971485497,STABLE
159.00311132595502,32.77827893546771,1.4864643313108026,3177.260139441576,32.009824428079256,DEGRADED
70.38454495263761,39.881934401263834,8.305277783987831,1822.6936316130632,23.265739446672317,DEGRADED
152.04450380559604,72.99412002114438,21.312396862769674,0.0,1.0203942567717403,POSSIBLE_PATH_FAILURE
7.189307931541681,0.0,0.05438113912576312,12193.825479350684,65.74621205151986,STABLE
184.04189222537246,44.802142429532466,2.337911084434376,1377.1677914155969,3.175733814076306,DEGRADED
68.54903680235512,14.352159666359473,0.7380643374461476,6453.631709889767,15.262841207326797,CONGESTED
235.91862032180356,74.57415647346585,69.77001057085896,190.6702458931931,5.417109415486162,POSSIBLE_PATH_FAILURE
18.68862469796655,1.986794608057594,0.1534609131402799,11223.533641311313,58.05881748251718,STABLE
121.24934848842452,12.278444143317252,5.086094327238182,499.9110647977657,15.189549061258449,DEGRADED
240.0489140076796,42.37588643493652,25.337270818833726,63.282278694032414,0.0,POSSIBLE_PATH_FAILURE
28.97815408410548,4.212582312217417,0.0,7234.061244710519,21.36927787253267,STABLE
146.18109899382844,30.641420154128404,4.516326830887879,673.4676867899282,13.86688302152231,DEGRADED
37.43934526167792,4.791210486628691,0.17756932353058166,7810.6272017184565,60.2115041105815,STABLE
215.09326549506903,76.79670784394933,46.81718930544263,706.3460505988733,3.1514023032222025,POSSIBLE_PATH_FAILURE
165.90176878256224,69.81383591368464,12.913304385901052,2494.9409059268023,15.118616807298366,UNSTABLE
167.98231196179327,33.190366597227026,3.7081239494456217,0.0,31.65944001534394,DEGRADED
97.28199698912766,24.052212498975965,6.564053148783843,864.4315234869982,3.4285022898079305,DEGRADED
19.1514946833799,2.290605394080645,0.01748975122879451,8407.440317400584,86.09184171356648,STABLE
157.85999697181848,27.154917166442907,8.977543049265236,0.0,7.521951565693335,DEGRADED
23.48775894046295,5.545765537509327,0.6292757056473057,8751.970661934873,88.52653953800068,STABLE
323.9250863997239,95.87307948845076,5.785885637673125,964.5338374835841,5.43424517394406,POSSIBLE_PATH_FAILURE
125.62084706677581,3.485567913554121,3.266770573420738,802.2681062182531,17.6465239730453,DEGRADED
8.477511587232325,5.737569263807126,0.012312768079581177,11773.560472980142,71.48708566558471,STABLE
271.7440823071682,34.56188632984253,23.87106647535584,758.6058614656147,4.29037651832845,POSSIBLE_PATH_FAILURE
78.08685208730846,20.066429832541463,1.8601029310062802,3462.6682601619164,45.0548531910584,CONGESTED
11.669632772039884,3.390207946285776,0.13485691607710582,13398.86817362325,96.2253536311824,STABLE
44.64600769649469,7.927934028624128,0.961126049706492,2227.6729249112614,9.59128140134246,CONGESTED
218.65863727340496,53.9426781871839,11.093947045345182,920.7781038422004,24.116040014865717,UNSTABLE
52.67483316614425,47.876763935417245,8.027643443355496,3042.2884360727653,13.09275019696867,UNSTABLE
281.48694433539214,61.798969387620396,15.713425826618852,400.9304830833528,0.0,POSSIBLE_PATH_FAILURE
389.89421219361554,55.611581143599764,25.22875445009036,690.9158759340852,4.074220731777726,POSSIBLE_PATH_FAILURE
125.36688398532398,15.688858754327086,9.670944006472094,2292.4965600568776,20.448299530771315,DEGRADED
82.47556501794361,9.47845261379859,1.197380730630435,2559.4802741454905,42.27189578264078,CONGESTED
479.302084148007,25.892275943880612,13.34778756459595,590.8930170404386,2.7709802660703895,POSSIBLE_PATH_FAILURE
28.23753131876182,1.3732191753066472,0.05169801494519177,13726.14748318613,68.20737405343075,STABLE
114.67468133123302,89.74398037769546,11.758920411437058,1775.4686134935805,11.369118991491979,UNSTABLE
94.708443530288,16.028909370055704,0.9079374377601478,4422.781758254795,28.831789011293512,CONGESTED
147.63932682207465,70.64015645935974,39.84284788133532,535.5833068884299,2.016884342226223,POSSIBLE_PATH_FAILURE
88.59017500249209,5.8622090026655895,0.0,1623.5737800311829,57.05126218790605,CONGESTED
16.168126788640123,1.91488435977635,0.3409474769614899,8063.027118204355,48.722506468950826,STABLE
143.15890164524689,10.694121707242644,5.698562314406481,3372.6494895387204,22.991983503864233,UNSTABLE
298.9940968600509,71.79561706379731,7.753623295198754,776.0964455469432,3.315655855081923,POSSIBLE_PATH_FAILURE
99.12665789413074,18.578422326943965,8.722199747423632,761.2178898322742,12.05714669036891,DEGRADED
201.20704929489557,98.03678473238706,23.197555960079594,782.1869616823717,3.6938081536138743,POSSIBLE_PATH_FAILURE
168.6136516925625,52.06555006467187,7.073112208334978,179.73363682192803,14.222355798632908,DEGRADED
230.88990883694763,57.91198337609979,38.783603420724326,643.3666154094775,5.902954462480803,POSSIBLE_PATH_FAILURE
119.818570020883,11.957720756787094,0.8083497029394722,2994.969701502151,34.11106436558731,CONGESTED
255.1898911032388,59.68510487456814,29.144892769455915,345.9705425377225,4.155454462602312,POSSIBLE_PATH_FAILURE
66.58815720304116,9.090011530254788,2.9528182907562686,2609.967396849149,33.90097830642003,CONGESTED
118.28374457138081,31.343677123765797,5.225105786724527,1501.5505204336687,19.842186785965648,DEGRADED
249.6302325632326,111.92075841695225,19.983684609728897,608.6039747991576,0.8394436252025361,POSSIBLE_PATH_FAILURE
138.56265686984844,32.82911326592263,13.103149236039966,2562.7119826610883,28.643428843811645,UNSTABLE
126.08694271855607,25.755510720613835,4.810069241466622,327.44497822119934,29.573117425137873,DEGRADED
287.60507900876667,68.30543685667256,46.182478583670104,281.41597673278073,0.0,POSSIBLE_PATH_FAILURE
57.02886716797056,14.331751644866703,2.3240968249940153,7838.6020798101345,54.61769673654551,CONGESTED
156.9259541464951,62.85340692512211,37.319028169342765,465.1114809433612,2.621013886389827,POSSIBLE_PATH_FAILURE
136.68720049600387,99.34027241635691,12.690744581665172,0.0,21.133066561295976,UNSTABLE
209.57006051519005,70.5407504743566,11.48312713582526,243.93363563973182,7.672091613197149,POSSIBLE_PATH_FAILURE
78.79277976998307,60.257346794355065,3.0887901349854725,2153.4422399611885,10.934425089907345,DEGRADED
95.70330214593784,27.571203180631713,10.814144291259476,1752.6459344887185,7.130327972300437,DEGRADED
61.40678321155363,3.5363393957344407,0.0,2726.4817970945505,37.46138260350851,CONGESTED
106.13364411833851,29.957448390681,16.19036593380277,4005.514090761546,30.36172089801569,UNSTABLE
107.30201139763916,87.37889424567305,19.930264332968072,2164.7018476190265,50.982478286156905,UNSTABLE
22.023061918311935,4.459431347567417,0.44771409242759297,7454.863983036981,80.32646405081398,STABLE
95.2012565715148,14.068990256862278,1.3759658600172424,4238.422719958916,14.870763485800165,CONGESTED
97.03907632408186,18.111169964801363,3.669510943681191,1687.7003234144613,17.64812999153723,DEGRADED
29.626575724868413,4.243202626241943,0.0,9625.808232976158,73.90754295721297,STABLE
289.0421614536894,43.467601122336475,59.57785537090463,0.0,0.0,POSSIBLE_PATH_FAILURE
147.70829436235084,36.83382901751635,14.299034392261,1639.9183761425006,25.086180594048088,UNSTABLE
85.2838605064552,9.997203688127811,2.8716907062067873,131.98352691607442,34.4016581513671,CONGESTED
183.61125415306776,88.71932110167532,12.281265874477542,2548.458533738696,32.41219785704491,UNSTABLE
435.1063958679533,101.7514940976304,30.598983874199554,720.1078736625436,9.878687460178252,POSSIBLE_PATH_FAILURE
156.4830854678329,41.80701732391631,5.836306323822404,515.2713705327162,31.243944152786447,DEGRADED
40.40696680586795,11.854830670611872,2.09040740854602,2541.9114680815196,24.797880734820716,CONGESTED
240.06852431260336,66.9086382130805,53.47447385094498,1123.1806074533906,0.36992454447149736,POSSIBLE_PATH_FAILURE
18.204807867173994,5.95478726834007,0.8475977032114501,12871.813896157155,58.68342422652154,STABLE
107.45990883420606,23.842721934923865,2.300279872367735,944.5342949233683,3.144731109900425,DEGRADED
28.403081374573954,0.0,0.4715778204481864,8644.900979417649,49.74010501606513,STABLE
7.2206242568038075,2.951405232458369,0.17803450280485356,11726.179977846414,51.07269689943129,STABLE
53.510293779246496,0.0,10.942659201265894,2872.857901987131,11.581219241373187,DEGRADED
99.26341594043869,17.87744719312591,4.121125248106145,1851.473849070314,6.362377643336927,DEGRADED
65.94159780658134,46.20233837996018,6.74607864158499,0.0,32.93444747464855,UNSTABLE
44.29976755258729,9.627337234116087,2.0480158317387116,5524.539558023123,23.168222102157586,CONGESTED
77.16483868234816,8.617649094613224,2.7114505846432824,5357.623575822958,0.0,CONGESTED
81.65562806628697,20.02420585741448,1.420785770105721,2999.823727118722,36.23670711089853,CONGESTED
353.3765930629785,86.41479983134192,0.0,583.2447633035372,7.180340169016674,POSSIBLE_PATH_FAILURE
456.6631189573924,57.68315402674288,51.654472533215014,101.53121868953849,5.5185599385436594,POSSIBLE_PATH_FAILURE
110.67460115147543,62.023787598354474,58.66925466618679,544.741885202848,0.0,POSSIBLE_PATH_FAILURE
98.60413443974052,25.527856655478015,4.008588591886927,1243.274610661882,5.182607316977057,DEGRADED
10.148419676891736,8.063809355484356,0.6143837046676778,12014.18286297989,98.15271940884053,STABLE
259.70689787717464,107.58891800454876,10.9007381254049,2592.9206777682657,27.31523685699266,UNSTABLE
287.2404068109566,84.62750619610111,83.35044091470164,1164.7336162034035,10.083480732638165,POSSIBLE_PATH_FAILURE
94.24744234138532,17.408680202012157,2.053267173774168,2059.087218927796,31.17831410867347,CONGESTED
14.404277139505105,5.0498433862507985,0.0,12671.909361636455,87.01981877556938,STABLE
29.31573012874244,0.7460241795982725,0.26040345596447656,11311.74799192448,51.81068894975265,STABLE
145.93041017080378,41.61892518852632,2.7088364864228436,215.12498752242573,19.010055202258705,DEGRADED
254.16065301118505,65.09736105622231,8.892766154320483,479.90037611553953,12.077428660451424,POSSIBLE_PATH_FAILURE
92.52697100594139,10.786559463317644,3.0713764085600666,4995.704022859907,19.76743771408692,CONGESTED
39.33057830840846,49.20531282134706,5.152722665969976,2627.552157115035,16.024892503559336,UNSTABLE
27.375155684670865,4.507710139867364,0.3453360317745266,7047.022434632485,63.65857507077915,STABLE
121.54001015612589,38.32943763819078,7.500638354195504,1109.8999878422305,15.209643242483365,DEGRADED
42.875748710607695,114.58565107730132,77.54486133212819,104.98588911646738,2.976212094498335,POSSIBLE_PATH_FAILURE
215.96527892011233,52.13534539207369,10.957811378491606,0.0,7.440275051441732,POSSIBLE_PATH_FAILURE
63.54199106822207,0.0,0.0,4868.490360794163,16.588130573606506,CONGESTED
382.5906144835793,80.94608282822256,47.96773522455205,634.5596952703052,5.900866460278183,POSSIBLE_PATH_FAILURE
203.58586696101082,72.70565911989713,50.48723691232492,619.254050901781,4.7354994461453215,POSSIBLE_PATH_FAILURE
60.61512332699422,12.201661721469463,0.9826089062333666,2042.7297506799584,25.301092817816702,CONGESTED
3.25317055295643,0.4162354635366201,0.0699117544537437,8555.106110635785,58.451222647355955,STABLE
141.97862095415994,20.82493513268571,3.497923928451829,2395.6416180289193,5.788231587442768,DEGRADED
40.72275035741484,1.2802870792219352,0.0,3500.5969254614365,24.4345891156229,CONGESTED
83.30440399612885,11.041967503065113,1.2909515435684271,4440.778659555957,26.378670444034256,CONGESTED
325.1593023199149,55.99811324746334,10.549792076316827,406.5774512820938,4.2601401390605105,POSSIBLE_PATH_FAILURE
275.95752153243313,106.27637373821203,50.929575868772396,314.57941978788614,5.026629066359446,POSSIBLE_PATH_FAILURE
29.259097737892624,16.363015498081694,2.380831853006614,675.0099907023355,33.988010767563324,CONGESTED
112.99431456064912,30.47447352169708,4.229798220737435,344.09963028553307,14.905056885066646,DEGRADED
105.4726512173826,12.922786083217213,4.057926367870301,1803.1951661370576,46.35224144928178,CONGESTED
372.3216533331329,11.748746348185541,5.436511022065034,629.4429689576614,9.329214756114864,POSSIBLE_PATH_FAILURE
208.33305091246064,31.602731862928035,2.3528920366334947,740.3289473610272,9.175954137919268,DEGRADED
37.323116054099444,3.264693012805345,0.1659938006480579,5258.348808192799,72.17579543058514,STABLE
308.7276031379406,108.78008787361796,77.08245929966247,610.4027621764722,0.0,POSSIBLE_PATH_FAILURE
160.1088521944397,32.62558413686514,4.614682343296893,428.69130152474827,25.334408422329105,DEGRADED
165.53817723881687,17.893199046367354,9.173698509196205,252.82231895350264,26.346646606459572,DEGRADED
29.35547125465149,3.8204240313591025,0.0,4588.459869039329,89.23681718787199,STABLE
19.51281598069882,4.389341223256817,0.0,2437.133289757994,28.18700603461164,STABLE
66.08653555712262,6.116275135395469,0.7174079553156656,2725.427667550005,19.092386588393715,CONGESTED
32.884442493182526,3.1693225614655276,0.0,8990.77743587902,36.77379590554808,STABLE
14.151258650669993,4.061387876049466,0.1060873142221384,15066.669396828423,47.06482167040858,STABLE
9.47101489296051,3.9974388821394466,0.14713608231140726,15115.794647275809,43.66912747606557,STABLE
28.475202774824446,15.543858479981246,0.6177642742052206,4709.180989857437,21.173048824624882,CONGESTED
83.91397820233307,9.442410763933296,0.42742140785770166,1684.706074448047,8.679606472707022,CONGESTED
33.63404693675151,11.459938446458283,1.1777064986935273,3791.622953578615,44.67214144966065,CONGESTED
143.83276326990372,98.15546941225666,27.54309698762884,0.0,9.064972772872267,POSSIBLE_PATH_FAILURE
29.5066326547065,14.52846544229124,1.1988134152939667,3923.204659648313,23.82733725788505,CONGESTED
19.067013503465084,1.473121365378679,0.2774738560991681,6449.341769703948,94.99507838892592,STABLE
53.850871702655624,11.58853518564789,0.7523593260987447,3640.455305936152,18.489655920483752,CONGESTED
407.4393263786985,79.16603375778489,40.9924590163373,642.1248115597516,13.70534156822954,POSSIBLE_PATH_FAILURE
129.01375688846116,41.135743772927924,9.78426514147175,2315.6120824423674,14.180566635672202,UNSTABLE
134.3204721813727,13.676553268850416,7.541936125417487,1109.5891844937814,16.759237969386337,DEGRADED
324.3557357707669,114.59599297767795,76.0568115664337,0.0,4.463128379134651,POSSIBLE_PATH_FAILURE
101.38943414798457,4.1860715693998065,0.8319979693078977,3141.993433606881,53.587654651256614,CONGESTED
6.73607282260436,7.459463682819097,0.4471162781131377,8237.830342516481,34.58094325188881,STABLE
39.7719673829761,14.008469441356755,3.515099385295326,3334.9731289162396,22.588584879718805,CONGESTED
133.2993055745635,60.37305147760521,14.114563410127788,3306.180742039741,10.70022941366193,UNSTABLE
176.25447176325457,35.901600432328195,7.0350169747893645,2683.1539604414675,33.52396124635944,UNSTABLE
137.38608830523444,24.127905550491338,5.626245103441733,1390.819235647694,8.588200345829833,DEGRADED
102.17730649867279,15.724277035371282,3.6880343672404545,4301.011810053822,28.88556176616913,CONGESTED
124.76220996104676,121.94133057312933,1.0524637811381128,1672.0360563194417,46.70983281350265,UNSTABLE
84.58254353948334,24.169797828664,17.890308043447618,2137.078639709376,23.423668849150822,UNSTABLE
28.16775867200791,4.4497093431124,0.060075048197769654,12521.12211061589,73.41228621012841,STABLE
33.06001741706825,5.45206781982136,0.0,9937.770409385477,71.73164674666964,STABLE
99.47979289630302,39.487319745133725,5.523953166683417,1554.9755164070505,49.99378534909369,UNSTABLE
102.2722863159852,15.457168136060956,0.5889799350486671,5239.066455797623,43.0322871644811,CONGESTED
134.59170120946243,45.39774196445147,4.423946721978253,3368.4300905672326,22.001478921717,DEGRADED
31.91142953088865,2.218644794801609,0.0,5745.443119447256,76.95703252600248,STABLE
18.96511731934039,3.357481926572654,0.0,7185.354448282152,100.60745981518208,STABLE
179.6364026073357,40.94866427386687,14.11064135263137,3836.8906350782463,21.359598047101613,UNSTABLE
33.14807871505905,3.0736109981939097,0.0,8268.239588946282,82.49865671409286,STABLE
385.2040842095268,57.922510878882406,20.78723438226131,439.9501266974565,4.059433326158143,POSSIBLE_PATH_FAILURE
215.94073141409075,61.138527535245785,48.584272676703456,587.2181541729908,3.733318506614355,POSSIBLE_PATH_FAILURE
94.37840013472959,73.4511026428093,9.941143522516132,2809.122379975111,37.94904313035549,UNSTABLE
288.3733129549875,80.81827000172227,39.22277091538559,560.1007702787385,10.012348802194655,POSSIBLE_PATH_FAILURE
12.784419664571526,3.218970718894175,0.4073187697600632,9043.842254182646,50.43670150967691,STABLE
65.34057340108043,3.6181193053489444,1.4876224088638184,5532.861721631036,26.836977164448818,CONGESTED
365.40075742688833,123.69429706745821,57.23041329085076,159.36323580550518,0.0334550689315245,POSSIBLE_PATH_FAILURE
221.73259148942515,99.46368474561253,46.10896042181353,904.3230330217768,0.4586166346001139,POSSIBLE_PATH_FAILURE
275.9781244144569,85.35439872761188,35.40761215685983,0.0,3.6215159111671023,POSSIBLE_PATH_FAILURE
22.37735602332278,4.609140603169673,0.712030292125692,10670.494608894078,70.00929049970236,STABLE
91.37399382911721,11.351274970698473,0.5113301463584992,4824.771388758063,49.1157900593704,CONGESTED
17.761411831195005,2.565547683562647,0.0,11397.016640027403,44.46497692787358,STABLE
208.71364089162319,59.40501053929317,45.21445305193667,394.3377446580767,0.0,POSSIBLE_PATH_FAILURE
16.182621060016707,4.591677310439548,0.18925257600021336,7879.275565889416,54.43267119397803,STABLE
167.4226410262451,22.918382749378384,5.975970776906336,1043.8367506482068,7.567241620898109,DEGRADED
11.666311940505942,0.7997288925513883,0.3898604970671864,11658.772321128816,78.06754196961609,STABLE
250.86120446848213,45.57402678245818,12.727673044900346,0.0,0.0,POSSIBLE_PATH_FAILURE
25.56533442751263,1.7621068948172736,0.42645856774221286,12636.295102397591,65.92339169257481,STABLE
276.4312572116418,87.86629922254754,17.816654178093884,403.27523118002915,5.27382663842408,POSSIBLE_PATH_FAILURE
87.5843552786175,36.23569725724745,8.29272109799444,0.0,37.979788343494704,UNSTABLE
152.56195460974283,40.78157647162534,2.4164746560224666,1405.8082211220624,13.250596115084127,DEGRADED
377.3277367861068,114.06255696841085,56.63076972723779,214.34325888343452,7.0913263840618095,POSSIBLE_PATH_FAILURE
151.1897129623929,44.55330607578439,3.9272101150106864,2303.1028834178223,26.036179821013032,DEGRADED
38.47825012956045,1.7169145584343068,0.49875761731170826,8330.722932381314,56.006604016542866,STABLE
17.784638842691994,2.0603269830025464,0.0,9840.620615880925,63.422277970625416,STABLE
204.41733466690852,47.20104475314327,11.473348589371096,1360.6551195167708,9.523043713842823,UNSTABLE
175.9924641546143,17.729392955963984,4.817959049872149,2671.3047634975546,24.264755352156477,DEGRADED
84.52854035785182,46.950450520441585,1.9827702923150783,886.3682412161152,21.920670828659745,DEGRADED
70.59661052973955,13.24014043497614,0.17811746346623236,3287.94904242634,38.275707723466205,CONGESTED
95.64830328950569,2.617178998765972,2.623715135359796,4615.737164587759,17.026629200937297,CONGESTED
134.41440851973732,56.27651913761137,3.3467041809837976,4322.34120020066,18.262260764416204,UNSTABLE
81.49575766162067,9.886190119739252,0.2641966243812235,5451.5390246289735,41.01981442100751,CONGESTED
241.55921587937542,34.11920788363928,15.3236483977022,171.67775782252147,9.651833184937995,POSSIBLE_PATH_FAILURE
199.22027349411422,15.317716011001007,6.435930993985353,1107.3644275673344,17.097991813460418,DEGRADED
28.27988176797059,0.0,0.1575791987523866,3407.6862531849474,92.92986150967667,STABLE
140.06449012401427,34.41961967128502,4.691290486052088,1117.0435252221343,21.74999679468783,DEGRADED
92.34545883893959,10.014801589173347,0.0783630382439342,3274.8223025027924,21.57269301689086,CONGESTED
312.03755407280664,87.6341317680087,26.143358081781948,364.5123174475272,0.0,POSSIBLE_PATH_FAILURE
168.6231623622794,46.29879907721144,18.627364322213893,3736.256174279416,17.73343963041018,UNSTABLE
156.12932628540497,44.87350763275445,1.4573386630582856,498.32658406956807,25.807212231043927,UNSTABLE
152.99219906945382,71.40320623269052,10.735409117490027,328.60725092022176,19.385209700251128,UNSTABLE
146.07389788259246,30.843910040791915,3.254235164142934,1498.5161858411286,15.139464625645699,DEGRADED
99.160567558826,66.4890209592524,11.984817674630476,2362.8062024421865,14.897137740184109,UNSTABLE
127.59475663056772,27.62974029310109,7.603045862148955,1195.8397182492777,19.397635762551964,UNSTABLE
408.65946694167496,83.13137081122306,47.301344498002074,0.0,1.8767808224635476,POSSIBLE_PATH_FAILURE
133.31562245678467,5.513001797978994,3.6253703773415342,429.9940917793306,31.75720969290778,DEGRADED
15.645925270560376,0.0,0.0587535026673392,7974.148171370968,76.14974468045897,STABLE
181.953730159607,30.880124743310812,4.36780523036194,2624.8916488156365,20.493944707921706,UNSTABLE
138.6540129191751,51.161134401921025,1.9168843889103568,1970.0015477175389,16.069149644927187,DEGRADED
119.31684439606695,40.76574011950608,2.8043211321615598,3530.1694372199763,15.098243166203085,DEGRADED
55.68583370946904,19.966637373085316,2.111117991509887,3661.8891124777856,24.384985924945298,CONGESTED
4.279597443467594,5.397039673033387,0.0,10975.188873680578,69.59678073804433,STABLE
186.1695883336151,57.55186737775885,21.754250480164295,1090.2688218241015,6.2839600930106805,POSSIBLE_PATH_FAILURE
97.0067769296963,23.628840846728536,5.3562913905008545,899.9192871749101,23.638759088631083,DEGRADED
287.36393644630834,0.0,41.0110787756902,185.9030323092244,3.826126224453861,POSSIBLE_PATH_FAILURE
140.22418340205974,29.851155365700517,4.053338935017443,2620.5044584185252,14.889391211792114,DEGRADED
106.75729392301432,60.60578602579336,7.013354056287509,411.5165195122736,20.713110811799133,UNSTABLE
155.55260004572582,69.61205066189636,57.72775374075951,438.71962472108856,6.995258233525171,POSSIBLE_PATH_FAILURE
96.81798668358678,53.35092791925515,10.156093043161626,2828.858781350854,19.974570939976775,UNSTABLE
4.184056005460576,4.102383457403389,0.14996727979940414,8861.366562980213,60.04298160855372,STABLE
94.11698485409043,13.851080187679742,1.745001440943028,2974.2265465613837,33.452959671022725,CONGESTED
113.47202028447751,73.82575399811654,11.804824133060125,0.0,19.491952266793422,UNSTABLE
9.921070503764554,0.186171668796276,0.10212689551285156,7124.452324394669,67.72293801984381,STABLE
124.10054440031169,38.07077128945879,0.0,638.8377237393128,7.1919492919251855,DEGRADED
80.5253325615138,21.019208484184126,1.984867017744115,1344.5493242653165,46.72690324225751,CONGESTED
260.34317973495763,48.71598844461924,14.490142485795966,4276.625527942843,27.525640044473235,UNSTABLE
34.43478503808452,17.534734399417243,0.0,5929.014706847634,23.13998614723594,CONGESTED
56.48746835799657,106.03846960792362,9.756532700048677,2188.4769852243176,25.235895552677853,UNSTABLE
24.869724807855818,3.5008926005215213,0.16570334959857572,9669.435493731278,53.02454637597396,STABLE
128.45583616492428,22.455682082338136,8.41610240925182,1068.209808275647,19.4292097254662,DEGRADED
60.05511485436068,15.110471775207985,0.874143456322316,2170.3055536619922,31.3673785234208,CONGESTED
301.78297066420333,122.63856410440937,24.058320907137578,317.3956193719992,7.344584539414733,POSSIBLE_PATH_FAILURE
129.67089876810937,62.88930494623712,14.559280447623069,3773.1886111969034,22.6384926429222,UNSTABLE
104.65110800965199,17.518826041151954,2.307315321799947,5177.720256157001,18.19836081003566,CONGESTED
16.913269444535874,0.5018800586438945,0.0013265542026222044,10379.887240763997,62.048456214378234,STABLE
72.34675461976514,33.92446280448237,0.6223166842879726,419.71063786863624,0.0,DEGRADED
102.79270513858631,29.270321838053693,8.634144716979725,2413.3465460337125,22.05006359240042,DEGRADED
116.24397636883019,25.155689836708373,5.886051189863162,1127.0659632619097,25.35680114945624,DEGRADED
42.90259275985874,15.398138274424024,1.9862101682310613,1467.9361592126024,21.700391825208904,CONGESTED
95.05624262129632,10.234969958335313,4.402785236067605,2204.453100191253,13.700578440848316,DEGRADED
92.87499353768757,38.77806189587989,6.293825921954033,839.096902700036,9.397081631273881,DEGRADED
316.16629752790186,44.51489283787423,1.5196550882405973,0.0,2.5088032843752246,POSSIBLE_PATH_FAILURE
13.860231986071028,3.967964587903054,0.31359179715141067,13297.77267505732,54.825472272251254,STABLE
323.58729480389894,19.05525476905848,31.211340052796533,621.5060111730584,2.0150867640752943,POSSIBLE_PATH_FAILURE
99.91606590672129,35.5927372353347,0.2445952762331176,1917.7497085275686,25.521424369532095,DEGRADED
87.62048286568259,7.6444658487138355,3.1492667056450454,3617.339714830114,17.51989664021714,DEGRADED
290.96665606224843,56.75589698875359,41.23872629063525,574.2574775384182,9.978128722657871,POSSIBLE_PATH_FAILURE
82.66514774198639,12.629179595651317,0.0,5397.215552109666,38.09699658561239,CONGESTED
256.10223602980597,61.608750335756866,30.50466700217559,316.4601918535601,5.807821247441975,POSSIBLE_PATH_FAILURE
75.21664747409957,17.541924932213476,1.055101512072097,3711.7937170411537,21.07025576525448,CONGESTED
47.73479257481037,1.7856562638538183,2.560867621128361,1462.1778279268606,15.013849405225764,CONGESTED
328.31898911515816,95.27203698938901,55.18124474717445,1085.84291692865,6.277625020516438,POSSIBLE_PATH_FAILURE
94.65543683550085,42.684719665930956,11.481659905912728,368.50162482554765,19.43373360935835,UNSTABLE
19.534127296606606,2.6079914043099683,0.0,6957.4783731448015,70.45759333835208,STABLE
97.2976608940463,12.594558051131575,0.3689648793267637,5857.430816000049,21.949478856395785,CONGESTED
48.58921963501342,96.58025282221539,12.154503486738294,4314.06804887605,21.00446406295042,UNSTABLE
22.34400892698696,1.5427790294809451,0.3916278145027931,7100.330186637712,47.05444151825368,STABLE
17.453918302339698,2.2954699301004613,0.0,9752.81185713006,91.89873646681397,STABLE
169.69316398113756,59.17901626217116,0.0,2585.566239266811,11.06105551625436,UNSTABLE
71.89953131972321,42.991053257097875,6.425968618636366,1008.8740442268561,28.95349961857908,DEGRADED
176.33635038487333,38.94762384274356,36.33826529386348,0.0,2.5258713955481493,POSSIBLE_PATH_FAILURE
63.79366168419557,11.97492723952405,0.05160206441640036,4510.895751349282,38.24940801442261,CONGESTED
23.63454337839073,5.924710526946722,0.8898992208844516,7035.807429331243,79.84953227166106,STABLE
124.91136836560509,14.230757010979346,5.300812097117765,176.59002805657929,19.73821014804118,DEGRADED
59.5053905620796,9.17931446538675,2.3640568925967775,3262.8616537184503,9.130295034478717,CONGESTED
19.415887561413175,3.5457250360515458,0.2991558585762786,11715.81479218258,54.71312605468659,STABLE
249.32989425476268,22.44322377102506,7.187396750454553,106.08976425949533,2.8724576282281804,POSSIBLE_PATH_FAILURE
180.7359707093272,69.14297868097586,24.607640511428155,1304.6118206086153,1.7157689860051324,POSSIBLE_PATH_FAILURE
125.67341460085876,81.75932210589272,7.747288710864591,3196.803394082921,0.0,UNSTABLE
164.77647034090734,88.25804297065949,7.8058808292551625,6506.519540877145,18.2323814103579,UNSTABLE
31.33680478756702,2.4234290837453623,0.33393830637355626,11171.454844334781,61.165287745029744,STABLE
48.90362311989155,9.624789632503365,1.5097173736186305,2043.7900551590506,26.11740838576914,CONGESTED
135.25457617669073,1.0113975589012938,14.278691718097667,3684.0554474070595,22.924694658258172,UNSTABLE
28.1980362463419,85.04311925778364,15.821925073338003,1746.3321897235005,22.115788247813384,UNSTABLE
323.4826904031676,57.98827709179143,24.300891867343026,98.45344072863696,3.597148637930995,POSSIBLE_PATH_FAILURE
126.11879030579117,7.272225547575424,6.517793382941909,2444.84143037923,19.255206173599273,DEGRADED
184.7509724028037,107.68504753730063,51.235078844633904,464.06688476523277,3.640623897013696,POSSIBLE_PATH_FAILURE
268.59229154433393,138.11772335249177,17.25539785781937,354.31905395925713,2.8464930240710986,POSSIBLE_PATH_FAILURE
201.6140941918849,75.28277287580919,39.58811136212906,259.9027308493377,2.701196179366298,POSSIBLE_PATH_FAILURE
132.92884841867976,24.39520680446656,5.580186453084938,409.2891227936109,24.215894795375632,DEGRADED
243.23433970954184,44.428826859565845,47.120462112663844,304.91011640556457,13.085797926965899,POSSIBLE_PATH_FAILURE
179.83576729083407,9.933400359398728,5.317661246246535,1084.3337571596594,16.664087426190058,DEGRADED
325.7505206576978,79.5143963103478,39.58187308665247,842.6277550220304,1.240592604946659,POSSIBLE_PATH_FAILURE
69.56179379294556,13.290625406528783,2.2557381891423347,3986.503221023707,23.062877336484775,CONGESTED
84.64014104524453,27.30979963974074,1.571071073141465,3129.712713782931,20.520630308863772,CONGESTED
69.97579532715065,0.7558366936754908,3.740706411430892,2257.5103224924583,21.259044199451502,DEGRADED
143.47560931404774,63.3196222019156,12.984983901792562,2150.7971458188426,27.245478034466352,UNSTABLE
79.63289878683727,12.710521928619126,2.715427449778261,2548.6402289298258,14.18428600711163,CONGESTED
85.20990478647808,0.0,1.874479708894677,4940.123575304085,49.23307487217524,CONGESTED
78.00327989496293,50.78401539925832,3.77413352547892,2585.2398290256274,1.6255229612633642,UNSTABLE
72.5959349509222,71.37667154436545,20.32976523057037,2346.350296515157,27.476563176071295,UNSTABLE
30.8528700444591,1.9303773235628843,0.0,14691.346723857725,69.60615634448374,STABLE
433.3326668852356,31.253921770599185,23.815754347047793,444.2891497617314,6.562805997872039,POSSIBLE_PATH_FAILURE
26.700792422021898,2.0876876077692845,0.4128985596913629,6355.309338672812,40.76869217756341,STABLE
115.94467763538286,29.792298732384133,7.207248589281858,1733.218884447715,20.59479674019815,DEGRADED
0.0,54.7714308731629,17.567773941150417,5306.90915264232,15.116508971118098,UNSTABLE
53.45939018840453,7.48599097519909,0.0,3478.560468405527,25.89875534325221,CONGESTED
16.478664495117705,4.047901908385342,0.5401367817692035,14055.27237713369,46.99159094653609,STABLE
17.59562802929657,3.1118787002648016,0.5227168902482575,6792.836213630999,56.92899355659924,STABLE
391.0590135186416,114.7895017970223,41.659052591539286,1536.8417744451172,2.843298176021971,POSSIBLE_PATH_FAILURE
121.75996522276556,12.80360846255194,3.8645879585807723,4931.880664768165,21.89924335159833,CONGESTED
422.09424080024075,82.49577114252212,29.057339580998242,685.3412227517709,6.422044343793712,POSSIBLE_PATH_FAILURE
174.36465440257018,69.93952563577847,1.9556243239921818,3679.9531510468605,5.66690225261622,UNSTABLE
1.6909417415246963,2.965924221325074,0.0,10487.381145442005,100.89646496953293,STABLE
120.35592376119406,50.35872198270691,0.0,1247.9870636514318,19.79510859804379,DEGRADED
108.56734956395499,53.41674454012928,13.152404548124924,3400.071017377819,37.89077726906922,UNSTABLE
24.422728495633407,74.8176282934752,5.694933310013822,1337.2320665129344,0.0,UNSTABLE
132.6964107806103,45.97816756211791,2.4412735912216004,490.97215733414544,20.937676269162164,DEGRADED
54.568105820657166,18.09474217373463,3.666707075946364,1128.1417951742656,15.082950868406133,DEGRADED
268.9923368860302,49.938297752085944,2.631025383627126,0.0,0.0,POSSIBLE_PATH_FAILURE
40.372331429915164,87.97586165415281,13.699919103334153,2110.547369158689,20.592557273785015,UNSTABLE
186.61780245727823,67.96537928990192,10.075345862787605,3339.778743069106,44.369368566687555,UNSTABLE
299.02711077669056,75.59939784540116,49.25698067865584,833.9480686083457,10.60409175953262,POSSIBLE_PATH_FAILURE
25.983470470748827,0.0,0.39075300147977965,4468.529083578395,56.75730986712164,STABLE
202.59269475186431,6.661470932648427,51.68860821905997,473.0400638514649,6.2621115082362495,POSSIBLE_PATH_FAILURE
146.61373161640415,81.80435419474856,3.3942014483301133,2168.253044736027,36.26929436763564,UNSTABLE
74.79150749496168,33.60304118044415,0.0,0.0,5.811702712687062,UNSTABLE
8.92954317956512,0.0,0.0,5307.142587218931,68.57495574907091,STABLE
7.173653497394783,2.075745849655109,0.029986092406955045,12449.58082438597,27.13506060289066,STABLE
21.7196033243706,0.005253659810926514,0.052325873370384135,7119.90936586927,58.940826726739445,STABLE
83.69996694675913,81.77055537709403,12.124016675127537,1321.58823646264,46.56241940564902,UNSTABLE
116.90237489753177,19.64043374360518,6.8163110573911645,747.7638415536696,4.063553220103648,DEGRADED
355.90228461458105,95.99286954080947,56.87440285734045,246.42149766929887,3.790273554726352,POSSIBLE_PATH_FAILURE
35.11228433276722,4.110720457017151,0.0,6359.33647927333,41.26804364779502,STABLE
169.17524756236287,52.300482958042195,0.0,2463.603366247544,2.2631060376543957,UNSTABLE
91.36303404779387,53.177559882946724,12.94189846752018,1055.8707463776027,0.0,UNSTABLE
222.48266204811853,59.09274601494843,0.36795996462496117,1738.8953526937719,7.5245991836258135,DEGRADED
184.1328411673266,103.87123999799044,22.756820591234728,738.5684479779077,2.556658375104814,POSSIBLE_PATH_FAILURE
25.807770953297968,5.456841624560303,0.5422438368084143,8073.467366150345,78.16522818534648,STABLE
351.1732585816316,101.55678220239011,61.18140609800818,172.85960613663258,2.5010980656024207,POSSIBLE_PATH_FAILURE
183.60226458985193,22.708397299080374,2.0267771419260288,381.3665789325855,18.4625349613016,DEGRADED
81.95701751825445,20.27947680418244,0.6349225588147127,5905.387061860626,27.133653560839523,CONGESTED
119.61529482733496,58.51331386681979,16.783770933340453,2319.4457198058385,9.393006292618823,UNSTABLE
14.877572709284626,0.6317433362034555,0.0,7368.009265385514,38.249957604771,STABLE
19.18412230314879,3.5797709518368017,0.11298026781882449,7322.128012173321,40.4952737649473,STABLE
418.86145144707314,103.21885879596044,20.557786482440925,575.9144080583608,6.002216734546371,POSSIBLE_PATH_FAILURE
94.57104941806507,110.17705163659184,15.884540764032213,2757.4623187348907,4.46384431884761,UNSTABLE
108.77942832230653,11.343114542357595,2.0991834820245465,2247.3838031299265,21.497870927441483,CONGESTED
90.8237801905671,16.623013283134767,0.0,5529.324908716241,11.231360835238313,CONGESTED
152.88480606325214,12.173509131678596,8.287856821092749,883.1379674784328,23.904601716155153,DEGRADED
210.23553038460895,60.77469825027184,17.254571279637798,644.2995442543779,15.519633734657052,POSSIBLE_PATH_FAILURE
94.3435073357833,9.539702295816967,1.727461015096998,70.45321478334745,33.57845567016051,CONGESTED
217.70619432518242,124.94377095579397,27.085176990134364,54.47801999256751,10.933636892127435,POSSIBLE_PATH_FAILURE
95.08970166212134,44.56111233855548,4.9562302687156565,1259.6292251404823,13.064415217625264,DEGRADED
491.5552135546459,90.39578109978895,62.55593491637174,214.79616548729658,4.090577619794141,POSSIBLE_PATH_FAILURE
61.65287935016117,10.114095424598197,1.0339714692585629,4290.161990483286,10.943467080700067,CONGESTED
49.21585753006737,21.28275767725661,2.4913482523833164,1086.0978716759882,20.414616484723652,CONGESTED
395.3972823091557,52.360153603603564,50.13081761255164,1137.4295337954627,0.0,POSSIBLE_PATH_FAILURE
13.452123045706095,0.0,0.8818975477938167,7901.341216632774,56.43793066360733,STABLE
3.1353184876589815,2.2227336378663636,0.6927980880308702,8634.714921013638,63.76148068598074,STABLE
172.36672175574392,59.926286502958675,20.594280883383632,410.7028238555423,0.2833735238881614,POSSIBLE_PATH_FAILURE
76.84600112717467,41.89570754190715,5.033446434253831,1392.8882819649016,21.55058550906467,UNSTABLE
111.59636319424466,43.6459212862761,0.9008838560450778,1771.4694596664099,27.13120688479627,DEGRADED
88.28107748075428,58.59593485378909,0.0,581.8507570516178,25.173498867885005,UNSTABLE
28.35807896314337,0.8710545077476555,0.5802870682411714,9984.312498285994,65.38371577655316,STABLE
122.75498202991247,36.16304805163284,1.064212816359861,1324.106447960186,12.831739694048473,DEGRADED
174.04747544934202,51.853699912772534,14.645290847621503,2406.752881094495,29.188763693605416,UNSTABLE
84.56866101645248,0.0,1.2604956946033945,2633.7300551554117,39.999153655824244,CONGESTED
55.732390272464585,10.730790266296417,11.665411713928336,375.7365648305956,24.763061609920477,DEGRADED
43.330519061065004,19.483001504215405,1.3633553371256626,4402.9579382490665,20.844895395703393,CONGESTED
204.75332692604232,34.138423869203194,2.9856087184027693,1128.1218423219639,20.462842555101922,DEGRADED
413.35211537982786,104.38173738700533,41.12616618648915,810.9582398004206,1.1324842944213445,POSSIBLE_PATH_FAILURE
103.93343959999515,11.047003701190475,0.3683457663108858,3043.9896609461034,47.449176025300304,CONGESTED
252.4885745925735,97.90057121599446,30.834471454903607,92.38491856376214,6.350559147266795,POSSIBLE_PATH_FAILURE
154.32061742451427,39.69443931352093,6.450797945781564,1435.3583069279046,8.65329801807163,DEGRADED
86.03582461834291,16.545826977094457,1.4640467419210539,5604.6162049545765,11.131751562185045,CONGESTED
181.00405843435033,68.00273989062066,6.85361382343876,4432.247890810115,8.074375223250707,UNSTABLE
267.120506986547,52.72287361802381,20.032776576332985,808.22066762964,9.542254374253524,POSSIBLE_PATH_FAILURE
22.328780201371682,1.7432577837610428,0.0,3992.9656536854263,42.48742535006521,STABLE
106.14346366356273,45.95159151786078,10.292723230703496,402.2225222634984,18.37243889038452,DEGRADED
190.1098785259623,85.01154233708812,9.579963416562107,2113.014897770459,0.0,UNSTABLE
75.87319093246379,78.96437133845332,13.87058957423694,2737.4775555848023,38.912690086318925,UNSTABLE
271.2946469884258,108.57321816875103,24.80914839598451,400.76045793556204,0.1013177149779736,POSSIBLE_PATH_FAILURE
145.22523536515357,67.54992719790695,3.8043958446222774,1354.2552674714325,21.676034591475254,UNSTABLE
17.95931415561151,2.8309602369770532,0.4112571035369501,11479.735849251489,81.46018571923314,STABLE
74.14888287255128,11.1387573200279,1.0565034878034842,5579.2546391507185,17.197000265181885,CONGESTED
131.59959838565769,70.13502582666759,5.721064007190249,2398.834221522861,18.537085033437656,UNSTABLE
112.03312568783268,44.22954614889878,10.380996430962044,616.7609977414909,26.79693063223251,UNSTABLE
42.860744127112426,13.117295174148808,2.6450683865200744,5336.132149573762,50.84161130350668,CONGESTED
92.59902903553802,25.552277223850115,1.8195053846209843,1745.3003231937478,21.916600865671374,DEGRADED
107.18726444806238,10.550174297025775,1.4153589397858009,2695.344276271173,12.232903597151047,CONGESTED
7.720001191775026,2.1161799658406197,0.07173365560114398,9875.531244646316,64.47785414136115,STABLE
83.70219260205354,7.123518233725553,0.9089177976458909,0.0,29.47106278719092,CONGESTED
56.496161148188186,15.527507675481733,0.0,407.9559366405765,41.114650694090884,CONGESTED
58.68899151218207,0.8153878070871361,1.1567550453154636,2825.6654688604094,11.136742633295672,CONGESTED
134.91056661042643,87.67065711990688,13.470282629411692,1428.3016716930645,47.23194945432327,UNSTABLE
85.56102616898663,12.707476017996187,3.17600456633783,2350.827426916602,22.915318391620904,CONGESTED
8.279928074051842,0.0,0.7523766843280713,5414.444481355992,65.26850523304319,STABLE
21.643907029773022,2.2308997799641666,0.46669495412139445,7431.697685207802,85.9190537656853,STABLE
106.41920398937825,50.137053130709155,0.5929101282859399,1496.6448018128722,13.905304284061529,DEGRADED
17.64170637825147,3.0234328354387303,0.0,8108.471308601735,35.912661029319125,STABLE
167.90847026367473,21.332542484677134,5.733651388964493,1055.679385921298,16.931830777809676,DEGRADED
112.97079717803531,31.126682470054334,1.3218617063431886,1572.1792948227494,5.432983178009678,DEGRADED
104.48077015874972,10.889640546024545,7.634688014649338,411.3581349167482,27.04629363546862,DEGRADED
157.4208770589129,22.126067064915752,11.88051596997759,2157.46587539719,4.524632807939518,DEGRADED
97.2287157559874,39.1779898573089,5.269282625659162,564.2086658356593,27.22161031785999,DEGRADED
274.50173983195447,73.04437687511174,50.86618570130971,206.06262333530515,5.867765209005036,POSSIBLE_PATH_FAILURE
97.52981333447997,5.752564582127318,1.9629821614463738,5731.600955492662,32.219250268320394,CONGESTED
123.43602947323714,50.43168140595574,2.1231792646637597,0.0,21.253190271381435,UNSTABLE
142.0204190730049,15.016930616228095,7.399968360903252,0.0,20.20147085564864,DEGRADED
149.2253348002514,49.57566028165363,8.20993131738832,1844.8603774188755,32.695874105807164,UNSTABLE
94.42410376071781,2.982353476516556,1.5672139516496024,6808.962283436214,30.919425583664726,CONGESTED
4.8158617732879065,3.920824721195153,3.467428818896908,545.8665855960508,3.0844525181000435,CONGESTED
125.24020913437795,21.928609652690184,5.829450159710879,2621.438142552123,29.273312550759634,UNSTABLE
26.161346680022383,1.4119129166022932,0.0,11115.313114764014,55.91461024385402,STABLE
91.80461554770052,21.847443326386617,2.724939469991269,1096.089975456527,11.529398092269329,DEGRADED
26.236199571648058,88.94122832273541,5.022575862528701,4126.46249254849,26.596325440636182,UNSTABLE
96.17933926225112,77.02901275407872,6.077631333096674,193.5314170753145,14.456676831760843,UNSTABLE
25.555820886501248,4.8224760891378935,0.1477476313336404,12180.597154430245,67.6569141773029,STABLE
143.71247094095108,66.12355355164246,12.689439947741821,444.0952080943248,15.976593718736133,UNSTABLE
48.18602227296087,4.304732221776076,0.2600122044737929,0.0,45.324391635371875,CONGESTED
69.23932087743393,17.12545791191095,0.0,3146.4279403888922,17.15698203411806,CONGESTED
139.6684488953282,39.883724569879554,4.321924954762321,1387.5187548317774,18.98452067049785,DEGRADED
40.71387034934328,18.47061645845208,0.0,1689.77884913207,16.242535936025565,CONGESTED
63.442136860475124,10.18166288780587,2.321925606842423,4428.93693741029,9.829529399908168,CONGESTED
0.0,90.87700045001759,3.712276428486809,2296.738088002392,0.0,UNSTABLE
9.594560608424656,0.5602485103169568,0.0,5939.2414748943465,77.35752200130224,STABLE
85.59105249029128,12.686094658923578,0.0,3244.864230462248,40.69250444637538,CONGESTED
115.40025253125157,19.584397309817284,5.443302687452194,675.4987857078476,8.663894791532066,DEGRADED
87.75340882191352,21.394622852726485,1.4286672420541326,6812.928642036644,12.485557251871011,CONGESTED
165.06826309503458,24.536864059767396,5.509444726238292,1310.4879330543517,22.53190227475285,DEGRADED
220.8586376722253,48.919961535894906,5.443758019727443,1800.701369685184,27.95191211485342,DEGRADED
297.7081529602094,58.80231502264419,59.15176222057164,585.2210863365549,4.285669957028694,POSSIBLE_PATH_FAILURE
54.99043927709123,6.57761066432208,1.2276930797498211,5455.22642869911,10.912812776679303,CONGESTED
60.79022583700696,42.930885884921935,7.464689451183665,3431.9186389942597,6.996328560289756,UNSTABLE
162.71771678638729,37.4229856014981,9.15094569755142,1255.8715323882761,0.0,UNSTABLE
325.69543867048753,39.09941287003036,28.708428345402112,440.36967642215507,9.757628569560064,POSSIBLE_PATH_FAILURE
286.83173399376955,70.05211377672046,31.441063430024425,100.67030451203021,11.803706667183281,POSSIBLE_PATH_FAILURE
65.795864247295,43.96016768547312,12.040614495810384,4329.370765167707,24.836560159839546,UNSTABLE
417.70131898698213,61.583317854773966,15.338790446344284,384.49284646548756,2.787056507293702,POSSIBLE_PATH_FAILURE
118.02252055215052,8.965547372538357,1.1434074992432153,2586.9822592677942,14.785511954836851,CONGESTED
296.90394842074164,59.582680499887346,35.46682216218092,256.5313180853591,10.371768173446892,POSSIBLE_PATH_FAILURE
71.04636189456194,17.43606256542365,0.09801370216967853,861.0528279686423,24.66643232898068,CONGESTED
6.4418602887344605,6.870762367058219,0.14563068963598966,10055.4666535936,61.05224151822761,STABLE
347.946042754568,36.89777640051443,12.653296991162847,477.48792799183866,6.1077752273830255,POSSIBLE_PATH_FAILURE
22.732040228521228,4.163700878614157,0.8702279242393194,9917.63381670222,60.63148244562766,STABLE
187.822769542623,105.77656568222574,9.268712808038133,2142.0409518493075,25.569934622094458,UNSTABLE
46.68971734520916,5.484671019025718,13.454282235090698,154.046855005294,6.327167879450672,UNSTABLE
91.6994983587065,19.07617387615847,3.0599740234530852,2857.050659454706,18.488470784258073,CONGESTED
125.41005033239084,33.80505253318059,6.078297265698254,760.4608864524361,8.051241724435346,DEGRADED
23.135138474501954,3.937105557012405,0.0,7779.9502460951635,65.13567563027713,STABLE
158.08351135075324,12.236187595374155,17.649795176614507,0.0,15.741424243711183,UNSTABLE
194.16728480584402,30.58601439762362,4.292135450479188,2621.8521757036474,1.3663117782882086,DEGRADED
310.39365608991704,62.042679554392066,0.0,1354.0801490063197,0.0,POSSIBLE_PATH_FAILURE
6.795110158429626,2.4525920083644634,0.39350500679451805,8129.039122344197,44.99249383347042,STABLE
140.9785415523418,18.172197663391188,4.107526855402435,1452.7253681491447,16.291614215194954,DEGRADED
0.0,1.7413110313309912,0.07815990635870433,10069.090547199363,72.01490325769515,STABLE
108.0490283776185,21.438689994953023,10.532912519614388,2097.42116549205,9.37281187927568,DEGRADED
251.04358120490673,25.91743376435035,51.33541101087896,97.89146257325552,13.218844142324006,POSSIBLE_PATH_FAILURE
136.445334071395,7.455479275003036,9.346889858493373,0.0,8.336286219810628,DEGRADED
22.441043889783522,1.679399767956022,0.5624788476441501,9778.52336862669,57.94572106650203,STABLE
17.283256163127078,3.5584831078671244,0.0,7597.752272890434,64.06729049391421,STABLE
76.8193734739406,11.752069168067049,2.544798536384865,1830.8948939495472,17.052944345895835,DEGRADED
91.06718009943158,11.811965354067388,0.7469176767169953,3171.572701618443,34.287577723288535,CONGESTED
251.16203359591057,88.67360841498538,29.064564449413204,0.0,10.286878400889906,POSSIBLE_PATH_FAILURE
174.64617907752478,52.305021616158925,2.756310919680974,1862.221256395983,19.171661807728263,UNSTABLE
111.07120422132958,15.33041832042807,2.357942269247996,2515.2020663342264,52.60369094773614,CONGESTED
28.705556094197263,4.452196722892669,0.0,11121.29026347126,82.53220697258385,STABLE
127.8787022235214,6.944602329179542,5.9373288262342,2527.990394587483,21.079998690047645,DEGRADED
62.04483819668538,15.371066509431436,0.09119000877282835,3946.615206520934,31.340781590473853,CONGESTED
137.5169037566061,0.0,4.016195501636815,2326.0068104061584,15.363438965057698,DEGRADED
28.137636899662105,2.26906081177155,0.23416255824260368,7980.673070988917,87.08600931011244,STABLE
283.4827045795558,73.2307195115671,35.08526254209098,290.21614336519406,4.817127541285551,POSSIBLE_PATH_FAILURE
122.70691949728082,17.309510317763248,1.8559343561791195,447.3574485283052,27.405497879354513,DEGRADED
125.89172020816828,66.66472042505397,8.15556029859261,2479.433318848599,4.21089832805259,UNSTABLE
48.55549995020381,11.006065124255105,2.2105525813840545,2151.755181329223,22.513057538306903,CONGESTED
153.16656891725245,11.289976693416904,0.0,3243.9597830480234,19.697840605421963,UNSTABLE
91.3668271622826,6.377104760921197,3.568092908325958,5664.4816024746115,44.07855743733011,CONGESTED
339.8642812550457,79.94563947468724,44.66560612794953,36.33765521195056,2.0010142977028336,POSSIBLE_PATH_FAILURE
203.92195163642214,26.122536364897044,9.243770503457338,102.88783917670094,9.899203194083016,DEGRADED
356.06227094902,92.32265440918633,16.67009393779361,337.6598090448557,6.457548676860201,POSSIBLE_PATH_FAILURE
5.428441801443336,1.4061780214066195,0.3623392514654121,11133.08165717269,100.74255793919626,STABLE
157.55231538197881,44.92501562339606,9.193910724752119,1769.4180513328884,20.06005485821622,DEGRADED
137.79424679843828,27.595819132334988,12.574938831644367,5148.8026031468435,13.382643796030697,UNSTABLE
8.879097477271443,34.8636402309647,6.6814781152950715,3248.3581159376727,9.601607455492239,DEGRADED
150.88671311062086,58.491251162012325,3.851802784258725,330.4485458319423,48.84955115069046,UNSTABLE
80.53626851388344,23.858332420987196,1.0803296408246723,5971.558638691078,33.18069023360924,CONGESTED
16.10982803541124,8.556359017803501,1.7654754504007473,6214.53893217937,41.04033776121756,CONGESTED
64.93377516749479,16.733074278913644,1.543443167111792,1334.0252071331406,40.801744315201034,CONGESTED
163.94838695761175,21.1779034659003,6.548205613024104,1225.0682310861555,15.745652158598274,DEGRADED
196.49408810125257,86.87473223079967,20.06274463065195,0.0,6.587498114114126,POSSIBLE_PATH_FAILURE
70.02617965206342,15.702803532441513,0.0,2525.8874956624722,17.83182262782622,CONGESTED
63.45888103864101,49.531067240905145,5.745015601297308,1749.9345508431793,28.228236675951447,DEGRADED
361.5280353535222,44.04626109339674,66.57223898107074,323.64055575031284,4.990265459705905,POSSIBLE_PATH_FAILURE
102.71494920621707,26.84286964105263,2.0314118447911325,668.0347828243964,10.626829863265023,DEGRADED
14.660997616264453,0.0,0.3662990013897172,14497.11963370583,42.34838133299847,STABLE
167.2576363727348,30.987316171127908,3.1677322806235657,2114.354708703421,19.050658520996212,DEGRADED
181.33814092153963,77.81601649014945,5.2615854708233085,0.0,32.5377074218283,UNSTABLE
56.58154849141743,4.889555740180465,0.0,4803.205955366329,18.73410293309314,CONGESTED
121.76296182082152,24.31745859568889,17.864765270747444,0.0,0.0,UNSTABLE
68.24295194964125,6.258101598971314,0.0,4265.040669191672,0.0,CONGESTED
118.26817911178355,28.94791561130082,5.67849594758382,1845.205746826042,13.814265334424453,DEGRADED
26.1681419968978,0.5667925694211902,0.024833918272334304,10094.183250482765,82.20781944714926,STABLE
49.8189048635146,23.026473784720537,2.6723792768143575,1498.124769062917,33.075768860281904,CONGESTED
47.249027769971306,4.648894456013099,1.5007898498676076,3954.8635474523458,50.591788271832584,CONGESTED
148.22201389619113,58.46206677981121,6.036509148470968,2640.2316590730074,18.28563557384957,DEGRADED
116.2152117576968,11.316579280694132,2.679654942134649,1833.3648811224807,9.987590971895377,DEGRADED
422.1204059909247,31.691823480322945,33.72916774974128,924.7776924156567,10.19869630773248,POSSIBLE_PATH_FAILURE
112.00767764945837,11.415245246919335,0.33537213880289385,875.9629194600225,1.6403733940115757,CONGESTED
158.9041078644006,12.440487150580548,1.4168186223722872,1781.7827412072852,14.546796306006131,DEGRADED
72.79898103610945,13.319264178140195,1.1027697826665606,3425.664832386987,41.89591663095504,CONGESTED
23.833771131824705,1.6117228777086687,0.49279521508821555,9152.537138535514,42.4815117183653,STABLE
114.76806846702927,6.138671181675352,1.203191472055604,4127.695505881053,29.91028164264064,CONGESTED
84.71027560925477,43.509818613239446,0.3084399473778454,571.6457168764723,0.0,UNSTABLE
159.74006409718294,36.944647706118545,5.544897384585053,2089.3456078421236,24.72975021745104,DEGRADED
403.79501246591286,70.93813392099081,44.88246660713148,605.2190148323872,6.897202036701538,POSSIBLE_PATH_FAILURE
399.68214780261167,65.77792290783408,39.493203253736766,53.913427174912215,0.679771033777036,POSSIBLE_PATH_FAILURE
49.57880244061363,16.10998843660096,1.49719033417565,5377.384587188875,40.88948212280927,CONGESTED
133.80179380833965,109.09552293153567,30.834271279777766,577.8901392169023,4.533660256323532,POSSIBLE_PATH_FAILURE
24.730871980274753,2.647268099021339,0.6816450148381894,10883.030162069663,76.86689783849957,STABLE
217.12252236571823,64.91629769281559,46.52694621056057,1462.2052194877433,9.217466422999804,POSSIBLE_PATH_FAILURE
35.459216901623066,16.147692593537492,0.0,1417.0151545696003,41.500641876251386,CONGESTED
52.46935018421412,13.06061806935542,0.7600354320906401,3108.2353005757404,34.81466984933935,CONGESTED
71.10469587398966,18.928392615270976,4.012183984524965,534.4808410647006,29.266263208034612,CONGESTED
85.46651970302764,65.67638858113119,7.729772902980433,3288.6421601917923,27.716872962027757,UNSTABLE
114.04823279474627,77.08606002526165,8.59552812990226,3606.937275901698,11.568279871118884,UNSTABLE
88.74682583655408,25.59797957122955,0.7867335028178566,2264.3291141764294,19.499540976489975,DEGRADED
91.14188421133306,7.241677343216547,1.8580915219571468,3119.762096699697,26.376759321204997,CONGESTED
143.12968969439936,4.126738903312855,9.323261691137988,2217.339777208217,15.965203205247894,DEGRADED
27.494338997277403,3.1571974122300746,0.03986121810223747,13307.074708422648,51.25945384779996,STABLE
28.863939595679525,2.3356629403219893,0.4292343216505369,9680.83350282082,82.64631885094691,STABLE
9.163011726419395,1.6682445777591273,0.5490487442919421,7836.0330510285,86.84364589546438,STABLE
456.5764578653227,101.3582447549669,54.356440963446765,415.9524972706671,0.0,POSSIBLE_PATH_FAILURE
293.2297225559829,121.03252918654556,8.04766014435771,202.48420597064282,6.098256092385325,POSSIBLE_PATH_FAILURE
24.347660744666186,7.599178186074639,0.28044883428659484,6127.10177365341,54.544759046579145,STABLE
308.6306655914036,33.54166762601463,13.165508818621763,677.4638538339332,0.0,POSSIBLE_PATH_FAILURE
39.67411037003232,10.223126446854637,0.56041932561795,2164.4529301958173,26.691100612297333,CONGESTED
2.693283944927817,0.7633883655869123,0.35685312822470916,10252.032833865278,59.3194799463385,STABLE
44.724905157127296,3.333123953082655,1.1458864129172548,3116.096727776412,27.064233977266873,CONGESTED
23.74123165189944,44.739826414615656,6.794938423282855,691.5942183648526,19.76755797297883,UNSTABLE
122.35512443700202,86.14563235043136,9.046522486926994,3208.2325132701517,4.213063055570441,UNSTABLE
193.21042114268047,70.9831774386493,38.1996044911863,0.0,0.0,POSSIBLE_PATH_FAILURE
142.8628852439698,18.203994486563595,0.0,2461.8743157262857,0.5535081922612797,UNSTABLE
15.716721778368928,1.1982060093908498,0.2302810375205464,8840.323537188768,75.16159973880183,STABLE
26.53244883281227,4.942012671918376,0.22685269992914422,8512.489055863953,77.94388836066123,STABLE
389.05708503918436,72.48095665974463,63.469856669842756,82.08791493391072,10.98709715605885,POSSIBLE_PATH_FAILURE
114.20523222534875,72.93826242689664,1.3906741274317298,1819.9918734689222,0.0,UNSTABLE
14.058500443032056,1.6497720957130773,0.26486140289680643,8632.316251228489,67.13817698431409,STABLE
94.7566624426236,12.734293941628897,0.2311993878280021,2557.980047103924,27.123577722466088,CONGESTED
40.13316931547591,67.54808249304051,6.4325391279246675,3531.384459814916,21.155632383529344,UNSTABLE
17.24857748773316,4.548989407730742,0.49878160544667743,8417.873209711037,30.682170099329234,STABLE
51.97344713003018,10.320433042782874,1.117883610640866,2896.871984067445,3.9022263303974256,CONGESTED
12.175836660385542,1.8368121314367898,0.0,10127.718209259556,67.0483875802008,STABLE
112.90184549902673,63.45611936092361,0.23086577705675104,1024.318009330628,23.080546662014285,UNSTABLE
53.90610965419233,15.236631123819887,1.6495248512945062,3841.98843528412,17.80359029079777,CONGESTED
108.00265306042176,13.49036439027924,0.23016347718951802,4930.171492686838,27.311031340869977,CONGESTED
12.369427903052324,7.191997500450879,0.6697338593609763,6192.055044780096,68.3083766058698,STABLE
143.3408816828095,52.518939731825704,11.471814919307025,1755.623900255044,16.17846899477943,UNSTABLE
76.13554508552559,21.485309681787466,6.4260877509926075,0.0,5.275270015879334,DEGRADED
36.59845612361486,15.315607082127702,2.912694399394916,5323.056477566481,41.79644539561386,CONGESTED
32.51725008565195,2.086380038522672,0.26883810933752894,10994.648000698173,60.3301035240062,STABLE
115.39782628538102,26.49280413631731,2.047276425559746,822.7863562623177,14.09265596914409,DEGRADED
15.529054529921453,88.69063753284385,4.256520573532148,3250.674333034124,11.252896826118928,UNSTABLE
20.372278364215767,4.669051094738116,0.09952038881791785,11249.564580320708,75.2821644736755,STABLE
166.88212256954225,93.59123293459069,19.022408434375475,3868.9927208308427,18.776432307862922,UNSTABLE
63.740309439164676,42.79470838511059,7.374363752778257,1375.6668004290227,18.8905021948065,UNSTABLE
101.65749138330924,24.532375564999537,8.321435022962026,192.21321203720754,27.631300030299663,DEGRADED
174.9208678650959,50.553085133090704,0.15653597389549567,3554.6996777223885,23.186047771488024,UNSTABLE
325.0156305198641,54.765926414168355,66.78325661284347,0.0,1.5521628522861106,POSSIBLE_PATH_FAILURE
57.13502901789629,19.720596023742328,0.9196940286922114,556.6613506451681,28.49767043622069,CONGESTED
107.72602832707454,39.43210702072335,3.8525498051965297,2243.4134077459485,13.827261681617724,DEGRADED
138.99259084207287,25.83547339809759,22.217580418352767,1105.1137309986284,0.973885814554345,POSSIBLE_PATH_FAILURE
157.07625059591274,41.209542115614546,0.6460632775367054,2750.2323869034412,12.734024732085071,DEGRADED
75.10552314054088,10.722967137445979,2.1873187541027495,5340.184991389666,23.20545864499582,CONGESTED
148.84681098655892,83.33629322041149,3.296913410023988,628.8238701981134,16.14572522724352,UNSTABLE
121.53094398319892,75.88170199074835,5.6245098438204355,5604.92181952189,0.0,UNSTABLE
150.30533698026767,28.1531497438423,5.344568114858646,1305.6658894145417,16.684260495155378,DEGRADED
92.6957847894897,37.872088732503826,3.411968910880082,639.1794004766052,18.956450000002658,DEGRADED
146.14516691191616,33.76566112630922,5.111408046130898,1162.2060371780233,12.707095503105226,DEGRADED
126.36262390250344,1.8677485828559384,7.6547997858923456,1848.178089999114,4.732906066034186,DEGRADED
142.28211628182612,16.378372912339586,3.450510746273513,855.4741583820904,19.234479693313283,DEGRADED
272.9183862598584,70.93651624440687,52.06934524172301,264.4569439604712,0.43639655127574173,POSSIBLE_PATH_FAILURE
297.61166382641665,58.584391747528976,67.79271806103614,0.0,5.666814730969183,POSSIBLE_PATH_FAILURE
13.380740589333488,0.0,0.0,10403.852886549112,65.44002213766376,STABLE
70.74376861647154,10.394357951885246,1.744227579331814,1033.0962829021096,16.15696950705882,CONGESTED
21.811971607081325,7.66195474366078,2.7741892224212754,1934.233419390568,11.946820885642229,CONGESTED
186.074625105329,14.2102985495869,7.543555569471275,1400.7787917211544,19.866510579460023,DEGRADED
169.17396337870863,60.40392011503184,9.201337956221055,4537.361340524804,40.834390580908284,UNSTABLE
62.328292185992545,15.595044940679934,0.9999957855887203,1744.2394633207903,34.47835833371929,CONGESTED
176.68549470446249,26.85361469195632,5.205963633386924,1023.4397108201713,11.320577518132062,DEGRADED
82.64590492464043,60.791749313260716,13.166481777150686,3568.4857333132586,11.258513372112391,UNSTABLE
145.88169514462194,111.61739821495132,13.759259006906372,5562.836610422981,24.459372048487438,UNSTABLE
113.95277290535846,11.511688773106696,0.8731603689104469,5058.452986878994,31.598669016887172,CONGESTED
281.3763635758478,58.90051172075852,10.40835435014779,2231.1371110599152,34.88087133950676,UNSTABLE
215.33322921728777,27.296656387723967,12.654046860863307,2412.873318462832,0.0,DEGRADED
122.94848161382014,32.16142163904613,0.0,1085.2131456782424,7.806292358315591,DEGRADED
314.4959359316773,38.80178389775827,46.13457704993843,566.9825641652587,9.301811212567571,POSSIBLE_PATH_FAILURE
140.98118316697457,59.6682602425157,7.561435208648724,545.4806437657858,23.453040287597368,UNSTABLE
2.943477839844828,3.3144656868723867,0.20123986479645983,7805.994266667052,69.72310620152767,STABLE
87.4051865459021,18.635953650767767,0.4647948668954034,2283.104954952377,12.098675354514892,CONGESTED
325.40675114851547,98.92011434333493,51.946035974844406,0.0,9.872177408729627,POSSIBLE_PATH_FAILURE
387.4355893434032,108.37981968159464,33.901220671940536,478.9322314947476,7.924181492636407,POSSIBLE_PATH_FAILURE
17.261494944537628,2.803852862934985,0.4833247605620818,6493.154969628533,54.61939031478679,STABLE
9.677373294221631,7.535288407798509,0.23413986960208893,12345.490332346633,58.84860475189192,STABLE
148.67885783053322,68.27606998768707,12.192328089285215,1504.7201095813305,18.21148848284566,UNSTABLE
178.54989657850055,63.581593587933014,2.5149116989381426,791.0465847984882,6.052975147619706,POSSIBLE_PATH_FAILURE
34.45678146378253,16.58882563035954,0.0,5271.744779859611,23.689519700174266,CONGESTED
200.88467000324147,52.67609132079784,13.744453023315788,1040.9878707745247,1.2822722941974192,UNSTABLE
198.61920958720984,0.0,6.973195166458012,1014.8210752453649,30.518034351590504,DEGRADED
84.16709767427716,17.82035154124562,0.0,2802.5274821149505,38.5619246088105,CONGESTED
256.3652792715391,84.38992960837508,19.13863112711944,303.3635009023814,11.035031200923267,POSSIBLE_PATH_FAILURE
395.31342630323604,31.133131584716274,35.9962727470358,514.5963015211568,5.814597001040296,POSSIBLE_PATH_FAILURE
189.7691239271242,60.020001338257266,5.238986361527603,283.0003732829023,35.47465561384387,UNSTABLE
139.8667453470265,38.15459821796654,1.1480998078854672,1522.2620185652472,12.05232167352343,UNSTABLE
21.55429327668466,0.42721332983260574,0.08013531752347147,10043.427007579572,17.617921195653345,STABLE
115.57879610283035,31.923260951155314,8.494735416275129,2566.110786802128,10.567260572070442,DEGRADED
101.40617156937336,48.611683253037704,43.473149679436155,767.2833006417453,10.048455040660553,POSSIBLE_PATH_FAILURE
55.17739964176816,16.407065467851705,0.5367427515343026,4389.994788583178,10.508231716183268,CONGESTED
12.24449325270075,26.553652719067294,5.56152320184564,1102.6748550724956,21.979655657937347,DEGRADED
107.49566993072027,0.0,1.3589120904048964,4370.133168751866,36.748722630284504,CONGESTED
194.977547331656,29.994029437105223,0.19716568781892896,1116.0802231468365,16.248459922903695,DEGRADED
100.32287476152169,78.22039450315344,13.717896783693309,3079.0074978501953,45.7652069419901,UNSTABLE
74.39042914103857,36.03399554948537,6.076997561705986,2386.589603686186,29.142281206606377,UNSTABLE
154.01319674368006,14.418295288489794,11.354348649361194,2030.925319241496,24.70455343372037,UNSTABLE
170.39822227265444,9.723768010380223,6.819977353877859,2069.3513008516456,24.88033994013354,DEGRADED
350.21390739515573,74.49366221738444,23.10021562068002,211.10134324517895,0.0,POSSIBLE_PATH_FAILURE
103.8521130486996,26.689284032454857,3.8787291385426688,1237.8229021079915,28.93001388746206,DEGRADED
66.45704761140419,5.304396848451768,1.9398705642596272,1369.721220436049,11.506072304307633,CONGESTED
83.59518119794765,12.248196982085236,0.16888913291458763,2572.567560562581,37.480133183341984,CONGESTED
240.40372029049433,34.301852991417704,25.34016085823126,511.15361324734835,4.775936643337278,POSSIBLE_PATH_FAILURE
248.09184498150236,22.910514419169957,10.670611053612621,0.0,26.92690698286974,UNSTABLE
202.60558213804902,69.66460289939613,8.016808612240174,4571.553545269222,17.13696421008441,UNSTABLE
242.52969794872357,91.27775937183685,55.12714905141753,235.81234249296415,5.663448661357116,POSSIBLE_PATH_FAILURE
119.1833859089927,56.53754247972636,31.103333019578038,252.53499550369347,8.158478476255903,POSSIBLE_PATH_FAILURE
42.19170213046611,22.548328171880776,1.8166721736138582,1982.672241477396,7.283401177350569,CONGESTED
120.24931506416625,33.126584805500634,9.439028688616471,2644.4367291557464,14.63482418063667,DEGRADED
20.699195809948254,1.4036932844903323,0.0,6707.293619474234,63.33470339266718,STABLE
165.1170942422596,30.10999869412915,0.8559105203031887,3617.043772473707,22.34160238901358,UNSTABLE
113.55784615490583,11.288474467051017,0.0,3441.570075643435,28.001068371563658,CONGESTED
396.71544092005047,63.74878161472587,25.99785002239146,273.89551843100764,7.556515631129603,POSSIBLE_PATH_FAILURE
41.65770786132998,1.8782025683487618,2.3394117677504935,635.3042553446776,25.538727937600083,CONGESTED
72.56724427386165,14.587098756235378,1.9647312675174553,1807.8003781375162,24.31086050900121,CONGESTED
11.056539539224712,4.473673061840103,0.36373812795498583,11119.683223743355,13.00057569510767,STABLE
11.366547352606183,4.618242621980487,0.4250444789697001,7427.636612668063,47.5175788987412,STABLE
39.967308916917865,8.421491054436652,0.3843320368677424,7317.572455681338,73.99346550705725,STABLE
23.279954837141098,0.6370418641423599,0.0,9802.61502291209,39.55825508046607,STABLE
90.17742789137407,10.677633039023306,1.5662871111466399,4645.520783770272,13.562076329671015,CONGESTED
26.339103777337424,4.209583165101136,0.5155564581582559,10393.491392984057,82.35668801099445,STABLE
3.977404589410746,4.100404992052882,0.35032562978673976,8106.174728613662,58.79371493772493,STABLE
203.23717602880942,42.80939577609109,9.315376092041438,5555.846525082178,36.05511826953854,UNSTABLE
26.353711428612776,1.719019856289148,0.36400010978494546,9847.486276187065,109.78508338046716,STABLE
318.3712092974342,76.31700477921653,61.72605613623742,38.68515267023281,4.862252074543468,POSSIBLE_PATH_FAILURE
162.82286392059603,42.423559853846506,7.426654928112702,2975.6063087075563,8.26208428631237,DEGRADED
49.384793277117865,78.50886549038012,14.173218366627914,5519.178262012783,27.999764033579456,UNSTABLE
533.029319560661,27.531804563141037,49.13939061641787,372.6982765647534,7.716632415547572,POSSIBLE_PATH_FAILURE
232.07376469344422,34.00756256426505,7.8171900322590275,732.5056905746596,32.097536540779984,UNSTABLE
73.62916950992532,3.1120196354991787,0.8327689311328449,4196.344281868522,31.249769882572174,CONGESTED
137.24936617519376,17.163229866476517,7.862773744240576,2439.792125892978,21.382708100773762,DEGRADED
217.7801267799206,81.2573442868528,45.65228587984964,682.7479846581045,0.63829082444893,POSSIBLE_PATH_FAILURE
61.72373671319799,17.38903074304374,0.95035336514442,3040.304458662318,43.99739546710259,CONGESTED
117.40735799370098,38.82480182850974,5.201013025401443,3498.9241168276076,23.533617937064335,DEGRADED
115.68780839533953,27.326342255083897,1.8533062811064598,2719.931459652196,19.511849563736206,DEGRADED
99.82441278565474,34.22550607123203,18.948786850708373,458.95295087123486,10.170690497922863,POSSIBLE_PATH_FAILURE
355.207191120217,90.02819027613029,20.90939709013177,199.21989799599257,0.0,POSSIBLE_PATH_FAILURE
143.27414907119638,25.21910936025245,3.4048076111339984,2221.358587559978,25.105784480421015,DEGRADED
45.97940046055783,34.100676407914534,7.667509654849082,3903.1572161076965,15.893416611305637,UNSTABLE
137.40144189461222,22.805720662764248,1.2209350800479224,489.7814776474961,10.663899858425097,DEGRADED
11.341688843067567,6.479296083862023,0.0,6732.657537260248,49.41923004864721,STABLE
15.727473536634658,1.8005011017622705,0.0,6381.978099807409,78.73937991178403,STABLE
29.957013858999236,3.6076748512751258,0.0,9164.958254795616,56.23554957416139,STABLE
144.58916549170817,40.73219951870778,5.432882440154064,680.8352413268401,13.841591044219133,DEGRADED
224.40548998630143,24.05622860932594,3.1464316626142637,2047.1899003544486,9.283176008978497,DEGRADED
180.48617161584866,69.49124579423506,12.569754132850614,1025.9186866175774,50.03759676968917,UNSTABLE
22.48787309801083,2.4202487690502603,0.0,8048.918097544971,63.15866697669391,STABLE
287.6814310985689,55.697410404961964,24.283273060024,1556.203519893192,3.12127159861002,POSSIBLE_PATH_FAILURE
297.72610734891674,43.71137160971388,4.002565604551819,316.70729847308314,3.377235742302326,POSSIBLE_PATH_FAILURE
82.2051159933393,5.3999390775032605,1.2489689758727636,1837.9764935726578,46.33919640650782,CONGESTED
284.34583126272844,25.682671768627827,65.5660956375485,0.0,6.34160530873214,POSSIBLE_PATH_FAILURE
417.51119231902715,85.07324455620171,37.40586428241714,301.79444393628944,0.0,POSSIBLE_PATH_FAILURE
151.90149779519362,6.732849297909308,7.613181752344191,578.2914891701962,16.51702335655404,DEGRADED
125.86418419304721,45.20540745406934,7.460400972533832,3320.153536872371,30.153193376153617,DEGRADED
106.3146058008894,113.57208895190155,1.0889211823706146,3441.0906256247154,1.8682071721481393,UNSTABLE
215.28036175262093,66.49301755106924,0.14307794067656587,1831.300235576336,41.52209271765182,UNSTABLE
12.482441521864997,3.7809098641077643,0.04814921999229982,8344.054673224582,77.34363628224025,STABLE
40.7841278502657,10.042119267172536,1.1874644594753574,2827.6568922091583,20.660897958346943,CONGESTED
95.85391820825183,8.94310406628864,1.2252984380471101,2815.0677397245145,26.37358745688957,DEGRADED
84.03201316003042,12.050203519538714,2.8278471823109355,3379.8983498309008,24.9244766911693,CONGESTED
298.72058608667624,22.897581671838466,37.08576708862209,391.59611180917307,3.772771945609408,POSSIBLE_PATH_FAILURE
43.701804450504426,7.683577081878148,0.8202697344038455,5027.285328337883,35.8151956601282,CONGESTED
185.6218501475739,26.029170611357465,7.916637512659966,862.7176046928876,23.816765751134202,DEGRADED
109.67110075969256,60.613325369053754,14.906944340029225,4541.160486947977,25.491024237119838,UNSTABLE
187.20332352658198,65.61702481328403,28.358610831615017,373.91517905076506,0.0,POSSIBLE_PATH_FAILURE
23.662095977839375,3.0852620488754936,0.36727275284744487,8821.386492380987,48.92469692327676,STABLE
134.5521771002233,26.800733385933096,6.92069573127929,2684.1737703438507,35.43495017484521,UNSTABLE
352.71906218844913,75.70214861482371,3.5172027270326574,153.60916235441064,9.528280530246533,POSSIBLE_PATH_FAILURE
23.619218539288436,0.0,0.37411878945758104,8921.613248308746,75.77222238530442,STABLE
163.27579950077717,34.06107554936975,13.535393112730512,1068.6524528823975,18.303926021874723,UNSTABLE
51.78886675718019,24.561891335461706,9.36061439377205,2469.3860070297787,33.3787748197089,DEGRADED
146.52931292015694,7.078676075572414,2.113212278573311,1652.800616441789,24.39265628934611,DEGRADED
263.54382116342447,18.70344927267128,20.821339574967162,822.0786358549815,11.550898219967461,POSSIBLE_PATH_FAILURE
6.226843444796327,5.0675723358777995,0.6385397502641915,9363.732617588275,43.170796938107046,STABLE
133.96038490809372,10.46758819372095,5.469304005060492,2485.659701769347,23.517725494425953,DEGRADED
180.17141848649925,51.31766535122259,8.476018674402665,3351.7290303356667,23.81453906247667,UNSTABLE
104.56821821542289,15.848053007447191,6.195831690405234,3748.390082014471,7.045974954365564,DEGRADED
62.78618049359,4.070572726802727,1.1058698653145869,4293.090657288241,26.02604963112496,CONGESTED
61.43697878251531,12.764203827889382,1.2090463232114965,6191.902090491067,33.09862235081779,CONGESTED
139.17209848454934,49.88217487156261,0.0,4805.272619122876,32.647613296175955,UNSTABLE
140.27448171628495,51.00312149800394,3.122161365479083,1698.1466768060475,16.131551867957555,DEGRADED
115.1488954247423,63.58887285086068,32.855976510444165,357.58636326000635,11.12494561824452,POSSIBLE_PATH_FAILURE
18.953309460959616,70.05460297176054,17.545857487045723,917.9713046752879,16.50262740080675,UNSTABLE
349.27269024348186,36.34354760293264,59.42945041218344,443.3960444379392,9.685820195090413,POSSIBLE_PATH_FAILURE
64.04970692800302,8.671243939250049,1.5110540311585074,5437.115045158247,20.52317116051744,CONGESTED
89.61128269685666,57.68996133182421,7.762884222032457,3027.670778972081,25.595404664584876,UNSTABLE
92.50760247030925,16.51973456213709,12.705316430225048,1040.2606553080327,16.31988699725168,UNSTABLE
58.45017494114347,1.8205878265463529,0.7067072041789028,3740.690253943722,24.440418829023994,CONGESTED
542.4582319780084,47.96831978252007,0.0,1441.288385008556,0.9360179801360626,POSSIBLE_PATH_FAILURE
217.58195180138404,45.39471935762974,34.89254800542011,0.0,3.9467494959290796,POSSIBLE_PATH_FAILURE
94.15093807320166,12.8392592407962,4.525775436461298,858.3277643406126,24.17429176125613,DEGRADED
108.48887689092587,12.641506347554014,33.5905049094854,775.7859940026094,6.843911905150194,POSSIBLE_PATH_FAILURE
136.8349367037985,24.565185246882887,7.566893256264632,3031.8135599872194,7.5135994611605454,UNSTABLE
98.20964753188075,41.11190506765616,0.0,1962.4140711467094,5.3409843452551,DEGRADED
21.278404031672853,1.5753258711745826,0.28721995336004674,4880.557147238823,99.5395073622636,STABLE
114.47646659595925,39.60110598539781,6.637071029363039,2627.5727122421226,16.747601516350024,DEGRADED
23.87703141262015,5.850657886940612,0.0,8054.286956589484,77.73380150812193,STABLE
107.00574672428269,13.203414831401098,1.9427113931114595,974.6180267215204,42.599385505583335,CONGESTED
248.5672263721163,60.025672405403185,0.0,1690.1524441542888,0.0,UNSTABLE
291.9536553809271,33.570761592019174,62.54497199709496,427.22491860373214,7.5368871391823475,POSSIBLE_PATH_FAILURE
326.23613296528833,111.26277606814911,14.01604705635058,841.538269081085,5.611207175669899,POSSIBLE_PATH_FAILURE
214.78006961359264,49.16099319974256,8.778138202240914,1977.255658418979,15.278486614466642,UNSTABLE
123.1463386806001,32.51746191052225,8.006622243313593,0.0,18.298888304299556,DEGRADED
18.696374630904998,64.76705937556225,7.848395193872548,3016.2708126075645,17.131366972824797,UNSTABLE
506.9396783538159,63.37934868009322,48.00951903855738,195.40081275733922,6.090617284125665,POSSIBLE_PATH_FAILURE
13.55632879786977,3.955221459513541,0.3474357769818771,15301.771730394925,47.84941918089167,STABLE
143.3115783147699,49.305018158421,1.5989798647964975,4759.82334073276,24.255761307729493,UNSTABLE
16.193823384409093,14.393290835688404,0.12874984816354873,1973.023298813761,18.164642081683425,CONGESTED
66.93309447213198,19.34637887957266,1.3577230164342793,4985.945733282335,31.678930451974814,CONGESTED
154.4202019785654,99.92050168776616,7.148818188656575,1767.6711673399652,19.84826790356387,UNSTABLE
115.51581493014302,15.729304562759255,0.0,2797.357034223337,34.031732185036155,CONGESTED
106.5431722416315,30.736617964302912,8.872272383235428,2453.7035736148746,16.065576034478568,DEGRADED
44.86120147762698,3.2069660629265915,1.4597846512076234,2355.799382904959,26.899657812606115,CONGESTED
277.85475730068873,47.79790194950573,27.995166719607685,550.2097874944193,0.0,POSSIBLE_PATH_FAILURE
191.58285082373743,40.800788567048244,16.44699395714435,1606.7777825156895,30.272252024093117,UNSTABLE
205.51192979821678,29.09560267190285,0.0,2563.3337045327266,9.681349344546753,DEGRADED
107.79159611993664,34.588280012774334,10.155166886836609,3208.2823360657694,15.788913109466987,DEGRADED
119.11244402274865,54.1663547325184,3.105130640174147,3029.2254986369617,25.32071029861911,DEGRADED
11.057926480205227,1.1957777236378977,0.6683559599529447,8609.841247945244,70.57871093915799,STABLE
81.92798844698676,11.074519035623435,1.8523911493820506,99.8946313232027,27.249529650943003,CONGESTED
111.11731987484099,47.76062115299799,4.34592902627405,2672.4579417618434,29.53502307824229,UNSTABLE
427.6164636609451,77.71059555688643,0.0,540.0493170490945,3.1592609105264113,POSSIBLE_PATH_FAILURE
101.67763359877715,23.994989665142604,4.696682199484235,2020.175806477671,9.782961478442957,DEGRADED
99.59594235683011,28.58394734069294,3.732175640337028,2893.111813997446,25.065527830735125,DEGRADED
21.76573358453711,3.7810611926390343,0.6612072655693406,8840.614337523379,51.987421604599774,STABLE
383.43837457505737,71.07676597761568,61.45358674982336,1000.2319647351992,8.89161884401311,POSSIBLE_PATH_FAILURE
26.78913563071895,2.656870979567304,0.4306897614721237,12418.503819346055,45.24886271864112,STABLE
11.003052135122463,6.412183516255279,0.024791200033397687,7134.513116107377,47.51917120241579,STABLE
62.42685515235895,21.999653449889536,2.3990650762931027,2091.756557568751,21.9043091531018,CONGESTED
114.82592671988351,51.73472296921835,13.963424178852652,3031.022529991568,13.425076899585388,UNSTABLE
249.03090931123606,44.69352729144002,28.42133872004854,201.2167574045193,8.77897880613735,POSSIBLE_PATH_FAILURE
196.81226506462593,71.82005442378257,74.64653745208933,867.0520941258726,10.430366987146153,POSSIBLE_PATH_FAILURE
66.62217422733428,9.757184287122147,1.4488399252122799,3511.855080979193,41.81910047588376,CONGESTED
0.0,99.71457546968392,11.93079785537419,1855.7211391066976,0.0,UNSTABLE
23.517564083992035,0.2794832674213459,0.11858705212048265,13160.583128744096,77.81819629858916,STABLE
9.026623254529564,3.738716119399809,0.24845739564615404,10813.310157866565,94.36199992479644,STABLE
66.56382517767192,15.115016630558648,2.6201025650198,2533.333519998917,34.89657672539191,CONGESTED
255.096499568297,65.27382295842123,62.085620702112735,105.1312148250156,6.498125783088081,POSSIBLE_PATH_FAILURE
86.90343461942145,7.599633991931704,1.2863200840317532,2468.651362029126,50.594484117589325,CONGESTED
24.396366060169935,0.0,0.20324062545680455,6190.070593926415,72.33015484935606,STABLE
106.22335061877135,10.656107017525375,0.0,1652.6590098276363,44.2294045251082,CONGESTED
101.05346546568951,10.864078064592613,0.0,2215.4734216773886,33.58941908461628,CONGESTED
189.12693777693238,25.82018645651715,1.827138816123294,2223.452780362827,23.246523082266943,DEGRADED
97.08662169905136,12.990884984090249,9.048265090555866,1280.29189336504,14.153928412993883,DEGRADED
105.38867548942635,18.986129575587345,9.117632852291738,0.0,18.978826025014804,DEGRADED
279.5628361054031,88.30385127570722,42.82575546481182,0.0,0.0,POSSIBLE_PATH_FAILURE
70.86765167855306,9.876887874780895,0.6777013279383757,5434.87102025544,41.982596584904336,CONGESTED
117.54705394066775,59.82750025584332,9.96357211293748,1572.4280520506106,22.793514370519684,DEGRADED
16.65876559299188,4.026399622154362,0.0,10008.440606316812,66.04082310200648,STABLE
9.237547996812319,3.422772950096535,0.06682950907437316,10513.813013060775,44.06084693437588,STABLE
52.85733447317567,18.307355842355555,0.0,5636.373721745873,44.67039167038449,CONGESTED
166.67355773629038,80.55156232663919,11.595680294559758,3581.471961839552,7.967852619267736,UNSTABLE
230.96723879894853,84.57855059966285,0.0,0.0,0.0,POSSIBLE_PATH_FAILURE
55.82504160146895,10.856626113257992,0.11570804198164564,3286.290840379339,16.209274110827227,CONGESTED
133.5561134486173,4.540377468906364,2.1058383042758106,1580.6733674115187,15.254793632770312,DEGRADED
162.76099427765465,26.389518130973116,17.492479836703755,507.5450233548375,13.33859161022231,POSSIBLE_PATH_FAILURE
92.93815118725223,94.85490906899537,9.70287641397539,0.0,4.8124008180074025,UNSTABLE
19.98080146823654,4.354969684182787,0.0,10978.747330212063,66.4358273809699,STABLE
100.36392139884859,9.557954074083419,3.2109545682927054,4309.577286862035,17.496323434723337,CONGESTED
69.09134690832738,14.742389485061175,2.417246755611526,5992.832487761452,50.558200299343554,CONGESTED
112.77920675245596,30.458099942038853,8.017089773507866,868.0544672169974,15.927487940578136,DEGRADED
26.375338108976962,3.61878314031389,0.0,10888.129439940252,60.23859066393133,STABLE
49.83424465945596,31.797708570330478,10.756369791824202,2866.4421963340164,18.723482573628694,DEGRADED
68.756773850276,23.90388071753747,8.540137884829058,435.6012929433912,21.907151742813692,UNSTABLE
163.7789881185505,31.73147742579486,4.765564994567683,1565.951165395307,5.595060045794028,DEGRADED
119.32143139666047,34.35338987499546,5.38135327209344,1303.2302851978845,17.24527441456753,DEGRADED
58.54305829206791,11.447797245632103,0.1582992212079426,5446.653063840084,23.677901626588902,CONGESTED
24.045793393049763,75.97298885762098,11.777693510287401,277.95438033804703,11.039899250227577,UNSTABLE
150.40848113499888,23.31502725100691,10.891936967052619,543.9924984815427,16.25069471228221,UNSTABLE
151.0557296169108,15.320154965315744,0.27085107290047894,2442.9511345427895,26.745249873649726,UNSTABLE
112.06050929037781,30.948457560758523,12.467029431133188,2013.651749813448,20.192041036389135,UNSTABLE
321.7641406914844,84.95144509336345,13.375468922990848,121.04132972528163,2.0841319371632427,POSSIBLE_PATH_FAILURE
522.0136542627415,54.751532042332045,15.072770437527208,0.0,0.0,POSSIBLE_PATH_FAILURE
167.73217789003306,35.460049533603645,9.683558186472666,2218.3315863983375,40.12666477275175,UNSTABLE
122.70596569901437,30.382570665405872,5.785549863768633,979.7541715166693,18.773206934711055,DEGRADED
53.7022727995045,8.617338126027173,2.4364931498743916,7647.2678309774365,33.47431164897169,CONGESTED
128.9581209990813,92.64263987032396,6.98392421830178,5603.590916804322,26.572593593969145,UNSTABLE
94.3433812970089,40.82432983581638,4.523670518579839,1036.7591796751033,24.437565018444374,DEGRADED
86.74558552291094,9.356183073681617,1.6489982785600559,2971.300328237827,25.13839075193334,CONGESTED
7.743942362327518,0.0,0.2548744190386115,10365.223077078572,5.223771261133329,STABLE
165.3694706251809,87.28006526623605,1.2433665030028394,5321.575904481686,36.68555445222536,UNSTABLE
30.582804605286086,47.94120027762855,10.163287030240518,76.93732641238694,32.32905591749967,UNSTABLE
121.80581715659326,75.49415917967744,3.870816191401765,2552.0384079124187,38.93336338921534,UNSTABLE
237.6997516085093,134.74595367926239,14.476867512047665,159.99670938379697,12.472354010092825,POSSIBLE_PATH_FAILURE
111.63993088921563,37.348231552941826,9.66718078917347,2283.5826957862023,19.914818503472194,UNSTABLE
50.04163053152933,11.866360328193206,0.2008179310526912,401.5474165741648,24.241026576138438,CONGESTED
130.3803893505248,30.155837820486312,9.913242377614317,1613.379494857053,24.127201622243312,DEGRADED
151.4772189060906,4.926868369607359,3.3392000502519075,3171.39397715692,23.86851118947056,DEGRADED
78.68773274832712,11.212359149481683,2.4788044108463603,2048.731074302683,26.47977216209538,CONGESTED
118.23513270290546,0.0,9.548200970786663,2370.461376048337,4.49793776725414,UNSTABLE
79.27422762242372,13.544983785023042,11.43571637912962,869.7285598831475,31.554905038618095,UNSTABLE
28.784503013072726,0.6092820514037944,0.38487061896599384,9870.507539862047,71.6124523889397,STABLE
23.047170797544315,0.354917733416642,0.06617918646234988,11420.613980928236,60.50525662196781,STABLE
106.10625991005949,14.911271685871778,2.5529469865843692,833.3270590534471,17.847746460491663,CONGESTED
28.47832810494792,12.884943926597632,1.077059337335476,2054.4827402986793,28.54353957190099,CONGESTED
127.81481578643945,59.45954027597691,10.00983954256051,82.14217572220792,10.393483952711398,POSSIBLE_PATH_FAILURE
59.08277624773828,36.21914201317426,5.034588429564036,2288.7653175856135,33.20352744636122,UNSTABLE
131.882208836141,25.86650786471407,6.03343243017516,1696.0033615379434,0.0,DEGRADED
27.601330853758537,3.641699292649214,0.3680987534696771,11529.151034266617,61.42589226994874,STABLE
113.28914432972047,40.846178595854035,7.862856748513526,2135.159892598932,2.0754980251005435,UNSTABLE
119.26194543083514,32.64787265190277,3.8598776674903403,2610.1441934213926,18.416938601084958,DEGRADED
68.47380035722732,6.146830925911552,1.0549981419761854,3200.504723726969,21.288894161563015,CONGESTED
100.39958123490008,60.87966555728532,4.195172530230265,2160.532693586409,22.313064730504863,UNSTABLE
46.74274330441385,62.805011415838415,12.839461557406832,1273.725787929725,34.532106064773316,UNSTABLE
15.980074198707952,2.943833849791936,0.0,12089.996206908483,57.85577662095527,STABLE
58.73903405435367,8.651089284625694,1.256331399517605,3197.186517094054,31.92222097368789,CONGESTED
0.0,109.3711489357019,0.0,0.0,41.263174938613524,UNSTABLE
92.0837909439698,15.37379906835682,1.6239292346509728,1440.0731383101952,15.644933163915587,CONGESTED
100.68628242021639,14.41950822359328,1.1823234973276742,2829.191906984513,25.62151098280401,CONGESTED
398.73903151569357,78.44416516209711,2.80254808407998,482.1773537211303,7.317062880335325,POSSIBLE_PATH_FAILURE
335.099119190696,60.278771859001054,16.87177043715762,302.14628004031886,11.286883655413845,POSSIBLE_PATH_FAILURE
113.41562415095801,62.93897533732773,10.392799940869029,1293.5173212366271,27.169492146671352,UNSTABLE
139.29610840898204,14.230278117183502,11.158135004396254,5131.205256089172,29.40085909508418,UNSTABLE
237.99982873986136,74.19775662990762,24.651936466022327,828.7258353805232,6.7865757620510445,POSSIBLE_PATH_FAILURE
409.7982927262318,73.19419954857774,72.78009512945084,159.9088049962953,9.765610788726292,POSSIBLE_PATH_FAILURE
111.12751893336919,99.12071961509005,13.362170846007956,1173.9176091546924,0.0,UNSTABLE
31.81545989083712,80.28878597696642,11.484032845952866,4272.117179815623,5.924982537218318,UNSTABLE
90.22553289439513,33.26676343374558,11.521934757313446,863.1895457767914,6.355950400186341,UNSTABLE
104.4352980914534,75.0811818261846,7.735036177924513,5020.713312856995,0.0,UNSTABLE
340.5227661072182,84.66488638689101,1.6300357163325785,791.1121508236438,3.2555774692384247,POSSIBLE_PATH_FAILURE
19.1290582894749,5.198383111095626,0.0,7286.89298205244,59.9034325544678,STABLE
5.823158298404303,6.142671632164735,0.0,7634.189103718333,84.8327452579748,STABLE
71.17440490748744,9.507044014564826,0.4022455137896437,6325.9917080860505,53.90348472281028,CONGESTED
162.43225165618108,24.124775327651562,8.743286444821866,2271.621473494074,22.533392256813563,UNSTABLE
33.707364655865035,20.326327618025545,1.11092730008977,334.6269243452034,35.58235021268837,CONGESTED
104.5634311443477,29.596275046331964,8.572375471539885,1396.1995061409677,23.428608932504762,DEGRADED
148.92526611971022,16.294381139556748,12.79708443437166,1827.981944851061,12.365945949481924,DEGRADED
31.129658916602637,1.8908551887191059,0.0,7891.575301182183,50.13951489235163,STABLE
135.32630318732203,23.828029466127887,1.2081078723057104,1711.192259071434,17.476157925552503,DEGRADED
102.56589183708248,39.86282536957659,13.4454371593816,0.0,0.0,UNSTABLE
72.40142847793608,14.372751892794849,5.623113139181424,3356.9065237492623,19.290971661015647,CONGESTED
37.739663623129644,73.28101293312683,13.448405106093764,3151.136228142456,34.40882631338927,UNSTABLE
296.7841489890848,16.406278380265263,29.150096439741496,347.75881419777477,0.0,POSSIBLE_PATH_FAILURE
93.16400173042646,14.030883682134194,1.6670759059915214,2876.678647411116,49.29622409904947,CONGESTED
314.9835317344721,40.76171732642756,13.144784382649718,621.5572054946269,0.0,POSSIBLE_PATH_FAILURE
333.612599067995,62.65868187429467,47.88102698468123,554.7005129638374,6.056082497422484,POSSIBLE_PATH_FAILURE
59.250004767030866,76.86318453530913,9.085560142235234,4040.382588769826,0.0,UNSTABLE
6.57824833629093,4.929101364478667,0.0,8969.925200252634,66.35189781663354,STABLE
163.51785665024428,60.31118569423852,9.054160302396234,2328.5361683836936,10.490410007532741,UNSTABLE
70.83116290861653,14.734139511329527,3.0545620404157825,2858.5284981804457,22.46771258005462,CONGESTED
49.232556584955674,15.41481865120513,0.15923056486791975,3940.3207540057065,46.84301048334244,CONGESTED
48.4813904428227,61.661752215912,9.455228516649864,0.0,43.78590482240995,UNSTABLE
159.33868858701302,71.30680293915461,6.70354643836873,2341.5211975403386,22.92332305426185,UNSTABLE
56.33879856130022,4.0072954235408265,0.36330011972483933,3523.748580766593,23.073281033987175,CONGESTED
228.08110519192897,56.820304549777376,0.0,572.2109734207542,4.573273491309716,POSSIBLE_PATH_FAILURE
8.804641247294738,4.464855619525677,0.31091177769173906,4571.987904020343,59.25093830033401,STABLE
39.57703273909604,46.23147399140376,9.106356840500613,3451.004149659666,18.651203443326857,UNSTABLE
128.3970450181153,31.72935948195896,7.081129857387974,1462.8997930233102,19.469796684531275,DEGRADED
133.43065775791354,27.966329770098703,3.141438068938706,1516.3354751509187,21.55450422224124,DEGRADED
114.62819504914724,8.754613858423216,1.03693908196623,2225.5364906747122,29.16867130204212,CONGESTED
323.6911440359014,56.38953115215419,61.397446904107824,0.0,9.560067949221072,POSSIBLE_PATH_FAILURE
34.87398289685863,4.652814619786516,0.35321238476405414,10066.118540495687,92.48995691913512,STABLE
354.0564188532627,65.97306803459864,50.488400656605634,715.9298196347934,4.8194576053290294,POSSIBLE_PATH_FAILURE
217.8130015793123,77.58856043078671,22.511500050193714,401.63111006508535,0.0,POSSIBLE_PATH_FAILURE
52.527091564833206,14.901070177260571,1.0112232992348635,6852.177751847732,22.938188727197854,CONGESTED
6.236125009220521,1.7718304493112635,0.8097011074131013,5108.210119659791,71.36622617931758,STABLE
51.025378400172514,7.236063433008486,2.875427253197836,3756.5606641246322,15.024322523245136,CONGESTED
34.61444292242202,3.9244249780212495,0.4138992276035298,10805.504272416143,46.454041158659365,STABLE
118.71066385252865,11.201208769578413,2.9833727672747212,1741.742425492775,31.08490238409916,CONGESTED
17.474826656970354,0.7571379079654901,0.01697034018286589,3750.245035687194,54.98434931644454,STABLE
96.14576479401745,7.22936818512153,0.8828810024841294,1580.5995706175277,16.168267798969026,CONGESTED
66.84407481816838,18.28958625834486,3.180566936637335,2801.9854232540883,45.739415072613895,CONGESTED
33.59220600295612,2.386605424348126,0.40658351029366635,7525.296671115486,53.12797811199241,STABLE
272.14992555554005,99.14799407858686,55.16249263201316,0.0,5.277194670595541,POSSIBLE_PATH_FAILURE
101.38519276216606,9.684731323468526,1.400659080362799,1275.666504203918,31.39190548275881,CONGESTED
265.09652781821325,101.67893280892166,40.395877218661376,0.0,14.264465846921992,POSSIBLE_PATH_FAILURE
50.34284695868793,15.460081404779462,2.524838473482225,3554.9689482473077,36.477431881356026,CONGESTED
6.233138524436912,0.8504679723645721,0.3626585857172768,10753.377095862064,41.77377022532656,STABLE
18.813616738901175,3.5824628336947595,0.5798913671508097,8822.082527867284,82.5352961652207,STABLE
265.18854651188,94.72936864981004,32.76224300096466,0.0,3.6914491616086824,POSSIBLE_PATH_FAILURE
58.154104331896164,24.523327563622917,12.145262341719631,4547.544648036652,26.75641264104931,UNSTABLE
135.79729008306825,34.5404114624164,1.7924019693894229,2068.188259896543,11.28581202022929,DEGRADED
52.707761745633235,30.35618756874469,3.9186510405191166,2753.3945836280063,32.16721600368783,DEGRADED
115.3998716627431,57.71384244601319,4.551680947176978,1050.4514439429447,31.208146426540996,UNSTABLE
151.9820570989513,68.535277770948,2.9048969783783,271.00733318395237,48.000602722624365,UNSTABLE
162.90161000646782,41.85886993891239,4.477775103876019,1419.8696797877055,15.816338292410817,DEGRADED
34.082443320770196,21.538868056258373,8.566608038319501,1288.7558596244562,24.162259443432408,UNSTABLE
66.59500728040054,13.183980785676129,2.019187383095629,4055.931004946776,44.88998048737994,CONGESTED
32.125188368316,3.786753740508194,0.0,12777.841415897838,72.48386228434711,STABLE
62.766625293675396,4.067196611500204,1.1828674870397402,2808.8629533136486,27.242611704042698,CONGESTED
136.28173709232817,23.05643935864015,12.633545856688812,3569.7586186699027,25.739022302747117,UNSTABLE
138.17273498576944,37.73331376046576,4.796954375064064,3361.3937067935,0.41140185681570784,UNSTABLE
100.36803686244453,8.285183742351983,1.109007339068032,3272.575379970421,25.72796484906373,CONGESTED
365.0048883619319,87.43083404879334,43.21191075417353,531.126663068462,6.64739182647828,POSSIBLE_PATH_FAILURE
71.84492454423432,23.539984075238756,3.102097002360863,3129.1573676912994,6.630973655536465,CONGESTED
57.61878449515861,19.48455802094208,2.1674133068772146,3161.7529519525906,30.607859529772583,CONGESTED
20.72033573232578,3.4739107774384923,0.0,6905.441853055876,50.305959360969155,STABLE
107.46799404764337,87.07296835517158,10.582208124396153,86.4469505457746,31.982223695106185,UNSTABLE
135.68124116004557,20.101759244949502,6.363375868830363,1118.7352512670664,16.174078726378617,DEGRADED
27.673172404612266,0.9655513177967174,0.3238674185667202,10180.023920945185,64.33923647229048,STABLE
249.8390139446623,58.13284603721927,7.63909736351706,2353.026346555748,9.484284859213743,UNSTABLE
31.0467921540253,3.9620573295273105,0.38756357917383966,6754.955616464491,62.33520175745133,STABLE
103.23195189363776,81.91726827801111,5.4315326407466005,1382.8415340386368,10.452061256291962,UNSTABLE
38.92334985269176,89.22203827250982,4.928219878225437,1654.2747911805084,36.742098950068396,UNSTABLE
115.78250801443502,0.27437167947248753,2.2141896077002268,2140.946832419298,22.162043408826808,CONGESTED
163.24258380020325,67.88006284009758,10.402159507879215,2027.6845174081052,12.173594296953599,UNSTABLE
302.63073809981495,81.49734909355071,21.019047575129115,452.079497466287,8.208173904305372,POSSIBLE_PATH_FAILURE
68.89787157230508,12.427588293471386,2.4662935556736265,6593.920782999281,18.710404697807384,CONGESTED
169.85051232596106,55.385099862286275,12.676084656619713,1506.5569189967564,20.837365006676496,UNSTABLE
376.39076871237836,47.37029213999193,28.021946513859803,260.93353808164153,9.08304537123459,POSSIBLE_PATH_FAILURE
3.080373508302369,4.311236122342765,0.5535352550954993,9729.531918565775,71.16234023899308,STABLE
79.57922556640482,9.267338023982099,2.384050653335969,2805.590492142624,29.697247830629813,CONGESTED
143.07638502461293,24.017747067110083,8.013368956615825,514.3595280784523,18.82899065112822,DEGRADED
372.3374793485731,0.0,15.082829786586252,211.50836544351935,5.618377228269837,POSSIBLE_PATH_FAILURE
24.53965579308696,1.9362450121144852,0.0010478748089705614,6037.586979289465,108.5494408867522,STABLE
121.22038939700037,28.659501396069516,6.006387879288921,553.5933049154053,12.942570268923728,DEGRADED
255.050250138903,92.77357184044742,0.0,397.75547330849156,8.716584993196765,POSSIBLE_PATH_FAILURE
344.60759394509944,40.26979326942555,56.414988753095024,0.0,5.201686238215281,POSSIBLE_PATH_FAILURE
78.9265141253947,25.344626523251634,9.291540187324431,197.41083206130702,32.63830374738056,UNSTABLE
340.8116847259986,2.773990579670013,53.18396320160047,0.0,7.329859299540875,POSSIBLE_PATH_FAILURE
15.916668371733309,3.726018495429033,0.5244124381811439,7227.602447385396,91.0712933698846,STABLE
500.17494633340755,40.49772880669768,44.580953515886286,0.0,5.767405941328659,POSSIBLE_PATH_FAILURE
11.732949530831053,2.467172931849646,0.7478628040720399,9186.941972838778,75.67519534795598,STABLE
121.29531889847394,7.558955374234636,0.0,1036.9011666808497,33.18113209420342,CONGESTED
174.5780042031201,28.103712783386364,7.73721259770402,1305.217580129237,61.7388717328989,UNSTABLE
86.02235396355309,10.40046381819236,2.0039961000839908,4252.326389076976,42.691082465751805,CONGESTED
135.35949207431867,7.546682603288058,1.2602375178714325,1506.6033682480106,20.88635820709463,DEGRADED
231.12566292271842,132.70763316947176,29.920518995385375,795.8445720844646,3.079790059313849,POSSIBLE_PATH_FAILURE
118.48121610509762,68.67787338236792,0.23948027185142706,0.0,39.41926467539784,UNSTABLE
15.376482073354328,4.324163069163506,0.5967512994569367,6248.586667424621,53.348066784569745,STABLE
155.53246641496452,57.57911212435528,11.59449754499741,2599.241441009375,19.687557418375004,UNSTABLE
371.9070544421037,48.50017718961266,64.43500270332089,986.2788225800381,0.0,POSSIBLE_PATH_FAILURE
80.26379087645739,15.999711773777019,0.0,5487.242994407022,24.266206834247726,CONGESTED
179.38929219405873,85.76750739560207,35.632778200609984,0.0,0.8949868802058667,POSSIBLE_PATH_FAILURE
155.13731915393583,37.86200274592204,8.478055678720956,2533.694850967554,9.73721816404702,UNSTABLE
15.187588761345879,3.029360279779423,0.6280954301679408,11890.853242247558,110.69985492199663,STABLE
72.22530634197557,4.423952927890065,1.5556320914996473,0.0,40.70994078090231,CONGESTED
17.361518044775394,8.242857785245656,0.0,6249.294852480347,37.525701878096356,CONGESTED
257.73001929090935,76.773788520369,20.007062054366482,784.8608758174906,12.780809356196976,POSSIBLE_PATH_FAILURE
76.26399672460602,4.902683752829265,10.35157051370224,1261.5935514870473,13.676396744680828,DEGRADED
57.60806965322746,79.48148258134484,12.61278028200067,3726.2532757113213,12.493546952964579,UNSTABLE
74.17883218962103,8.842843524048773,0.04689859776042904,5155.979921992635,35.607435198514345,CONGESTED
168.05275438278244,70.35989056265198,8.754752913363319,2136.571818103065,33.69430623766392,UNSTABLE
108.10292471669507,23.43977343741752,17.262990453952213,0.0,26.461454779610293,UNSTABLE
148.04210728174505,13.90071892832648,3.259282041417718,3147.0442468381807,16.359142660982616,DEGRADED
155.9371572325618,47.19089390893444,5.583314210160598,0.0,14.755255260114284,DEGRADED
162.10376245406667,39.1833559836388,39.45352272008836,163.5986306952123,7.164141529071728,POSSIBLE_PATH_FAILURE
383.4795331106654,98.79641198746184,21.923185891388385,0.0,0.16899376147999234,POSSIBLE_PATH_FAILURE
118.58535227069676,103.03491890742418,4.441066311612373,2204.7279475753253,24.775882209027507,UNSTABLE
14.568291689438862,2.6228277339879806,0.32136355792584703,8804.067429685594,4.426607166678984,STABLE
22.292113741150686,3.4772015818568875,0.12274364032706257,8385.698065844503,36.56483296233444,STABLE
20.442123781041982,3.3967623212528792,0.0,8291.642065731252,48.713735244775165,STABLE
289.9767341865817,90.32417201391702,58.02493698253744,649.6612398150959,2.846730832354803,POSSIBLE_PATH_FAILURE
173.1041127987042,50.06651166056739,0.0,2346.4650527685076,29.525108903694335,UNSTABLE
51.2829422867831,7.414993452694663,1.6791972313228594,4547.356882017579,25.198195865528053,CONGESTED
92.59564221523794,13.384636769731664,0.08189385335445376,4206.200754345845,42.683977844223705,CONGESTED
266.66585787989163,95.08102521781872,47.34370736176392,377.62620327607664,2.2812623595158983,POSSIBLE_PATH_FAILURE
73.10038296514013,4.477022745282532,0.5078387547227933,2454.945804262671,22.31733614429942,CONGESTED
24.438127093831046,2.253182126352235,0.11657111210362721,10902.363814702792,48.016045299341556,STABLE
73.6989616356198,25.47341655203514,0.0,0.0,19.7650363837666,CONGESTED
94.96169761557499,12.29363035624867,3.285537522956184,3389.1652231091075,28.150632677323422,CONGESTED
306.34139187410625,55.706243322067124,46.98307920235629,233.90421706187814,8.106179367764504,POSSIBLE_PATH_FAILURE
16.369461534349284,0.0,0.2652321245909784,9341.935293291748,47.433600292231745,STABLE
170.94346586500026,43.72442679487669,6.663512252432321,1466.4331923391371,11.798373987237545,DEGRADED
119.23438203047931,35.900167430226624,9.40698144869685,1946.0524516973203,7.081675426383006,DEGRADED
164.18217172588118,96.50151832190775,6.501595206994757,991.7982786934801,8.051865585090736,UNSTABLE
149.3012457063886,99.23191926350515,9.217764527136772,3049.373685465416,9.598177993074106,UNSTABLE
227.73007943202518,117.12883556661964,63.17467469617201,0.0,6.021671885937143,POSSIBLE_PATH_FAILURE
293.2497001504445,75.75250163284271,17.522879076428712,835.4473842648904,11.390872033411807,POSSIBLE_PATH_FAILURE
153.2130978378007,16.207768307657716,4.72509934412929,661.3696220117079,10.252178958713174,DEGRADED
5.194634874349838,5.3510131530175595,0.0,5143.7884804960995,67.84124233167485,STABLE
315.89692775773324,97.84270254345415,29.348198016097268,947.7254609083756,3.254086191656259,POSSIBLE_PATH_FAILURE
44.58723445233265,7.542475392545785,0.5069411863172512,2855.8475052861468,32.53558690628226,CONGESTED
225.920974878495,36.668850573230884,13.05193764872401,415.41457610070694,5.184626054198711,POSSIBLE_PATH_FAILURE
105.98339428028441,10.097822281261,2.299601274889481,731.8997868011415,8.10691791491318,CONGESTED
0.0,53.86332777026246,5.6404281688991,737.7477601968617,0.0,UNSTABLE
61.3390936953725,3.251216630166809,1.8283527294415332,3066.7255175370938,25.07292690822463,CONGESTED
142.88196226865276,62.08556286373147,11.552755575949973,2028.8054685665306,0.0,UNSTABLE
74.62375473563924,25.097373620330682,0.0,2307.1528318702944,33.573542050643574,DEGRADED
16.640607749598523,3.589185685116758,0.0,6593.818490797286,71.69655274119226,STABLE
33.6386222981391,0.7440939529886621,0.03186535706168814,10412.351633867036,44.67222639777678,STABLE
139.27130053334628,46.60737153251216,5.435655568027181,733.0574447057941,47.0408439415329,UNSTABLE
10.104618799681358,3.8555927964942653,0.32231851088541164,7105.970688644382,49.56759325283681,STABLE
319.4432217787683,44.36519135241315,22.289529963307054,569.6225104907624,3.560481031552867,POSSIBLE_PATH_FAILURE
181.5246887132414,12.209178596511887,3.012589704163693,2419.533250548102,17.020368076667935,DEGRADED
195.07203530025402,16.191714367554177,13.029523720052438,1246.2345572597305,19.204350529255585,DEGRADED
70.85394858851973,0.7669455547765569,1.5380750382426482,4620.486721831837,28.635208888642502,CONGESTED
0.0,45.864203565033336,0.2325652045799078,0.0,39.19770682262741,UNSTABLE
172.13185103993345,73.22189723159093,45.018328024205324,859.4054002835464,4.2516718024948235,POSSIBLE_PATH_FAILURE
93.39856603253915,20.02405935405695,1.2766154310550348,2078.4278178559466,40.38871469812828,CONGESTED
305.31157334258654,88.66589908323866,19.136966545280266,519.9632494579923,1.0230577434437387,POSSIBLE_PATH_FAILURE
19.11203552287499,5.098997211726638,0.4589277360832725,11033.144196799098,64.90709897144833,STABLE
55.64139728806953,7.555400377412748,2.2173490614355007,6970.531094392061,29.40675198002469,CONGESTED
327.50964490533437,60.71511268413007,58.23009234540592,0.0,10.78126247720968,POSSIBLE_PATH_FAILURE
77.13014815914394,15.581585956938573,0.0,1338.6052413384787,18.34466252401627,CONGESTED
99.51770881448948,20.993774477336935,7.373688353533485,36.52365708125126,11.866611471613812,UNSTABLE
23.85037937656101,1.4509798769732092,0.0,8010.205088973506,48.703932977951474,STABLE
19.741371520461435,3.257243184982532,0.0,8753.956478355549,64.78317369154477,STABLE
54.59107366837219,7.36296775716141,0.8955586834634225,6731.188038326294,28.80116945767462,CONGESTED
23.828857363850496,2.2712454142135163,0.3617913658828622,9341.64126563458,45.27984199620457,STABLE
107.96101649924739,22.334956763037635,3.375091563536633,892.7661153625438,24.74589745883755,DEGRADED
149.8040323692243,57.25473614711733,49.298490542094,0.0,6.602201577842319,POSSIBLE_PATH_FAILURE
15.514357919716456,2.571249780589772,0.5534554558451554,9874.429544287648,66.07485004902657,STABLE
101.8834842191659,64.37487884019289,9.878876246200223,627.3117078497824,30.10790688160145,UNSTABLE
53.64315785039172,9.407762762935317,2.3262175177378093,3973.234764739429,36.34170913021558,CONGESTED
300.74276460515887,102.35643365273228,47.14240284943852,498.27985251827056,6.378353390624496,POSSIBLE_PATH_FAILURE
349.6106170423678,70.35497554711704,51.25951600354636,48.305829448027964,8.456149824626868,POSSIBLE_PATH_FAILURE
76.46289073495936,94.89306208976545,11.516116022132122,3195.037678182922,12.506903146319424,UNSTABLE
166.16906421279995,68.77663377990748,7.364572329778027,1383.5284034883712,38.08089207891951,UNSTABLE
70.60193516209779,17.10892876148322,1.2712350364896483,849.9128914993648,15.878107915464295,CONGESTED
97.45370630469367,14.464893535196737,2.6914066544355535,5025.967081239838,11.627303515488276,CONGESTED
25.24507375286086,1.1986156325746469,0.17840042226806346,10601.962835631604,69.67402787217027,STABLE
286.8277500184075,150.19228298501713,17.378852071401543,988.9377168695947,0.0,POSSIBLE_PATH_FAILURE
12.578079060025633,0.0,0.11505100133404823,9447.229279262952,93.03983674886679,STABLE
361.1532311322928,126.71732583353383,31.150798182862587,1076.8322607322134,3.7885693099190956,POSSIBLE_PATH_FAILURE
118.02486852229984,89.1118962911625,4.008333475031243,2421.455607139093,3.3888216831234033,UNSTABLE
113.09734570309655,0.8137608134676864,3.387814834647957,3736.548796752286,16.255427566965068,CONGESTED
76.84709845649205,19.853658939218782,0.5096517885151993,3615.3329100566734,31.261046218397674,CONGESTED
162.167747337325,49.57881287333069,8.790633399474142,1870.7031078699379,33.50473689901038,UNSTABLE
330.73807884810776,68.35029971800361,0.0,391.286919010327,9.424058117818344,POSSIBLE_PATH_FAILURE
96.83425455335333,32.78871037002661,0.0,2640.068242383625,29.187895107866176,DEGRADED
37.67929913579883,3.9323553243946217,0.08598858134234125,7758.188243015737,101.30048515401711,STABLE
100.99267267672809,6.756246899262708,2.3320344115867937,5288.7807891013035,24.86218464115093,CONGESTED
117.96673514688634,22.031719235494773,3.3825969252497825,1150.8287348780286,14.759866376707938,DEGRADED
165.34419899957726,69.85940213924654,9.648954596947855,2124.00446422119,18.65373281928468,UNSTABLE
17.232999099142866,0.0,0.1288220842707794,7517.685324199001,55.304012117711636,STABLE
207.80951130631644,85.56921387482822,49.9516291884557,213.40020712845822,5.167169315847631,POSSIBLE_PATH_FAILURE
34.76576531103645,15.171320901289988,1.0166103946670184,4171.51357167523,28.129798233070417,CONGESTED
146.51426071990227,20.544711834729377,0.18637075329553987,1260.0439606766695,10.593916682951747,DEGRADED
153.59338966855972,67.27405441332115,21.81035662072967,0.0,6.315590017842696,POSSIBLE_PATH_FAILURE
17.07828814196445,3.656735945663076,0.5860526787936509,8344.739443138427,31.27521163374292,STABLE
20.060166804360716,3.1960038281987657,0.20569735599203248,11271.46700403287,16.848856513960904,STABLE
135.83995034256614,40.18864224375092,7.857750753904762,2543.294132305099,19.214898125738415,DEGRADED
109.04795595409551,26.917052974124932,3.289418782644386,707.6007752928441,9.802438082014381,DEGRADED
156.03894513771195,50.450643242754865,6.930707251647838,3926.3187111287393,27.996891044378547,UNSTABLE
81.91556964653996,25.850908469591584,0.0,2236.493143580117,26.570044798695648,DEGRADED
115.84736610081332,26.405054030403058,3.0407469101307347,575.398179403332,17.98653471644479,DEGRADED
67.54653625990912,32.35970655602387,0.0827993663133002,1544.0807512529905,14.547038171194854,DEGRADED
197.9765213017577,69.33411499258989,48.37479106440307,731.6246484053503,0.5120102710902028,POSSIBLE_PATH_FAILURE
198.71214027188796,1.6343364251698524,7.785559552407813,2029.4006345816415,31.42402042447615,DEGRADED
170.26469424276866,56.09188538545433,6.444475503037099,0.0,14.766661930236221,UNSTABLE
0.0,52.97922485953784,9.908811731553971,3295.7644915547944,5.236980296594691,UNSTABLE
239.65625339035878,126.09906444485952,21.220183631068558,833.9706143975532,4.982385329335916,POSSIBLE_PATH_FAILURE
24.907667089938187,8.407970214558773,0.7062659118459915,4368.005462337635,71.67050183666683,STABLE
115.04106510866265,7.456112127157066,1.0011255427895653,6488.681874151349,34.78973886504192,CONGESTED
81.3094015405363,95.73207589054496,8.288840451669381,886.1519331697884,22.11514600331609,UNSTABLE
325.71810676290863,43.12098153217655,48.41069457997677,0.0,8.320988651843551,POSSIBLE_PATH_FAILURE
296.14186786953286,125.76836769501722,49.87467683864932,351.48858705416035,8.650122229144362,POSSIBLE_PATH_FAILURE
81.28073463804583,9.038506492031594,1.3674937193899077,8981.586065620062,11.488778192071603,CONGESTED
347.0840520662284,32.85575859100037,61.299092488317626,549.0164130549481,0.8409165538655454,POSSIBLE_PATH_FAILURE
316.2798945866199,74.8698207443065,45.39738124161627,175.40350492052426,2.608331301451676,POSSIBLE_PATH_FAILURE
173.08613641728996,46.37548213499912,2.256345221716914,3734.043229034171,7.340666492185745,DEGRADED
59.67617002816486,89.1496958867061,6.631455117160242,0.0,24.13951782562262,UNSTABLE
411.259529575504,99.88000780589684,32.21748700207056,0.0,12.555952854494468,POSSIBLE_PATH_FAILURE
26.319814837613954,3.0346692583026145,0.32783718404582796,10169.03706641922,95.38166651540239,STABLE
279.3056852906263,91.05196931953273,39.343872410119005,173.8883931077241,5.239018988320042,POSSIBLE_PATH_FAILURE
136.59294522823896,22.023042070020217,7.574081732447298,2653.1275500855436,16.160725531523788,DEGRADED
143.25728416146197,24.32523561432911,3.3897257004285963,1478.0549829354425,18.121498850537456,DEGRADED
108.27447513247196,69.06638855453056,21.480178849638552,0.0,1.3187694213380432,POSSIBLE_PATH_FAILURE
4.692847427432936,3.4688622329641956,0.29746541564737533,11002.945930704323,29.251141017467177,STABLE
87.64236235701287,28.543681881816912,5.676629356311561,1744.221266396326,18.934782094608607,DEGRADED
44.87790122807834,43.55636556773227,0.15190575408192153,1335.1360563536057,26.949021214424448,DEGRADED
193.21353838525135,59.99924679299539,67.57110465309356,390.0477751456272,0.8780616044138911,POSSIBLE_PATH_FAILURE
98.2350423701636,25.549177596578243,0.7732147253961621,1600.6163269168078,2.1167187266780516,DEGRADED
8.287015191741048,79.78307706240928,11.970740232029673,2865.757881413653,10.658559272766096,UNSTABLE
84.21576891804554,8.093968280057656,6.142443543084408,1562.087463284851,19.446136634241814,DEGRADED
147.54714509362157,8.21536976885266,2.8523835027373456,2621.6668585741368,46.5097824021298,CONGESTED
158.1729052850612,42.48592641939352,5.447196186550126,1444.5855078888374,21.279491943823633,UNSTABLE
63.386950822540555,16.456815660115637,6.120261553294031,4175.426991544728,21.723014709403923,UNSTABLE
199.27358680888378,28.531937898506143,23.357124285530062,1237.8980061415286,8.056373264072569,POSSIBLE_PATH_FAILURE
70.3086364356535,8.549881821273516,0.0,4321.4807336830145,37.15971010602992,CONGESTED
66.5272046823725,12.088210951676624,1.2903365638726336,3144.187011172576,34.33127817867109,CONGESTED
24.715385225451392,4.97710648493063,0.07323170516037611,4710.6042890542085,54.09439054559897,STABLE
112.30289700881511,20.89716995339831,9.647537734123926,2482.1287601369836,14.572696557118935,DEGRADED
175.76745133892553,28.420834162016686,6.893567582245054,2079.2016285008813,2.8501375135048725,DEGRADED
177.94688788253467,34.54094385377688,7.517856076980994,635.363565471982,30.232481662851058,DEGRADED
20.75713287956834,5.136924134488597,0.12162068268762381,12578.692784818542,33.29086299280255,STABLE
175.84461468392595,67.37780447927173,0.0,3238.92977964725,8.787115297445203,UNSTABLE
244.7944739935749,138.3699383293257,33.7248172577051,230.7999459464998,6.578580960048715,POSSIBLE_PATH_FAILURE
117.6084974480557,9.418621771308292,9.404139585848188,2212.026574644812,23.097011243804538,DEGRADED
119.23064542055405,10.827088839460385,3.8775161456663088,3217.847678930163,28.657718317879624,CONGESTED
240.3160728832655,63.430886963103674,6.443524301802092,2496.928523856192,4.647716806696138,UNSTABLE
9.032144215453604,7.65155958376337,0.6921062281694933,8765.036418038446,78.07600258802869,STABLE
117.85813521509453,11.73102669401876,1.6993138335122522,2371.227319323072,22.70880684948524,CONGESTED
58.670131650781606,8.750074443606628,1.2838808388249066,3293.697753799419,13.390277765654725,CONGESTED
308.68557670607356,8.504075770337451,17.63412643227151,510.65567672941427,2.699136950367939,POSSIBLE_PATH_FAILURE
68.82800121860146,120.93418852674976,8.466621979739951,1707.5490901915723,29.982208055085287,UNSTABLE
14.285507808032627,3.135342516125419,0.43364891513630943,9187.317696415566,123.59728977647028,STABLE
89.52792118352318,31.72855842091493,3.9128928963092635,2085.110487386056,10.977580519434678,DEGRADED
20.531553475778672,0.14572719562751768,0.1940294987280244,9787.607590290427,46.46019304775672,STABLE
0.0,3.4711397412797877,0.0,8539.71766970709,78.49150713190372,STABLE
80.24297080046446,31.989842293250693,3.3497778367158046,3688.1847580443464,45.40772528406588,UNSTABLE
99.76311762389105,15.572321123872815,2.1536128766065343,3209.4816657262018,31.69439001677176,CONGESTED
64.25308425701769,34.69703031607311,2.0933527205915627,4212.958397950732,36.74333116513584,UNSTABLE
22.726452634321287,2.9255014948957463,0.5101428324196928,10263.168789831927,23.83674572812521,STABLE
267.78888693403474,55.40922048471279,67.09159398364625,395.9604233067132,8.840640216619711,POSSIBLE_PATH_FAILURE
253.3258057209065,90.36489875062149,31.381832147776652,683.8276892485553,4.854913382024508,POSSIBLE_PATH_FAILURE
295.6689111739871,40.749689191821766,6.386561576442187,4501.194571089425,16.186871194830072,UNSTABLE
101.35344547309414,34.32619048758311,8.825138354617478,1331.7245668315174,12.906946125087842,DEGRADED
146.88554356072967,34.20300148916896,7.509803601339757,520.7958752403363,26.578589397409292,DEGRADED
182.4387718772407,59.47259184751304,46.42928602379922,76.80358677177537,4.37377946137865,POSSIBLE_PATH_FAILURE
58.830064846528245,10.861537775961608,1.7329635191370059,3315.752478818439,34.04089666979746,CONGESTED
23.79351021817213,30.485361161377924,5.393617837640589,3402.6320733924777,19.763231745556503,DEGRADED
126.40883001315176,25.614443229457724,0.0,1031.0089435774375,3.2060977117467004,DEGRADED
188.81097834048416,45.248534255754564,36.19400827096842,176.29564399989047,7.855576619992553,POSSIBLE_PATH_FAILURE
78.62042694724471,15.768550968990962,1.2843990140632253,2285.437868138446,6.4567225197780935,CONGESTED
92.50548005874515,71.07358483629287,5.794143958193161,2641.7455431195285,13.664273984817154,UNSTABLE
34.98374440296732,3.399270035823029,0.0,7299.827114928975,45.922413179004046,STABLE
41.34247735678328,9.132246524594603,0.45232466842769825,1985.012664013527,28.701753076699593,CONGESTED
247.33604132974153,50.798079130989024,21.805561297390888,425.78769263877064,3.1758502564318225,POSSIBLE_PATH_FAILURE
5.762655646009398,3.5476076906470393,0.07365410520285345,10384.690800697079,49.29941091383251,STABLE
234.07896312633747,30.063864999114465,0.9362580725840033,1769.3769445829855,21.106482865149854,DEGRADED
170.6323776874347,36.11142353138849,2.6438118921794063,1274.9211639199402,11.821330606181025,DEGRADED
15.898078213173243,4.922955527489343,0.0,2686.8393384689216,24.48843162864735,CONGESTED
248.51755321474064,78.37877013796448,39.087487885698096,921.0747093212769,2.7681014010488045,POSSIBLE_PATH_FAILURE
109.77139192163395,47.03427409342197,11.974411878787743,676.3863158008126,18.60198159412152,DEGRADED
26.50592787824701,6.103760240244977,0.16107913904344906,5634.846680387531,68.07176140562206,STABLE
61.87101492490614,10.705466259913074,0.9637411180704296,2048.7120799361783,47.09686974066685,CONGESTED
106.57933750521246,0.6967502283770219,3.2646884870695363,4436.202018361033,18.300778678807685,CONGESTED
141.35036017409882,24.711463372208918,6.202507630576019,1176.6403994750167,16.721421278770336,DEGRADED
18.66177035483959,6.570636788449455,0.14601797363500818,7979.567060027614,61.45736475656982,STABLE
119.1126402132418,27.73237719899417,10.866682515703065,981.2539127384333,16.317516259650613,DEGRADED
46.65771381575837,34.598710318744324,4.593388619755166,1170.392985193169,13.429301158823456,DEGRADED
28.51285574844789,3.9958458685387575,0.0,9048.318559168474,43.080645164053195,STABLE
133.73463445239167,30.348473530272603,4.064821961134667,159.8732281249761,24.308836876216805,DEGRADED
79.93216474405878,77.28017481365455,13.746336278637317,2153.7051793837877,24.921605848609907,UNSTABLE
234.67879617547376,51.54786423386735,47.66853768742443,0.0,5.646044329992544,POSSIBLE_PATH_FAILURE
112.43015711705901,54.15051070988304,3.5972918322140197,3608.2797731570417,27.875706161983327,UNSTABLE
216.86532905834858,58.51608730154415,2.097378462174982,2473.8264256786033,2.259616256297022,UNSTABLE
79.74516801346306,7.933381795627078,1.2924341444820562,3505.1526366687135,22.878828132057574,CONGESTED
19.015539976921204,5.939874461882463,0.0,6355.863009692837,77.91561022074514,STABLE
153.88196226248078,27.296771636678983,3.3662395382208126,1695.422176673361,21.483514414093552,DEGRADED
68.8080579596532,15.751249557599424,1.0510120867329493,3278.336679261419,29.309176533423845,CONGESTED
7.555282123989247,0.9385659361353205,0.2553100121526992,11631.057531997927,51.41417258904923,STABLE
13.77792554705282,2.440646337734214,1.126553658458085,7247.397940030489,40.10131112367341,STABLE
98.49327190305074,26.827728629527698,6.804766279435206,1063.7003427720106,21.75046056930383,DEGRADED
19.432168056073085,1.7209932182250487,0.19942447999728377,11565.47417026716,65.96862472350132,STABLE
54.83127893381088,11.089940261440278,1.9963438625695322,377.4409956895961,23.348387557883044,CONGESTED
119.96164686864827,0.0,0.8532317900650871,5919.334923812381,36.799814375203994,CONGESTED
128.83310628004867,21.375932166231788,6.663079714996904,1283.8659979399501,9.388696456908782,DEGRADED
180.8827154670882,16.465429354553766,5.191421277241246,1894.9666106360387,8.867886557381766,DEGRADED
16.837574076564177,1.240980742682115,0.09362373582459259,12670.204556663242,47.90732526915107,STABLE
67.13135734999774,14.727726141404936,0.0,3786.3182294480266,29.16395412565879,CONGESTED
216.3992037502676,29.695855697929574,48.83357758744067,428.05987154307786,4.413813794583172,POSSIBLE_PATH_FAILURE
39.7699332004578,77.33892553395803,8.81438725547133,2669.879166609352,30.972089003795432,UNSTABLE
34.01724076416956,7.321529308031813,4.067085940740598,480.1398959839055,6.891839667914523,UNSTABLE
457.1999035795193,100.2086944406953,43.278995506430945,0.0,0.4935251066437347,POSSIBLE_PATH_FAILURE
63.309323377598034,0.0,1.3798565796760964,4127.663596433549,11.167640456443475,CONGESTED
68.6664259438318,16.43367542474068,2.8909157329130206,4682.390320232706,21.333193642881753,CONGESTED
115.98630096304646,5.942386378536693,0.7612193100197997,1705.684500070272,15.302841107992098,DEGRADED
104.98616828913913,31.072525112779097,7.292900364594553,2326.5259233267807,17.377417727140553,DEGRADED
112.09370306562461,8.223932336613622,3.278747759234151,4049.9457347793905,14.261527292393847,CONGESTED
144.68811686209955,27.041059070721975,6.262826071715598,686.9563123466221,14.75551055120642,DEGRADED
33.50625120952657,6.393173365941701,0.2117939198072889,13428.773206216865,72.42395118905804,STABLE
99.53066911037479,18.785626777530148,0.6935796857206359,3050.4635892611436,38.487259050232055,CONGESTED
34.42304791186244,4.959170682311946,0.0,13977.467199721597,69.32985633499015,STABLE
129.80981676506693,49.93904563857466,11.430717341387368,3640.261228224933,0.0,UNSTABLE
127.46744919589642,10.495472844309063,4.484902905983849,1741.075606201059,20.15696744748248,DEGRADED
60.614995900619164,8.136514725817317,0.0,3144.6405482036607,40.44332092301141,CONGESTED
47.64319989616111,10.48043034204714,3.9527483654551308,4809.656433398631,46.97258420646249,CONGESTED
80.39164924832794,10.590408802272268,1.7485654999884974,4097.932940231763,33.4023276677372,CONGESTED
67.46026601484803,40.07672327997172,8.298596046445466,2348.7916154859154,25.421386973492556,UNSTABLE
30.672224165719832,2.761662325344159,0.02968335702418956,8586.830074943908,124.82518153953572,STABLE
22.255598395101806,3.814527787470937,0.7230865601874696,9539.24678471488,49.3708619538641,STABLE
0.0,8.593312530867223,7.87291966541321,2457.6175074413177,20.464040082427296,UNSTABLE
441.60672545182473,108.75823409867712,52.890201220306494,152.1143983023439,9.33404091775509,POSSIBLE_PATH_FAILURE
207.13331777868424,48.495558320928865,9.191094124638049,1801.187140168777,20.839580977890932,DEGRADED
101.96099647649689,21.417882476589124,5.477334669658924,436.06427284104166,16.19200490372384,DEGRADED
19.202704361431916,1.8791010623938489,0.0,9781.349784956448,69.80737198803766,STABLE
95.04109757417037,19.01135950820281,2.552941129509889,396.4800920609391,9.724515922601903,DEGRADED
263.575244191548,166.7797937244377,42.65173752075805,119.35956775996834,6.298750023576251,POSSIBLE_PATH_FAILURE
46.076391275272414,4.982013623438899,2.8828044299091635,4310.441030667587,25.46274885666282,CONGESTED
36.28310859065106,19.508764255083747,2.347785306956563,2514.2775454033895,24.214138216975634,CONGESTED
86.8844774126849,58.578330940612965,10.203601452899001,1712.281357674281,22.61386481739386,UNSTABLE
158.58511558358217,28.44500333379821,6.420666190820704,2574.3511490793917,0.0,DEGRADED
172.67291720750075,23.859674511028746,4.87164327912419,625.701014951576,4.836346433067606,DEGRADED
266.4785954984668,102.63937511994882,66.90936725105739,373.57978197413996,2.093220556204266,POSSIBLE_PATH_FAILURE
375.4952058119075,60.39269506540458,0.0,1413.196341304321,8.803965877195242,POSSIBLE_PATH_FAILURE
8.280284070992053,3.31689610099947,0.5913541091346654,9573.469153731148,42.49780715610608,STABLE
122.844743609331,26.709965856029584,3.342158126836284,2255.1694228179636,14.736807858427403,DEGRADED
20.085056267231536,5.282961536206436,0.0,9732.691633167291,94.11880557417547,STABLE
257.4919676427967,56.452705141180395,24.729639555486642,439.73078423942974,8.277130589606868,POSSIBLE_PATH_FAILURE
312.0184781846969,89.44588249318558,25.012864477545108,0.0,1.6416838447229738,POSSIBLE_PATH_FAILURE
10.588779040750417,2.9383349718316314,0.46090272700834733,7083.698882552824,67.97959269478469,STABLE
79.15412902573765,23.93990211938349,0.668684331803588,153.61352630498754,24.100353995096356,DEGRADED
48.65893684128176,46.745652381433956,5.400706743674386,3312.72743127668,31.21360835519352,DEGRADED
185.22469418927363,114.75979992245828,34.72548693268735,665.0019490254099,11.273163989359208,POSSIBLE_PATH_FAILURE
362.1852898576533,47.370297643577544,52.890624342475355,897.1119860146671,6.4053099669284475,POSSIBLE_PATH_FAILURE
145.7591839455945,54.79258080950537,20.21101044298215,5708.341062315381,3.074923410884846,UNSTABLE
201.96802685279852,109.92149339859716,57.34976150691187,279.5635411760973,0.8354055397813136,POSSIBLE_PATH_FAILURE
43.84544450673529,10.84820554522507,2.3748207034350477,5750.846072415928,23.77614264991533,CONGESTED
79.40238418884978,20.937828544743745,0.9207150668119883,4729.304227648986,21.872540932727482,CONGESTED
9.65691948325601,0.0,0.9079315802988834,9085.444289311436,75.54433072912252,STABLE
5.518727405849525,2.0972310980712097,0.5084160696197549,11653.796926034393,75.00402249892639,STABLE
23.342889994967322,51.57142910260641,8.13462570834112,2208.0878899370596,14.070442727469473,UNSTABLE
41.79633157269832,10.98109778342956,1.5039429413389103,3334.67346459486,42.64895730794637,CONGESTED
24.138902853726933,2.7900836879996547,0.0,10757.563647613528,81.57977280284757,STABLE
11.625365959148073,0.0,0.6758011492879601,8081.011334599535,54.718480600162756,STABLE
147.63306567805867,40.02802898394229,9.278705063787958,0.0,27.589502070912896,UNSTABLE
18.10076158977743,3.4391698543598883,0.24173352192847758,9510.869218022386,48.214582818720075,STABLE
29.282969915684845,3.5661371760199794,0.3479803381517297,7188.56542953023,47.47839072855215,STABLE
110.3857568294649,8.871985006787979,1.6906983430028701,2424.778974926031,18.155916127082858,CONGESTED
10.027531723985183,1.677166215386368,0.0,8585.873810789946,85.10316833409445,STABLE
294.47210312686894,80.05684696588487,36.59043927093829,267.61730011797385,2.2414534899652043,POSSIBLE_PATH_FAILURE
83.1482342003987,57.236735656417494,2.722304736470142,1004.7566120804411,28.133974133247605,DEGRADED
231.9346818621588,84.34053703909184,18.12787443091323,3003.3424491135174,12.632768885928924,UNSTABLE
97.17717973131084,20.27332019763726,1.4534932031461452,3034.1752107423804,24.298024833965606,CONGESTED
35.943763003313514,13.950268447117796,3.2876448440897255,4915.879522388817,24.60874178226759,CONGESTED
106.44905918497196,20.104938388200498,7.915561911750341,1283.9423411414355,12.975033014941445,DEGRADED
125.39901472897776,42.7265813090532,11.437055045121168,1458.6983445589888,16.840230944668853,UNSTABLE
115.7983966431839,21.354757556937678,10.09435769254137,1344.0032451900909,19.981453755826152,UNSTABLE
172.28965490050328,25.560297657912137,8.709692340215675,1260.9734288287286,12.71343075192204,DEGRADED
56.69055376751917,10.966679171435413,3.203946695378959,3972.2991857553116,11.02561218467164,CONGESTED
6.352583477984346,5.494422842284901,0.0,9295.25866251615,62.650387716561156,STABLE
385.97082774659407,60.91720053416358,39.324244168156355,314.82841787411155,9.505031393504051,POSSIBLE_PATH_FAILURE
22.58228823322695,3.1465506291713927,0.0,8465.360997515214,70.53114500987148,STABLE
35.790912564104346,4.112150547646301,0.0,6733.922351807092,62.963577557428295,STABLE
102.59916925442228,31.248782307525527,6.682227200187259,1467.351574335639,7.314524570418007,DEGRADED
106.91007268016264,51.54550650317759,16.713745007572317,4009.9506760483864,32.50266777315859,UNSTABLE
91.54886310781353,30.143943792361462,3.9930792045484473,1623.2325765198066,17.049459636132948,DEGRADED
72.42209853197471,27.911304425839422,7.884074486939983,2596.2300166426835,24.9043090439541,DEGRADED
227.46381876225252,92.8186162975557,33.051700411240546,479.28150980966,8.71435969185687,POSSIBLE_PATH_FAILURE
22.62035812074381,0.4093176310679296,0.19077685032184105,9184.141487480487,58.68738636226827,STABLE
103.73999001480891,42.27652003179526,4.534700744303383,1322.0364933436972,21.179410223283746,DEGRADED
38.21298850813109,3.5476847966169123,0.1822873348084834,10440.722979295526,27.6226941343962,STABLE
321.90862231750185,45.263660816863734,45.847932282762734,65.36607522857992,9.925096638452816,POSSIBLE_PATH_FAILURE
118.98536761336912,26.68096819108285,2.2773899089402585,781.1014032932807,15.452270931438688,DEGRADED
140.28171411842695,18.836828108464765,10.87309202704171,2284.6276610170135,12.610333213194604,DEGRADED
108.60145120001309,10.990847728638286,2.6470182991358473,3795.1225881962996,28.676978344310204,CONGESTED
118.52246259185846,28.782965535758255,7.349994407059526,2626.1771962398448,17.954803256931605,DEGRADED
242.67820890757417,105.93353468472907,48.36269182480069,1540.2356932808984,5.103029800153494,POSSIBLE_PATH_FAILURE
123.79900837291744,52.22126504568933,14.50196094976824,1077.4328384744897,22.79735224884024,UNSTABLE
124.65459642694117,90.64537076702189,14.619925730688887,383.657386303292,39.60734006859869,UNSTABLE
61.652779712213444,6.502589993527648,3.3219226953185403,4266.062450662882,35.98261292901915,CONGESTED
228.80050955219951,28.47411820334179,16.132333310616517,682.4567960362056,25.4512186137138,UNSTABLE
107.82749155147329,23.627779961348473,5.956657592736489,891.5937344485795,7.65877134162629,DEGRADED
113.52815692208247,37.754131495569,6.977259042742156,4125.585960837672,9.592581733473564,UNSTABLE
7.483527858938606,1.5938618382043956,0.5197932889229404,5580.615253007352,119.92478190796285,STABLE
29.086013598921113,5.3178991647538,0.0,5639.409007458171,75.54256918551056,STABLE
84.4983460432321,8.520565036128437,0.6147861866586039,2884.4505847517457,38.93351012853222,CONGESTED
20.11426055560659,3.050257422432067,0.4903176160338421,5090.7372036421275,74.52793026397917,STABLE
142.22861078891341,33.66264580614167,4.597755199590887,1709.8322967019062,17.936091314553757,DEGRADED
58.25296112684051,48.84800660433715,3.7230986195714486,838.8924996722719,8.498582841437125,UNSTABLE
260.9868640059141,65.73024824630949,48.589796023471564,441.703234474136,8.706443493837899,POSSIBLE_PATH_FAILURE
87.1134375889111,88.5926901159288,48.79060270863637,382.6594597115238,5.582704772704011,POSSIBLE_PATH_FAILURE
386.63425058482164,89.61050151516312,6.01601684506921,84.92767927479326,1.7728413118520354,POSSIBLE_PATH_FAILURE
27.007231568595856,2.0135563089881785,0.6944336485471638,10438.368329518924,55.20572442938396,STABLE
95.36561510555458,32.29861436056963,15.240725257248222,1199.1653881946654,16.9357017129292,UNSTABLE
75.52966213352917,10.209306447059358,1.2811668488366517,3707.983110338192,11.460379167363019,CONGESTED
240.96398287724793,101.21118642885696,8.37674327696319,196.48939218663526,9.79219544421575,POSSIBLE_PATH_FAILURE
43.53406830115759,22.18015042339473,1.890622563407122,8586.488544111638,24.116068060076344,CONGESTED
39.67415485378381,13.200303174383611,1.4195904762382998,3609.3771757599393,17.61762706200809,CONGESTED
204.11516325442753,17.312446662695827,51.18293631398812,610.4016331643855,0.0,POSSIBLE_PATH_FAILURE
217.92585026516667,36.81293389227665,48.46561359894645,769.3995219659491,3.3618845541563678,POSSIBLE_PATH_FAILURE
431.3441914641646,79.13371251882575,54.64824230434557,607.7657593031404,7.125969520423163,POSSIBLE_PATH_FAILURE
84.2862306379086,13.346042732656652,0.4660553892909671,4073.9174722528196,14.695008803168765,CONGESTED
215.0706707022961,33.873320019806634,36.0407572601079,701.8426487836323,1.2562884620547452,POSSIBLE_PATH_FAILURE
255.81446701074066,75.75814204511022,33.439903229264516,605.4516314929333,1.309026072079881,POSSIBLE_PATH_FAILURE
0.9186958677473314,2.5231272980393946,0.43548628660637545,2374.44113175456,63.52585242192919,STABLE
223.75212717716238,2.6042260926784593,10.377716825932263,3588.9657145033834,34.47770455549366,UNSTABLE
91.21134687849025,78.68589091385185,1.4516757163602367,1555.670567349126,22.95622876117807,UNSTABLE
70.51271410040836,15.295142965398197,1.274750326329843,1978.702051171545,17.53076827013198,CONGESTED
100.91494743424266,17.185772192683558,3.5948160097152773,555.8136068966683,22.93920355502802,DEGRADED
338.92441065419507,39.065773602690015,69.97314075580186,149.7381360176168,9.839748886143115,POSSIBLE_PATH_FAILURE
123.16114843868257,20.996675921401,0.8280297545897604,612.6204655597309,16.85356443510756,DEGRADED
278.3306027295377,74.64216926064677,27.73456439103303,649.2493666119074,5.128283892016781,POSSIBLE_PATH_FAILURE
293.5753753319657,54.0061901356888,51.16366977625043,575.8887445870191,8.457951613184488,POSSIBLE_PATH_FAILURE
71.28886408312398,12.720965600274262,2.225699884727759,4646.874347558876,17.634241369836055,CONGESTED
1.0805374668808945,3.112993383986465,0.0,7304.12530289714,53.43714335706679,STABLE
68.87156548717887,10.400490692261176,3.7213010598081833,3709.5864750503592,28.836272548733085,CONGESTED
95.76350215232347,41.7756106502587,10.317568793606409,3118.4802806374664,8.537733871759569,DEGRADED
140.00017081487232,80.12938890917847,12.380215620779971,2434.9575334538304,27.189102248826668,UNSTABLE
165.41195283711522,119.62503066138244,22.208205625905187,1044.216877791694,9.233141607069673,POSSIBLE_PATH_FAILURE
59.975038029940386,9.154880304871567,0.8885709536726825,6414.622646107642,56.765400574381694,CONGESTED
36.727512518543676,19.95843110407256,8.455710317792917,1121.7770227849296,19.6913129153397,DEGRADED
39.0506021406447,4.845279445575706,0.5340979120223897,9832.856330187775,51.766477753218766,STABLE
205.77772163899402,56.13429022401844,10.18758026513433,3427.8156304458885,14.766351521762658,UNSTABLE
8.436523397346672,3.1908780769754723,0.6635696455089677,9198.037619510349,46.656989724632595,STABLE
0.0,1.8386971945088306,0.5536863735774945,11457.290516154404,64.69292375409519,STABLE
74.19128661816754,17.15637654294252,0.2565108329002501,6271.386331345846,11.496621441175865,CONGESTED
76.18892461721985,6.902153789184692,0.0,3261.84188671802,33.119653813540786,CONGESTED
40.60298170524078,1.9758771613617458,0.3547875430303532,13003.928444738565,64.53746036025474,STABLE
45.493279526070026,3.1148201428763156,0.37155775479101294,10761.619580551618,66.30684035573157,STABLE
73.02866170319245,76.08527134631498,8.953216699157561,0.0,27.59987271171156,UNSTABLE
40.80620206003951,21.472756439099175,4.329359668049663,7436.556510100683,24.593688168204945,CONGESTED
41.28469732435164,0.0,0.598446986268739,9757.620707331793,65.0910825102545,STABLE
155.65813088842583,59.629073493350376,3.700459423478338,3850.4620055792793,3.0455851778849876,UNSTABLE
134.52534531278047,58.277213679681,3.940653806827715,936.576396340203,24.148193367443348,UNSTABLE
291.6887537251393,83.38234304666192,26.07621308456038,259.5935381752522,4.50914461375547,POSSIBLE_PATH_FAILURE
68.23700936083304,25.64598199699575,8.57653151456121,1849.9188001931109,14.079759206246077,DEGRADED
22.416445216767514,4.86527768598224,0.5171567810724098,10193.526433590221,79.17022507560212,STABLE
0.41408559602968964,0.4277399265824182,0.0,10281.48748357807,49.83758015168626,STABLE
91.61462988819142,20.107105970754006,3.295785777214056,5020.7840472196485,34.98109963625153,CONGESTED
81.93878830812281,41.172733732563586,6.505275420211024,704.6698426288749,28.879923151488455,DEGRADED
463.8183078959594,89.2665186835739,54.54052782602703,273.7744054944586,5.374262083632866,POSSIBLE_PATH_FAILURE
9.914639580568922,3.6276380402142436,0.326740227271168,13986.071236702683,88.68036569479045,STABLE
201.38326575910833,42.52948914478716,61.28420454120571,0.0,9.732336703962892,POSSIBLE_PATH_FAILURE
447.3883961258198,86.55300631942902,42.52167097714748,0.0,0.0,POSSIBLE_PATH_FAILURE
448.0610651137998,90.84031561356105,61.59005810458805,610.4322391983617,4.787888765774092,POSSIBLE_PATH_FAILURE
116.25470761630616,15.182842700098735,5.344925526687781,2076.811953191254,12.37341388548968,DEGRADED
387.72378005916255,83.0115515507303,81.12352584004971,0.0,4.293692275393234,POSSIBLE_PATH_FAILURE
358.1798062042851,64.53721354758608,47.284971768741556,113.34243476462564,6.33049203085485,POSSIBLE_PATH_FAILURE
351.02096356950346,65.12295970921573,3.280464131517057,446.28038310019093,0.025282211516552522,POSSIBLE_PATH_FAILURE
84.67438819424623,15.521870795371274,4.276082951950185,0.0,15.443655979735354,DEGRADED
131.10250755815923,5.753271195644363,3.033091825851839,4520.308403580685,41.898039578559676,CONGESTED
115.1718158845031,15.735677636224374,9.18527461196236,2068.5570696990976,35.045676218830096,DEGRADED
436.6748433323358,117.83459721432686,14.802067929233893,710.0421396339991,0.0,POSSIBLE_PATH_FAILURE
5.055943801806935,1.8253584744724423,0.5779117558641218,9077.837132362443,59.88464907634434,STABLE
290.496561624063,121.3254424110184,23.63192351535541,939.6552447984927,9.426426150694613,POSSIBLE_PATH_FAILURE
23.788426034583946,2.131599133482229,0.18789728403979628,7919.720598867469,39.77934626593489,STABLE
439.1311932095145,22.962992488849082,44.26588362656698,0.0,4.805882090619777,POSSIBLE_PATH_FAILURE
8.866119580781518,2.48258819662854,0.17123491923020875,9565.270025110929,58.47602122560392,STABLE
228.04615044870337,112.24067599532762,24.102583537506177,323.29820098642983,6.431666603412381,POSSIBLE_PATH_FAILURE
116.58839117430485,35.11359583163962,3.533374207443331,3890.5387527286284,25.942337635956385,UNSTABLE
84.55881518417806,8.956850141214911,1.46084757298931,4486.137520052593,25.113745908746825,CONGESTED
137.5800328784362,89.2099835512601,7.996631549373134,4144.58555251043,22.347450699076262,UNSTABLE
93.76816253756084,26.702798937761322,4.883935198759134,178.25779363014476,16.167948347074393,DEGRADED
133.6409988034666,55.04006150620094,16.095651837771502,1732.4047300764205,18.744420273314134,UNSTABLE
72.30664000357943,10.717738596316176,1.496090013832642,2915.28224833065,36.02573080572786,CONGESTED
144.9220960777023,15.668957282227282,15.848311361715915,1199.846849421947,10.54703988488515,POSSIBLE_PATH_FAILURE
58.65350354114534,11.162340609205321,1.6331923740855088,0.0,41.77262848126213,CONGESTED
62.164354182910145,3.7185441401330213,0.0,2646.1397340683025,40.361986101824726,CONGESTED
247.28847308338467,75.31569033674444,12.579804875859061,2797.999747310283,20.35400697701932,UNSTABLE
11.329947436765737,3.0884340058003663,0.10605381832751577,9795.898066436834,75.9454512233856,STABLE
22.033882406199435,1.8460072572449329,0.6800141843958825,9235.800390952743,36.27104043614885,STABLE
76.02849230000055,12.046430006529716,1.1773776343875944,3469.9424964446634,31.26327704063307,CONGESTED
134.47018789765838,26.897448727686427,3.7994203649082445,1755.1815942323678,19.212612700176358,DEGRADED
56.96584936667391,39.58110414551098,4.162872897309703,1215.1249933734364,13.568782920629193,DEGRADED
50.367310184106685,8.842766167235188,3.246274075670777,4691.972850596542,28.90823044439163,CONGESTED
145.47198217698107,38.76900633917584,5.348085191860613,1759.6336304477481,24.59513686769292,DEGRADED
60.01772345625234,13.289159333368753,0.12003044076547265,4617.435390465317,14.121774394005012,CONGESTED
36.7637046334398,8.408695591438,0.5938784918503515,1773.4383796830652,29.219814987055702,CONGESTED
26.951218261334986,3.142939360128791,1.91298025943023,3787.840230771526,11.497750994700763,CONGESTED
100.97930155220074,4.006813720253927,0.8097380754950584,4407.755303323887,28.750400954005247,CONGESTED
22.231220184061662,2.4006938718892687,0.0,9778.432822804152,58.91303869731856,STABLE
346.6449560285682,106.05466595228522,28.689831470539655,655.5753896538603,8.825772770263004,POSSIBLE_PATH_FAILURE
39.909994627613685,8.792398558397204,2.758775118666903,3187.939660305839,27.95585855125305,CONGESTED
460.7837834094478,88.10230407896425,28.1514227991839,1000.9757399829332,1.1463574358230448,POSSIBLE_PATH_FAILURE
72.97179640479733,27.484178355152057,6.605410735839206,2824.7807945707623,0.0,UNSTABLE
334.55782899529885,76.85900667954762,42.66056613098837,0.0,6.20814421233616,POSSIBLE_PATH_FAILURE
234.93819212042553,77.67439230292491,43.208035733413936,719.3732569846973,7.955780543741552,POSSIBLE_PATH_FAILURE
16.7373799497696,2.0748885673508397,0.5291982521608601,7942.714360443743,68.92275654479573,STABLE
14.224611126443495,3.8849092099394222,0.4063076555353346,4027.0810717568174,74.62988619609735,STABLE
42.803699063326874,11.24923183053157,2.576868750389975,5869.42676216839,22.46090801024876,CONGESTED
192.84302043828512,50.44419881980276,0.13166687378756592,1003.0981644307408,27.18998255943549,UNSTABLE
170.76157301121128,26.483852765625276,4.594651976223953,1940.1071594720352,20.676044246331397,DEGRADED
374.21204069879104,44.988043696660746,14.18580985563495,787.3194493600115,7.867732484944303,POSSIBLE_PATH_FAILURE
88.19282280081903,16.002273285501918,1.6899642445086314,1754.6162959382239,31.9598091061244,CONGESTED
303.6580545882555,111.35316220770686,40.221326661205445,758.0030532400938,9.234738705788217,POSSIBLE_PATH_FAILURE
183.10881572723721,31.412916219791647,2.8826432428678364,1047.5122469450605,27.077298863943025,DEGRADED
78.843311181162,86.38244432002128,12.550812391328751,1574.5245735213002,42.55023532445043,UNSTABLE
18.031143012960904,3.8327362962779103,0.0,2598.1565358534463,63.54460290536223,STABLE
68.09510819940127,5.346951712276388,3.4748671363418513,0.0,1.5732946111160189,CONGESTED
320.55512720875515,88.87351330941911,26.295827042443957,523.2522380231161,8.293665611903347,POSSIBLE_PATH_FAILURE
42.468579479719196,12.256605391847756,2.867966383275509,5560.172250754211,16.98119845113494,CONGESTED
107.88838538979553,65.07688086481413,16.29819552915972,52.50777456773005,2.194415025202866,POSSIBLE_PATH_FAILURE
362.84477290970125,57.30084247018184,42.53494975476499,466.44776246750274,0.6008371529724066,POSSIBLE_PATH_FAILURE
268.01872651524997,100.44800192617598,25.82186466979405,779.6179383529441,1.7354722153450695,POSSIBLE_PATH_FAILURE
61.95879128395089,4.127999912533257,0.0,3851.5545530820154,34.091353180396624,CONGESTED
420.33518985652233,109.12779101721915,27.412130329334886,262.4546612317989,8.563126144686489,POSSIBLE_PATH_FAILURE
26.19701965482479,0.02887599353785708,0.5685183105003153,10477.205183729093,66.83381771916328,STABLE
17.1720425085243,1.2983607552346144,0.12345074749356368,8743.53513447855,84.07564306050892,STABLE
89.54350570119543,16.037924544986865,1.4361778179395066,3214.6776969803473,32.087393496105385,CONGESTED
82.15489071372976,46.301429318587225,0.8363380846531356,2034.279074618882,12.451917030580097,DEGRADED
16.607415161159846,0.0,0.0,6938.443571988468,23.08242250746352,STABLE
177.35756495567335,26.717024468382917,6.505671139019391,84.19554594495867,15.67436519250526,DEGRADED
231.66316635103973,126.2978122950589,0.0,672.2424350478497,4.645634827927201,POSSIBLE_PATH_FAILURE
77.88953135493408,2.823683605150322,2.0555388116924638,3156.2850268312895,41.82750990099893,CONGESTED
119.93378001009438,110.78600675652301,50.16444638339084,0.0,0.0,POSSIBLE_PATH_FAILURE
309.5038790960053,69.61712774473607,48.00627480061438,0.0,10.719826088180536,POSSIBLE_PATH_FAILURE
131.7025398581567,23.972798440145073,7.537415971235227,1262.5059062073663,14.837384321164496,DEGRADED
120.3794393890023,47.09721413718272,7.931122197275889,879.9744480323377,29.993447232463,UNSTABLE
84.8918405670351,65.76939444272382,10.986273400168724,0.0,5.725509401798723,UNSTABLE
159.09059037961947,82.96538232157945,6.229027829900013,1881.4853414510435,17.57118063081559,UNSTABLE
39.96201335203197,6.74328700980517,0.2861073245277648,4438.296674817359,46.00603736341472,CONGESTED
0.0,1.3967623184630988,0.7916587855831441,8375.3193522861,35.755799525064674,STABLE
223.4825613437894,4.785129944989883,6.045032042861206,3000.5827325660757,19.92105830162164,UNSTABLE
280.64127326785785,62.241261990883295,31.689593967247603,122.86099403422514,0.7629400022845925,POSSIBLE_PATH_FAILURE
15.93056251227441,2.935325762609569,0.18832123985454782,8212.658398107136,56.27657874671763,STABLE
119.86942697949222,20.49268817725968,0.925264781316387,1789.8029011846788,22.196800922652997,DEGRADED
37.1879500304986,5.958924287704386,0.2531148042529738,8323.315611640764,23.20690020395071,STABLE
21.21177949299462,3.0281441657470096,0.12193141083106368,9825.768280443866,64.10711364502914,STABLE
17.88485618364834,5.862300430915726,3.9343750049095103,2608.3930957663497,21.889722038658846,CONGESTED
11.737705336360474,5.954787329949339,0.5795479836464981,17635.116005610456,64.00935442152502,STABLE
32.419599968138115,2.3877619030800923,0.3784070634110551,9019.973272269857,69.09063743737622,STABLE
13.141473238233573,3.5215087682823345,0.5920998660212048,14604.594500027464,55.11754456494762,STABLE
197.5938552477262,33.31684730790924,7.499038523191533,1113.2083082862332,5.073765029911181,POSSIBLE_PATH_FAILURE
362.7738294942044,97.74729485078342,39.47959701643499,497.3336260274719,3.423559934289143,POSSIBLE_PATH_FAILURE
107.38860038004339,13.162256796810942,1.0814007665656105,4404.840441303099,29.45157352843269,CONGESTED
171.6969037631157,47.715201722662954,40.748696583888815,179.90967583837693,12.866529903608509,POSSIBLE_PATH_FAILURE
173.61171020400434,24.78445830694009,10.19878327470567,1448.8995505751307,14.234361127748256,DEGRADED
29.68278354591481,2.035535042594158,0.0,9010.769105857898,55.53420555892031,STABLE
128.0098340962067,36.859345073158764,4.483095935635453,860.2930757257716,27.38455460232571,DEGRADED
194.16479449966639,55.36583264163451,8.305060869135787,4161.635484878188,21.520875738160083,UNSTABLE
55.152616776106626,15.55931628422466,0.2888609649007474,3351.468075531917,18.03695052703271,CONGESTED
133.80872664326247,6.832366126481752,6.863226142163308,3631.7983658177805,19.17406726948384,UNSTABLE
506.8377171912094,42.03939773048395,31.01781530600823,639.2541150560462,2.455989462408983,POSSIBLE_PATH_FAILURE
173.374134986714,37.87570271613459,3.3809126442035264,1478.4473953055744,10.674519251317424,DEGRADED
127.53170608504597,23.268980737799282,7.871955124737893,1854.6540801693322,21.208528981898162,DEGRADED
325.9361594186389,61.88149795021222,32.16920644430286,516.0430815073191,5.760985152627597,POSSIBLE_PATH_FAILURE
239.16314203740373,67.85154640401272,59.39210402910528,352.664149302511,3.984674508166535,POSSIBLE_PATH_FAILURE
14.134149149290993,1.906924413943244,0.5413870308200146,6651.093145368102,85.62461127525144,STABLE
158.8763088648134,70.4268808779004,12.226660244283408,5776.774770446303,25.17942973317752,UNSTABLE
199.51851355394356,79.18731332191986,28.039541372994496,0.0,8.768636241150435,POSSIBLE_PATH_FAILURE
220.53429611501912,29.80211688113104,0.0,2413.884350109157,19.717058798225104,UNSTABLE
122.32627982136194,74.67125615295315,12.556330920523367,2730.745730978106,39.777773598240216,UNSTABLE
255.64469880500917,106.87802443049557,48.92373067145527,0.0,9.743167808035054,POSSIBLE_PATH_FAILURE
113.59061993841414,1.369338143870067,10.259254543149286,1410.7031125678104,21.403443770214206,DEGRADED
367.25943825414265,55.93952949828077,0.0,0.0,5.395508379329843,POSSIBLE_PATH_FAILURE
162.02879321364426,37.828361080708646,4.985402845336122,297.86744426820474,12.50148083378057,DEGRADED
138.23496426330422,21.310135347477452,5.696834093763117,2163.607742033648,12.273457157627693,DEGRADED
22.116097327950502,2.8100693788146565,0.09554906274899756,11644.586920322266,75.31391051784217,STABLE
22.43752480401648,5.470494776620544,0.05031873501141626,13035.28480756122,82.64102734421357,STABLE
7.755309682794998,0.8268642808188194,0.6230485985905808,9106.556307696765,65.51273564658155,STABLE
225.15719547236574,89.47344576611391,10.751691120362656,5094.861509682545,13.647610848138733,UNSTABLE
134.64447857977896,86.58625490126786,22.721334285097882,354.4048164589723,1.840220290121422,POSSIBLE_PATH_FAILURE
74.06015127106816,11.606120730842541,1.6916596612746482,6611.237699848886,21.020207871613216,CONGESTED
94.93461459265919,13.119564867048169,0.43696654034314975,482.4562355715666,19.152590205510233,CONGESTED
154.08423979621287,82.58141362194291,14.918784606636127,1408.321159160715,8.44365677363344,UNSTABLE
307.6852188138972,90.19047478877897,0.0,782.4462842076218,6.8838727151309245,POSSIBLE_PATH_FAILURE
96.47796650520462,9.03997371240017,0.39581477835416967,5350.614372756998,42.917063291174706,CONGESTED
98.87650622808978,52.26056999291632,12.85368962727968,0.0,17.761926608816474,UNSTABLE
72.58642912234244,4.430549625613208,1.306751663044696,2374.99271684095,27.22022822811425,CONGESTED
68.25526405003131,61.49390967343646,3.703347325359135,2035.2120501336685,39.39845068099016,UNSTABLE
77.3675519387445,81.64192802913946,17.508467237744302,2184.371285607988,29.34893137729932,UNSTABLE
45.174740375339205,4.64885412476996,0.6059220732626178,11135.599651442082,57.58462846651986,STABLE
3.4490465681481624,6.556641813439645,0.09258119912864765,7334.9604650990095,77.66799137864854,STABLE
118.60504667850121,19.361679640127214,8.011809817914106,2498.214020683604,30.382567181100956,DEGRADED
26.82586286058836,22.416150875161065,2.6433564277383756,3195.210145816748,29.31025271566435,CONGESTED
195.64303697874675,39.351209443100565,8.27615808120421,1592.8386902157158,1.0336360087080578,UNSTABLE
299.5401443825673,12.389875951322239,85.49561686585577,0.0,0.0,POSSIBLE_PATH_FAILURE
68.42487460408057,28.82677495641648,2.8942878756559036,4126.958177373584,30.603144225003827,CONGESTED
30.42611450694409,23.018542244480535,1.8014565567554304,3703.53025130567,43.295693874344764,CONGESTED
10.36361555631196,3.9060375126243434,0.003054167954382847,7351.255759566826,71.79921690725809,STABLE
18.158242534847783,0.0,0.0,9617.75641207605,34.810575912478825,STABLE
90.8570583654018,34.418705341634556,4.0142945123731355,676.4525198818792,19.137693354622513,DEGRADED
73.86376764724056,33.92677996630656,12.249734555118671,2137.1654104643603,22.1248123434724,UNSTABLE
174.4604769016937,5.619133089145407,14.42253146297271,1250.3819806875656,17.028356513952165,UNSTABLE
29.92499796178904,11.611799510702857,0.0,4253.824676107676,18.863696400911483,CONGESTED
109.27690507026426,32.898285633042086,6.713621810451348,2136.803777291387,14.692601206678408,DEGRADED
125.89973156349264,39.86034010304227,4.848853983548774,2163.4418025214914,7.690376362046528,DEGRADED
70.34514517868035,63.039198440859664,13.822024476802644,2246.3741704581216,33.68399287305154,UNSTABLE
14.422286540105764,2.8196151732452233,0.23005089139804213,6390.220563526336,44.58641480655666,STABLE
270.314955050123,72.55825269898143,22.821972755132677,563.5354471763144,1.9035302045583173,POSSIBLE_PATH_FAILURE
135.27756695969603,15.44235873990775,0.9928091153913731,4462.07831868965,39.83187196070226,CONGESTED
79.20724410151104,22.443315775712378,6.764199535323831,4855.24347755097,30.1423626873163,UNSTABLE
257.7124452916951,95.53457958321107,19.89255062462424,921.8358547023905,0.0,POSSIBLE_PATH_FAILURE
24.38993158738299,0.0,0.0,5698.942132888975,75.90710827586153,STABLE
99.37345212890776,28.22222098327993,5.733378797803897,2090.8344187388393,20.26293766379226,DEGRADED
95.97859578710452,10.713933679217233,0.7659743565819419,7075.276424881151,8.29437700440456,CONGESTED
158.01314356621947,79.45433567519322,0.0,2765.1142694419773,0.0,UNSTABLE
150.0597341608368,35.29750884993588,15.6196383329034,0.0,32.60385550532884,UNSTABLE
39.245396984906776,27.695231160986985,5.6181785455583,2003.2426317037464,19.616062376935062,DEGRADED
69.79080930702776,10.631308909706162,1.3405358344531206,4584.728266783552,28.361572351019607,CONGESTED
29.861363169607678,2.921802157566894,0.004587712979734343,1140.8342449381398,78.52753495666494,STABLE
65.22234475550225,10.809720344408424,0.8932647568646089,710.1352895923264,41.16753379924144,CONGESTED
148.33728675942126,24.330676257159055,4.011952822290155,1359.2981139211631,24.344871383060465,DEGRADED
100.7848843520238,44.66255561988526,4.526555540846912,2896.516240570987,13.68283685246683,DEGRADED
277.41875769088875,34.771640068412246,0.8684673591623735,314.156805116375,9.120034303062717,POSSIBLE_PATH_FAILURE
53.557847280188284,13.868576242800387,2.11085036231219,3886.804244156234,14.143832037940834,CONGESTED
118.94180099806347,34.37759754983386,14.395488154559882,0.0,1.3521676333160357,UNSTABLE
105.9386707042051,63.80445770919424,6.912596681136176,3811.9279402128604,7.164372853531651,UNSTABLE
134.59105985348,33.426224576904985,15.598867734827362,2807.674712216969,32.97470873661096,UNSTABLE
330.10810567419054,88.75401303785873,21.85499755654661,730.5823133422583,1.841333810817015,POSSIBLE_PATH_FAILURE
146.11791439657415,24.257843837988414,11.465862794868638,1913.7964204000698,15.833364790753206,DEGRADED
20.630023683346998,2.4768761978671963,0.08684213756327867,11217.065821998009,53.921306469597134,STABLE
216.10928105456355,43.419848590635226,53.14887810064252,467.6490311549152,0.0,POSSIBLE_PATH_FAILURE
5.997876001324954,38.77211327410076,19.012684893381774,2538.307329656368,44.5041226166516,UNSTABLE
25.954575976595052,0.9722311016701539,1.240778453628795,3394.9353585169283,35.477028802190205,CONGESTED
17.935194268529273,53.6028486775811,9.34906790754026,925.5131955903043,0.0,UNSTABLE
35.07817726793035,1.9503221101478658,2.064323887037382,5592.205822060079,18.46954742080379,CONGESTED
31.14592444577377,2.6426896619722196,0.43585978059587427,8557.466034808907,66.49755248813653,STABLE
95.25541836585803,26.653574973199355,3.1289733518222063,1724.9004548513326,1.429614709844019,DEGRADED
89.60458255711222,54.27023293367304,10.620147922440367,2391.1389051996057,17.26576389029435,DEGRADED
114.92609919698745,59.86199380244453,24.177595624251342,0.0,2.5171012719136248,POSSIBLE_PATH_FAILURE
54.97975318335793,63.9899113570922,10.697646981124455,3302.3634623132193,15.187404537445198,UNSTABLE
112.28218078760615,36.457294031260346,8.660862573752947,1621.5822728618798,23.703814039892503,DEGRADED
23.83393864353495,3.2798486240782267,0.0,12350.636002379571,30.39574677750381,STABLE
39.449890326005175,15.273982336463874,1.6304386800180828,6262.497697903405,30.70776310853427,CONGESTED
18.350622246037815,2.0169183476856687,0.3413751373537681,8029.165242168385,28.315673222562946,STABLE
131.87219724629287,154.57428649675205,65.65150145970122,35.536817654029676,3.7910758036296595,POSSIBLE_PATH_FAILURE
251.06606366780264,29.177810254670575,2.8263876979460125,847.3727770402701,14.468075753166326,DEGRADED
365.6620302858039,84.32082046819885,50.69597989930349,271.9469237418808,0.7396417149831915,POSSIBLE_PATH_FAILURE
119.7619998158417,29.285270378466322,4.385957004866542,195.54014237223646,6.709282264698297,DEGRADED
68.96656797590225,5.88831684960355,0.9758740718657001,1835.4783724998072,26.92917716240705,CONGESTED
78.47404748102787,24.41622690977333,1.5598426128017686,5989.606173924631,5.924854088965496,CONGESTED
44.45130145058917,0.0,0.4163676118399376,7879.84316464438,30.907448059277943,STABLE
152.08757941738608,14.416906592251344,2.717314536521629,2311.965535159879,11.200044906397563,DEGRADED
32.2254133867403,3.8219651538017505,0.6649671698387378,6791.437109780911,89.3944752901709,STABLE
55.35721177527036,14.553982875820589,0.0,4755.838470225351,29.179204721325867,CONGESTED
78.29241446786484,11.604611773146692,0.8696315956459021,3480.5556990199934,41.560479355473646,CONGESTED
156.12218999715057,35.38539409544504,12.13443860725763,3150.8054922685005,25.07643106916609,UNSTABLE
184.52424413594986,97.19449467075812,13.214603726384516,3598.78442052687,42.892122316240595,UNSTABLE
73.18424573784444,35.87198386194522,1.5153046002869246,2680.684995685932,23.42622356227539,DEGRADED
211.7002052892151,25.939564498996447,20.738340930734438,142.67085726165425,6.43411350283831,POSSIBLE_PATH_FAILURE
214.05646495164956,71.04369545366289,40.223605471706364,0.0,3.1816408250053794,POSSIBLE_PATH_FAILURE
107.13299738859342,31.434842374769957,5.514467520288583,1834.4043795244459,11.634399024407056,DEGRADED
82.91035706886012,15.26359016510004,2.6387249931801104,2716.733453744724,57.052564435441816,CONGESTED
23.139082114575537,7.773903599147845,0.0,9612.34806761117,70.46398894539502,STABLE
24.5502372034752,2.5714501148910696,0.0,10988.107530184396,86.49473931254502,STABLE
20.124941187276875,2.9535325782992676,0.45438762303910996,10068.702605302096,91.85456912039137,STABLE
70.25716818343689,7.683386660898629,1.717206644077016,2875.232272192668,16.94220673982733,CONGESTED
50.40585373334801,69.54537047197091,12.370988802830317,3062.4184790512295,17.861511006158477,UNSTABLE
29.274384815581808,3.2291688740477564,0.4986904418353497,9809.297238947662,61.99420752648182,STABLE
79.90847044412762,33.33277434975307,2.28759863518935,3244.6729881063115,13.585571600194422,DEGRADED
4.1043250669103095,2.7946758179187343,0.0,7369.813576493014,69.94272480772187,STABLE
20.306314925944175,0.0,0.0191065062298989,7682.867010032058,31.7692549084763,STABLE
149.65761179457886,39.27341567175173,4.440589770144644,788.4360149727379,2.820905495352177,DEGRADED
110.07752756140108,52.197383671156246,4.70474505828248,2877.4212547928587,32.705001328889125,UNSTABLE
71.17958104251514,32.10879517541111,0.8353599903639886,1395.198323435702,19.666677069126493,DEGRADED
71.02287487991728,1.6867714898975095,6.943949191082178,1964.7306962296575,26.198215533719953,DEGRADED
68.33028302927973,20.09590829070403,0.3397486899232387,4243.387112310957,20.109027984692744,CONGESTED
12.709161622563915,3.4738972230918996,0.5420628436810206,12577.747913973242,80.27793668205511,STABLE
170.27929969669012,47.732224712379896,8.85926184329192,2157.253553602736,11.148561898501733,UNSTABLE
28.126012877536446,2.7038551909044917,0.8993074014674212,4901.525236338578,83.51370806462033,STABLE
314.8074834323238,31.34378532602797,44.23994873986878,992.5786001313545,6.071959287929721,POSSIBLE_PATH_FAILURE
82.97676782304532,7.98325672073671,2.052361237459417,0.0,42.39228166338059,CONGESTED
296.39368386161965,35.328520563986054,10.563016379988937,694.0237807177227,8.004998936461302,POSSIBLE_PATH_FAILURE
91.89352409402372,10.920856534240333,1.6560609026323674,4795.211296876283,53.85037880028324,CONGESTED
10.975769052074874,5.825026139922012,0.9415427228166409,7833.027029891201,38.737025796891544,STABLE
255.7497497789184,43.40777964879264,13.95282683735558,460.28526700992825,6.71494216528211,POSSIBLE_PATH_FAILURE
67.81571823767082,17.04436456902251,2.1360710349253553,4741.837372944499,41.02627922543766,CONGESTED
113.37704448887669,17.954092442412687,6.0373757637745955,0.0,3.5118982193495167,DEGRADED
354.2665990385962,58.684057346586215,64.63061181654741,650.3936314506464,1.3946019159344698,POSSIBLE_PATH_FAILURE
122.45535903934777,37.028000184380346,7.17303581958382,922.4501133244808,15.516630777484497,UNSTABLE
209.7009748342423,82.3245617776497,10.97854421634303,2345.245215827862,17.177301824860013,UNSTABLE
251.34397541900665,68.50867675904057,45.69259269611517,541.5284396512592,9.701046852377402,POSSIBLE_PATH_FAILURE
84.22385855426243,35.0011929932545,1.248766548482111,611.736084485871,7.945586937247004,DEGRADED
201.63184354444178,22.14004691114387,0.0,2741.1543089117977,23.88990626414341,DEGRADED
117.19848981833155,8.100774843472024,8.135127629784364,899.8829185907784,13.093146155388514,DEGRADED
117.89326149268788,109.96450815940176,37.924187719020715,0.0,1.9269476520560667,POSSIBLE_PATH_FAILURE
6.973478831655356,3.977337048934614,0.31400698971458396,5689.044479807779,80.52851361094437,STABLE
74.0629919713661,12.893638448390956,6.438406412572665,2892.0636665527054,10.365728505804244,DEGRADED
296.20431243741996,92.70708918930855,25.314867115853104,0.0,5.321585023038709,POSSIBLE_PATH_FAILURE
202.6381593534137,64.10862704983984,12.192647521299422,929.1766679007972,4.049199910123937,UNSTABLE
269.68114349441356,62.416072571282456,32.67871698813941,684.7395377251335,2.9413955478041616,POSSIBLE_PATH_FAILURE
261.2931282699287,56.81066001784265,53.24797210288362,254.97538629096672,12.25278829868642,POSSIBLE_PATH_FAILURE
243.29407380978836,117.71397160473174,44.99010340968208,522.078400065983,5.069305104195061,POSSIBLE_PATH_FAILURE
241.78524401245778,42.855557991418955,47.34882539406359,491.2296484026289,13.580833689038267,POSSIBLE_PATH_FAILURE
15.208968290880199,3.533472335953283,0.421797807702471,13230.78789029453,75.91743976044386,STABLE
126.97584824226372,69.44628058320353,5.776736388239568,3600.4551434716386,21.675905510290384,UNSTABLE
238.31027550501963,45.006650240277615,22.880598287680673,689.0115370275682,8.760147726644794,UNSTABLE
65.33871303583395,18.321477339790654,6.8676392076471835,859.7207238451618,16.490812956023618,DEGRADED
0.0,4.209537126228353,0.9993471969411034,3827.941461590373,34.44632975177958,CONGESTED
73.48591761995492,53.436563945531965,10.34690182250279,925.6268052447915,2.4472216332027763,UNSTABLE
141.25252835937172,29.903091196812742,13.899198907239953,1380.981199858529,0.0,UNSTABLE
107.42674899817746,40.581478666772846,3.814818159464397,2299.6217003172687,11.541872892916361,DEGRADED
94.5083315135671,49.959088347165334,0.0,1328.4076549477236,10.79707858102509,DEGRADED
105.62698331563612,7.6827185462512055,1.2726238428166934,2201.318634960306,40.66142477917863,CONGESTED
108.486745153655,42.344000941453345,1.9717694903817984,2746.868741327578,4.89215492183596,UNSTABLE
90.48515302161988,15.776387673140302,0.0,2195.899654499136,52.936180523596136,CONGESTED
24.30301358957553,3.4958951217037497,0.2424970092173077,4709.378306288621,44.68824173423353,STABLE
50.801114156496226,13.53928933112499,3.610098737391634,337.87906394690754,45.1547487705739,CONGESTED
65.48874932182085,14.713384494875477,0.45068590910685136,4357.569500530315,33.68841196689184,CONGESTED
181.2309326457268,0.0,1.9473337429445357,0.0,26.333096108266044,DEGRADED
225.0140209681332,65.76647463320958,3.7284538847048116,1928.0639982591304,24.322295461528498,UNSTABLE
85.1823056246611,16.18151197471777,0.8097385918406607,4924.714709503735,28.69703687910125,CONGESTED
37.9756116664464,3.0620944009771085,0.0,10187.04080715773,90.04230295989225,STABLE
11.123043442854403,0.20462767376319269,0.26728681982507735,10831.598916163726,29.46828286624632,STABLE
33.35784336320233,1.6745971832894724,0.0,6500.038047974007,46.90208717380056,STABLE
42.922492823109124,46.95586311241273,12.600365866047134,4412.499205417147,34.906628575636034,UNSTABLE
128.7120747438957,48.88172525009724,0.0,2175.3350162527413,20.826772675023754,DEGRADED
102.1755292049974,27.478644961500017,8.369391320443084,2782.502703140911,46.17843861984905,UNSTABLE
248.81978068384262,86.69699994199209,39.396772473954485,305.51692757008277,8.949858536359015,POSSIBLE_PATH_FAILURE
44.6992749770866,5.137705332154269,0.9335764640615813,1638.058753355517,16.798929546392003,CONGESTED
30.507032570139387,12.454827347755513,0.0,6017.198570690578,9.70206420059294,CONGESTED
42.77013757652003,18.46435913288225,13.473564198890351,4124.15076921948,36.833703179526815,UNSTABLE
19.48802888183403,3.3412501570795854,0.0,13861.905594126223,67.74991695628921,STABLE
192.96893645880107,26.66407792146725,14.3822608544441,1680.7306906304134,17.054408625310415,UNSTABLE
181.19092183560383,10.846720852867655,4.848032152963408,487.99330106951675,6.518787838544455,UNSTABLE
100.53680500518927,4.718383331165146,0.8139346665874547,2244.1317728520585,27.615843338039213,CONGESTED
35.396914324786756,12.36585925460199,1.1602748212126544,2440.3074089246575,32.442666234269964,CONGESTED
18.25827266195042,3.462564045486729,0.0,7916.432538046228,42.59305964685134,STABLE
129.709139388912,109.55276629883534,15.443917564087805,1840.6024042482977,44.68484318989843,UNSTABLE
62.35805346746232,17.82096884043588,0.15821660627160417,5366.231778500372,40.94107031707106,CONGESTED
28.4438519048532,0.0,0.4309687943824293,6413.197523288138,104.63572290984783,STABLE
328.05416265028,50.536814959812524,4.649104057618974,223.04428828716314,9.510741684996539,POSSIBLE_PATH_FAILURE
74.26024886283838,83.69433501493546,14.032191581275956,4250.8704641974,3.18459864418271,UNSTABLE
36.01778891320916,0.029889041745128075,0.36657202228382724,10138.246096041441,65.6241291184581,STABLE
0.0,5.057561839491019,0.060859867594569655,8365.406097186167,87.87039019220123,STABLE
25.381154370039262,7.458547221111947,0.19772981101065482,8842.983192140111,41.321190947074726,STABLE
106.94590750020683,5.401975751947146,1.264490631004141,1258.4320837097493,16.156937262992184,CONGESTED
101.04349985029185,0.0,12.01837741077804,2012.206750787459,14.161510304829992,UNSTABLE
62.13070125205021,8.850728951147758,2.1376600901646636,4841.372559736532,24.38174078947248,CONGESTED
142.51765345959848,33.50410306508694,7.543765262248529,882.1624726620738,29.506438602587767,DEGRADED
97.11678046861549,89.45694789589842,12.577478176582327,1212.0875711975682,45.054478341103106,UNSTABLE
253.11313966657835,108.8199801816732,27.70959766867793,420.53752969407844,4.869869284976464,POSSIBLE_PATH_FAILURE
9.976560193091988,5.602316697304062,0.26465239079052694,9796.195166991452,48.08593449173188,STABLE
127.61427483073882,96.62114831449432,36.52315486698656,726.8861805636699,6.8535149365027355,POSSIBLE_PATH_FAILURE
181.20517075886437,35.15606200712958,4.8140065718928815,892.2111915618154,15.771135717969829,DEGRADED
175.68752020652903,64.39065457993286,58.435217710568594,802.8787655521032,1.3242822823962905,POSSIBLE_PATH_FAILURE
244.91276180412245,46.560163238796704,2.02404078029444,1927.1710348084778,23.871000955341763,UNSTABLE
162.51434812036572,48.23845649014346,12.795967542693205,4173.047535974903,34.764394481674216,UNSTABLE
18.52471319759647,2.708379083822368,0.46159264991570215,6927.812092999321,17.65513375758946,STABLE
91.92077240160133,4.12536688679686,3.1749265833747016,1182.167594403888,10.215526246765783,CONGESTED
158.53293329619865,25.108999459269562,2.8977962585521135,2333.585276781603,11.635450883624234,DEGRADED
30.715217949163502,88.60810276757759,18.364321978043886,0.0,4.581737690008074,POSSIBLE_PATH_FAILURE
124.97162161125102,40.51259336719224,8.382159157801983,1370.4162451600562,8.954966681984619,DEGRADED
417.8042669861368,49.940890410582945,55.12118714281234,205.1230934238935,8.211245957873162,POSSIBLE_PATH_FAILURE
273.84549797145496,54.670658094515915,61.0470415103066,211.52549499722295,13.260536665587365,POSSIBLE_PATH_FAILURE
80.08805868634806,4.719619953544792,2.36237068237282,4719.0637346357835,31.93220424433531,CONGESTED
104.36702875249537,6.888467404281101,1.0073463711703887,5250.1222364536,26.088677414148272,UNSTABLE
139.41248905395972,29.15789779069399,6.751502924386,1274.6183474061052,4.716189808312386,DEGRADED
221.5189749893878,44.72453378580782,6.143300283829579,1961.3028241272023,18.57239488820813,DEGRADED
57.00570123116,3.696921036926483,2.3597582451724906,2362.423270761482,5.915059641745639,CONGESTED
276.50662355137246,48.32953570051117,24.46161283848767,108.2632409657312,1.5151498329600854,POSSIBLE_PATH_FAILURE
22.552134168558744,3.209380059776252,0.492999610993439,6159.242842768674,28.723706173561506,STABLE
43.174996147541144,2.6304177292408237,1.6017399436809727,2140.6721152374657,24.795153539402932,CONGESTED
307.7408538722734,92.08552850403743,69.11186566842622,0.0,2.701411186480782,POSSIBLE_PATH_FAILURE
121.23359040889,33.643215606778995,4.554485615116748,3146.282068078707,22.017460521227346,DEGRADED
233.0439555763346,27.022327674991892,17.23693427799059,0.0,9.027213142348199,POSSIBLE_PATH_FAILURE
89.12549232698251,46.02942301915475,3.3114767816364297,1107.6355697563686,30.77255405041128,DEGRADED
297.2187493237427,84.34634985006772,37.54409884845205,394.19603264477706,5.717183530813453,POSSIBLE_PATH_FAILURE
89.02876374515799,1.4987072109235768,1.6147233694727403,4508.537018408186,46.65483342317485,CONGESTED
62.45798059672885,14.285609681091424,1.871277345058338,4452.948157809953,0.0,CONGESTED
379.0690201395465,70.96627890730547,0.0,0.0,8.344749026529515,POSSIBLE_PATH_FAILURE
13.94999287191269,5.169030321859932,0.1677398767201808,9404.155965948885,55.22632553873044,STABLE
26.525319320002232,12.159805082857394,1.3545422343316564,1479.7873326453987,26.54742828805227,CONGESTED
122.58182059710781,10.151123938561213,8.516711404591325,201.11612542255648,10.966951592464053,DEGRADED
34.81455547658973,1.7303736720570866,0.0,6989.625096062602,46.02735170675093,STABLE
77.0484074723768,49.913484723927404,13.059830478759405,454.0313994196583,29.77932221610212,UNSTABLE
14.092929860365135,1.142021665738841,0.0,14358.61706194245,76.41198589995312,STABLE
444.42686418926496,82.46219838985296,33.421770028012126,348.4272716233722,4.679135600251363,POSSIBLE_PATH_FAILURE
18.592091135836146,1.5354292371958487,0.8061919096327497,11249.999161074333,67.08957909990913,STABLE
469.7248693606514,67.95559386903979,30.594161364518257,0.0,7.8345743358401005,POSSIBLE_PATH_FAILURE
166.99536775677632,38.440745857917605,2.7072555680448547,1437.7440034980689,6.447978752559994,DEGRADED
142.92075244227527,55.23354772899266,13.214649623860389,3192.9003226097348,30.02923020613901,UNSTABLE
162.18997320682266,15.172945757088492,8.266501833345043,2464.8222089409974,39.96104290956866,DEGRADED
28.29519042024073,3.3905260629595455,0.0,10174.241798713383,39.98948631685216,STABLE
392.1909768458162,81.4221820643878,43.23171466009096,426.03162723919206,7.500630309136616,POSSIBLE_PATH_FAILURE
139.0232722682546,44.371395444427066,6.276244953835677,1467.6875235629911,12.795863213227053,DEGRADED
43.720601318322736,19.290024114491658,0.6766840287110377,4262.3103786701195,45.38082487162736,CONGESTED
15.305976597972762,0.34720779336290253,0.23213150900284152,5968.203002393525,64.5211917820405,STABLE
134.55438472602094,35.44554831575074,0.13081858495898224,1818.1493596012062,5.66696108783413,DEGRADED
205.6873506787292,31.70214185500974,4.728679559019158,258.23788887406727,30.776481864060894,DEGRADED
21.310578260461444,0.2417014973028242,0.34553676766087427,9253.267637883158,82.59161708454918,STABLE
22.027750482523672,0.8448773422653493,0.6210411154302513,5087.179013748998,64.17283812974014,STABLE
171.22957444239086,64.27964826543565,3.585090133976254,2448.4005200655583,42.597517224192785,UNSTABLE
200.3091422009744,74.03750555434853,16.171799287344474,1851.9384183776851,15.150109894240563,UNSTABLE
230.79126869368693,48.482416002641266,17.156617097805785,1.0016610176239737,7.264037529522641,UNSTABLE
214.9631034471576,31.240765738991488,10.522297406704384,1183.4178317802764,0.0,DEGRADED
86.43654446967454,53.06205555588795,14.57857850899186,389.8437663061834,16.279513131664302,UNSTABLE
92.66158567973952,48.518542382639794,0.0,2006.9288000227339,24.869017579689327,DEGRADED
62.25522905466393,76.8228023574799,6.755573097421154,1489.7663355102482,36.249202590757754,UNSTABLE
403.49798210038006,20.706607130247946,26.795556684826842,730.7593309817403,8.472181073085169,POSSIBLE_PATH_FAILURE
20.139852218652926,4.166216271315486,0.3026010372263064,15172.990091732045,56.549560280320314,STABLE
161.95724348236953,27.089379891931333,6.320332109796854,2652.836581751152,13.685450366151356,DEGRADED
26.255903939673367,3.7273963006859256,0.4286447725876058,7282.655945835385,70.45990656494656,STABLE
187.07896654657452,34.3830466134344,6.783765526213951,1613.918222047653,12.002750415320353,DEGRADED
88.15322640288883,5.179071464919429,0.8227540274092136,2374.078864874813,10.674205813234945,CONGESTED
105.02930877971463,29.994784414955006,0.0,2768.7133805522785,35.33873118405651,UNSTABLE
326.8592553161614,43.234014553180124,44.990381974569104,138.36714270308414,0.0,POSSIBLE_PATH_FAILURE
249.485188498351,62.23554450510162,12.362545261689423,590.8634877911858,0.0,POSSIBLE_PATH_FAILURE
26.396264094979017,2.4272677282696487,0.0,7880.333970558849,48.41610030950201,STABLE
30.65626306647846,48.309091723018454,12.427189908815631,2391.4803329217566,10.244637932892457,UNSTABLE
86.12661255637599,51.49479109547019,2.6348098214564413,1986.9964540268738,12.95287094656523,DEGRADED
9.175728026117131,1.3874363586306317,0.0928084819199553,4927.506087349251,56.25201558192032,STABLE
78.4136056068995,14.440967128975053,2.43351979693253,3367.961369761805,28.49477158310653,CONGESTED
141.71938077191027,71.15291137366681,12.01337648556415,62.16028606013833,26.718383673147063,UNSTABLE
148.81489164501528,68.34400457691738,11.556202352148397,2583.6636086701865,16.39335586074129,UNSTABLE
363.50098239590443,94.94378258527198,39.38816948718908,607.9910265392016,10.57773922867873,POSSIBLE_PATH_FAILURE
0.0,23.605608939926093,16.619990505478338,2235.8394768268085,6.723187249159041,UNSTABLE
143.39110437213336,72.66946668777146,5.130442002407876,1323.1642778469345,0.0,UNSTABLE
392.939029893644,136.56061523940002,49.88736704194601,291.402226573745,8.957716248857661,POSSIBLE_PATH_FAILURE
84.01144437397012,7.9065372232017,0.687830037841565,5797.001673703549,34.35021989736364,CONGESTED
11.118661462663477,3.3848422355363628,0.20275197445463874,6781.524944993866,80.2156276801147,STABLE
15.282239663616643,2.6523245998107674,0.0,8237.694572652095,66.55201168542257,STABLE
214.78783688150725,69.85530338351812,13.669616378159056,307.5151423635202,0.5564855734164986,POSSIBLE_PATH_FAILURE
123.40503015439941,71.54900470184279,29.142769511469808,914.3086817347952,3.344604359217093,POSSIBLE_PATH_FAILURE
37.67662364996067,13.190155003913004,1.757851408332479,6033.39040505101,24.569923485320423,CONGESTED
10.66382319990123,2.497794823926175,0.565317556235341,10305.900534586171,102.12480595406666,STABLE
56.55673857868008,25.089374031780352,2.2480432168422944,1053.1321709678778,17.56262532026083,DEGRADED
333.2448220690321,50.6645238550896,42.458263990627984,0.0,0.0,POSSIBLE_PATH_FAILURE
349.2629429160984,94.24054703634839,56.79826141084307,583.2341695679388,5.989883371336012,POSSIBLE_PATH_FAILURE
33.9383287288585,15.804374136474191,0.13864928610478877,3321.6225346373876,40.887634497252854,CONGESTED
59.93145453174892,39.00712732032319,6.770295245273756,2968.747355205192,29.311409733097328,UNSTABLE
144.56200949991103,42.50699142725884,1.666237238903701,1980.456914917442,6.876695845013,DEGRADED
69.61323092907995,9.518304885895756,1.597173695219987,6687.021696266567,19.100823921683222,CONGESTED
45.41048757682972,11.685325401026997,2.3213980834423733,3885.813935666556,33.1585788779378,CONGESTED
60.71533397031433,13.473141485970206,1.9313848736558112,3570.71627882699,21.987046364709617,CONGESTED
122.4164774954361,21.290568176682648,0.0,1704.454953517933,19.48119351908217,DEGRADED
297.54527512555825,21.6878840528151,56.2146047600473,81.30145681420339,8.957153934198486,POSSIBLE_PATH_FAILURE
64.51603801734072,81.2230320135659,16.88122032484945,3257.3735643749105,36.932193039110004,UNSTABLE
336.61601156723697,6.432499530043415,49.61937406216945,620.7219045789861,1.044973241349323,POSSIBLE_PATH_FAILURE
32.37180143323367,6.164803000557519,3.523749139898997,4045.1597261027637,21.23523336184887,CONGESTED
72.88141827899925,58.6921113354888,0.0,2922.405632202208,32.024808736673755,UNSTABLE
62.35523835870673,11.227834568731783,0.0,3350.798834555564,8.724737212652993,CONGESTED
100.30549010417622,108.04878563904398,30.574074172934562,1054.3147499928252,6.6146960400872095,POSSIBLE_PATH_FAILURE
71.47828107567405,103.03538317413637,16.02698083978578,0.0,6.9813669152687154,UNSTABLE
15.89072769166263,2.3651228903246357,0.17391200731819373,6636.85862031656,25.769212496335534,STABLE
112.95593103628454,2.700925272064495,0.0,8352.353209038047,11.36671267574858,CONGESTED
91.26218008004771,0.0,2.206284018765257,2458.1209011437127,10.146520836299779,CONGESTED
35.78771416194034,11.461553167624025,2.124891139151572,5024.890687525105,49.89981899460186,CONGESTED
9.691862797288461,4.205873887510444,0.4343543615671225,7194.099102831537,38.186800512614305,STABLE
142.68281809875384,19.238004569612176,0.0,309.5499074947877,9.450056507832974,DEGRADED
233.30837580361643,36.256904365859626,42.26913700614092,290.6043505029686,11.65585879244388,POSSIBLE_PATH_FAILURE
1.6859391578487646,2.0684636702838444,0.4936524023711599,10375.862753512221,45.19341268322576,STABLE
113.54862714782318,66.42821476029998,11.08359909892536,0.0,12.083230726507834,UNSTABLE
8.82615887010392,5.382779280582829,0.0,9453.578494875905,40.30694830015247,STABLE
27.37607516603063,46.20977833298371,6.792749707833876,2178.9963772091496,26.546755857920704,UNSTABLE
187.53177926190716,122.76874361896216,21.772591205413818,0.0,0.0,POSSIBLE_PATH_FAILURE
15.450165196592199,3.8097101752714178,0.6420239244325269,10050.90531460656,79.78129242751079,STABLE
66.78103560675827,20.99382997464523,1.0087596843889965,4574.479816519521,28.97643932744483,CONGESTED
320.5486366837089,69.97825072623003,18.979741187081704,66.78753438471472,2.34883812658627,POSSIBLE_PATH_FAILURE
327.2893176448227,50.79152120747029,15.26298252838512,311.20086421209794,0.0,POSSIBLE_PATH_FAILURE
153.61486176221888,22.129836017872844,6.67385324417881,993.7875180388307,16.39881126852698,DEGRADED
244.71401255432968,80.99659826699927,40.577500817540056,0.0,0.0,POSSIBLE_PATH_FAILURE
60.24486764583673,1.8877688110998303,0.9686432141620548,4043.0144938574927,35.93165276760189,CONGESTED
96.52725644006449,2.675527073876273,1.9851352596599048,3932.6998805082785,7.682812116575281,CONGESTED
181.85033651747233,30.48028840575695,7.716104124939724,190.67744976157792,20.301337375915033,DEGRADED
87.12622409126286,8.905520492254972,0.27560535882711856,4398.561186449425,55.910940600583764,CONGESTED
23.89691705320002,3.5133174614245233,0.36507612291010977,5279.858140170367,54.42808454387591,STABLE
48.67275006912106,13.26666446172678,1.342676572853644,5869.591906137552,27.945479718478587,CONGESTED
59.878591691453806,10.429036841185527,2.49761646122296,2322.7189370367264,43.713115623346155,CONGESTED
158.42009654654566,26.31963224855477,7.569718580029694,2819.5958166199503,22.946662538641853,DEGRADED
166.28030497319983,23.516136659359198,5.175908906321049,808.2972293081087,25.009699090781453,DEGRADED
353.4007348596233,87.9294376039342,27.244367544782882,678.0015973865718,2.733062175296036,POSSIBLE_PATH_FAILURE
17.090039830282763,51.25919407434422,3.029697599876765,357.2877097407786,2.7949921890878535,UNSTABLE
31.877250932619365,3.1896537194607513,1.1095287245331902,11804.46037746147,67.41976449879105,STABLE
56.33053944339441,13.0716710453687,1.6313989506731361,6231.077327702673,42.08423260894715,CONGESTED
234.4430491363705,19.832179430324743,5.404351933478315,2319.3552478362817,21.35691808183484,DEGRADED
81.5305108914085,37.854907327521104,10.365329279878887,3188.5164964094834,6.92979501017604,UNSTABLE
133.5190712977862,62.6537852352281,24.97025567058329,637.0404657521741,5.18511775453457,POSSIBLE_PATH_FAILURE
44.91301476239791,19.739433160570023,1.6319362705771527,5503.310413446073,24.895245489217597,CONGESTED
24.650802095003062,2.672092999946007,0.36316310123365403,9074.584467816596,74.26138563703174,STABLE
316.65983176779434,62.96794361273065,74.75123057628875,1245.1454150670909,5.402174893927916,POSSIBLE_PATH_FAILURE
64.96228200530453,69.06379654768365,15.789913892259138,1320.3850147880319,16.267021905728477,UNSTABLE
162.9083642393956,69.89693589122206,6.109162340452011,0.0,26.598123634824233,UNSTABLE
299.79880180340194,58.52524805598931,48.44165154719055,206.1139014497842,2.270996804260294,POSSIBLE_PATH_FAILURE
70.22329682776747,14.826403649096346,0.0,2687.667792319918,22.434608502138467,CONGESTED
100.79892448827755,27.178149584478458,5.613714949100983,878.549403828694,14.444421989285216,DEGRADED
150.55780813338504,21.17881873800105,19.345990647784955,1833.9443611783845,32.241724758926,UNSTABLE
52.02032760092648,14.983724208003986,0.8585646767240459,3898.9141061287614,20.167864160952867,CONGESTED
130.35249566027431,37.23513239688059,6.888204836186196,1362.7481764064387,18.59786428657654,DEGRADED
0.0,114.06543894467181,14.244258948622807,5088.275967003011,27.499788090233128,UNSTABLE
61.806439583330906,8.867337107134873,1.4721918669166678,2075.3967342892984,15.358545066282915,CONGESTED
14.438080411508748,2.8227721094936653,0.014107105095796518,8552.085016966466,35.74218730916287,STABLE
305.61577365632644,73.6552885952429,46.9974723295686,286.15863806930247,0.0,POSSIBLE_PATH_FAILURE
169.9360826104728,54.139447223850404,0.0,403.72895153607647,53.62380386334361,UNSTABLE
101.61949617625088,7.507452074282026,0.9268496359745114,1278.5892532294015,37.44234687810714,CONGESTED
173.3734802767778,26.461478361963703,9.157786833418168,1686.318115451836,27.29809498117725,DEGRADED
385.6338578027277,70.97748039529068,50.71682440218099,835.3592266811908,12.273126367652067,POSSIBLE_PATH_FAILURE
11.626017761725379,3.0931149466557217,0.2896754457752453,9904.532361512458,20.45442549265274,STABLE
33.59187575240436,0.0,0.0,11278.07001297662,33.69890781924841,STABLE
339.192481551571,49.573407129785316,16.454779779166017,632.0622509666862,2.00220273715351,POSSIBLE_PATH_FAILURE
126.60585571287365,92.48051861403246,2.109237813801778,733.2890177960958,20.363621148343995,UNSTABLE
106.00635700026815,22.755678893678635,4.666348628801993,1716.0404694276926,10.913767584086703,DEGRADED
8.605709989084254,3.9532059346479596,0.5005501908648223,12395.460367762447,69.45366184477226,STABLE
65.17098307653428,6.533384729573706,1.428716723192789,119.08692374602288,36.05799434200298,CONGESTED
21.467146985066478,12.473551276099355,0.3132344443434545,3990.143114993151,25.82996657512462,CONGESTED
104.56301606020565,14.663319781900354,1.1661880540007092,1625.8630916532657,30.314544268302697,CONGESTED
213.46003983542164,75.34149801141061,15.89342929795026,139.3379182087682,8.32052007864232,POSSIBLE_PATH_FAILURE
73.5825292161924,10.843874243479034,0.0,2135.6359771813122,19.019027899907396,CONGESTED
89.59012735743248,9.538662034862886,0.0,1746.2115140895603,6.13561779674896,CONGESTED
56.89542734362493,4.819799294492908,2.5755801794117086,4449.946385598928,29.11837095659059,CONGESTED
104.7771043370712,25.804318194874522,5.817034174274115,739.3563174481612,24.572673534036806,DEGRADED
141.0384134333452,71.53590825564167,60.700285949842836,674.5191970219561,3.06119201253197,POSSIBLE_PATH_FAILURE
305.7314904656137,48.31994543335242,27.497413284577583,216.19160763473172,0.6565124464657304,POSSIBLE_PATH_FAILURE
12.953267371301177,0.864812461910228,0.00693166251480562,5866.736844137093,55.607376961651696,STABLE
158.14075054216167,52.155748949589494,6.074916317587775,1256.4841873660196,14.410824657409984,DEGRADED
45.45069235960872,4.234320302241967,1.8739497068095183,3824.6259441596603,8.892190473402259,CONGESTED
8.888950990824418,0.6926501672004788,0.03284884188407014,10077.636231499127,52.405281043007335,STABLE
98.46867396860144,11.049995192616414,5.217785141306023,42.16353520036364,18.90895038058021,DEGRADED
388.1662841870897,107.24338890199047,42.17112133379725,207.27950674935028,7.297429602628164,POSSIBLE_PATH_FAILURE
24.174719587420146,2.826590598315753,0.0,9078.914168224786,31.9580800791447,STABLE
40.50070795968311,0.0,1.133410934808123,4801.831247946103,42.09039214772981,CONGESTED
171.64527887492008,70.98507075964979,6.140931717153629,4084.156528254266,21.190689110753716,UNSTABLE
252.8264925633383,31.114351132796813,30.095247234508502,1123.7642593741323,3.8190407556475154,POSSIBLE_PATH_FAILURE
34.96372130689551,7.100856979647844,0.8409341777280345,5517.597793510037,20.86649950243222,CONGESTED
22.294817154636064,0.0,0.7635137395979388,9371.820439800682,36.322642747200526,STABLE
30.762401574663855,3.776948401703082,0.18169479469147753,11164.542507949549,69.7432363565134,STABLE
100.82009223172149,14.791739252390038,0.0,2469.501483233831,20.226369299402588,CONGESTED
34.353001566454395,0.0,0.20551826467139597,6261.515776959908,83.16445337591915,STABLE
87.400119666205,3.432998202520107,1.6149690133870784,2074.925530164628,45.50340216756421,CONGESTED
293.48575338079377,69.77848026124923,0.0,496.54656110045374,10.841771213698987,POSSIBLE_PATH_FAILURE
15.752262722069087,4.085716448955192,0.4908229372244616,10034.618464530595,45.557554595428186,STABLE
108.88976888362714,25.6506944125122,5.868081873848196,2286.2096858703094,28.18612103602688,DEGRADED
26.99196731694888,3.0219710270550513,0.16429144801996243,6878.687561618397,33.402179551188375,STABLE
95.39155708464156,10.645660841882187,2.0693153278121033,3629.7706415115595,37.47577209747021,CONGESTED
136.8048646863184,27.59871864556547,3.2110164409719335,1564.8579172405923,14.328193621335888,DEGRADED
84.99566938651628,13.90510907101739,2.007225949570622,2534.3663405862762,33.718555710863996,CONGESTED
135.0551821755702,30.397232015869523,1.1018999622785675,3070.2664373806783,3.733161824980696,DEGRADED
99.10781715986624,62.85322805331325,0.6320301090397056,1746.5833175743187,34.808125912755855,UNSTABLE
92.04048647226696,35.37402376634442,1.8726700398178266,1975.8908721386715,13.076118402282823,DEGRADED
198.29787396976366,72.22336325217832,12.895016244411867,2961.3577137126586,2.7463063830464876,UNSTABLE
241.97504027704136,89.63883572990267,26.819159259597797,122.9599661664023,3.8415624864314877,POSSIBLE_PATH_FAILURE
178.89505050664513,21.01421192370792,5.463509747383318,2658.905551883214,14.958660318426126,DEGRADED
20.61916483679959,3.5539173504387307,0.5930119078600851,7446.513766132204,58.80291204608297,STABLE
117.61911370280397,80.30097438486513,10.939927921944072,3483.816247888807,3.403796486694816,UNSTABLE
212.93172257516963,118.57052051846648,18.5664253915277,482.5809325857189,0.8971917908221005,POSSIBLE_PATH_FAILURE
93.933150753833,48.76204873676501,14.305720623623854,2949.456016362805,33.83260467585865,UNSTABLE
63.294170011668335,5.075593642474747,1.0269778282595878,5834.947563248732,33.35500916871824,CONGESTED
273.5238853188371,54.781983119674194,8.416549700316715,6212.133273908629,17.59849839432737,UNSTABLE
5.872341161076335,2.088944309993139,0.06515497106908874,6729.843919177125,39.103822113868254,STABLE
145.5394773119668,50.566356712812876,9.77563890746484,1612.1580779781164,21.580972179460733,DEGRADED
58.139635115853885,19.471155922612382,1.1096953036972732,2857.3412311643124,17.640672493487745,CONGESTED
94.26842461566983,45.90117644568163,7.109479237583988,2328.716829833947,14.16735350363241,DEGRADED
386.2964501388749,34.13070739896595,59.078215898193534,278.5853456764724,4.047064106015495,POSSIBLE_PATH_FAILURE
87.27281060826647,46.197091415292455,12.995261814333265,5367.684888962667,22.655037303285123,UNSTABLE
23.654744726428344,1.0113297830097612,0.30108700281805717,6305.659104881841,20.242483407973076,STABLE
22.47665901108943,4.013166308380508,0.207334616575936,9712.809603355681,62.424810893540865,STABLE
162.58911739567577,28.314420225588954,10.517275420947682,1138.1309321061626,39.186575063688586,UNSTABLE
19.015145154905763,2.121892179790125,0.0,8785.981755647132,30.65516013026467,STABLE
162.1756664014166,61.334084762385864,12.23316728099214,893.2241211987475,9.081689679653842,UNSTABLE
158.59960085992577,73.97756110145414,44.4062545840901,731.4500137253233,5.114742143067559,POSSIBLE_PATH_FAILURE
128.81488583555293,35.10684493227892,8.703699638401993,2925.49379734325,32.97842926992573,UNSTABLE
108.92236500243581,14.934686017458299,2.7089131327407876,1056.1521062351753,27.948103295881303,CONGESTED
169.7166664080771,21.570973784993548,4.36676055896141,807.7438734675218,15.549873165877926,DEGRADED
27.99048311288817,77.05784487574238,11.728609976284886,2474.0364184730906,15.859291672581254,UNSTABLE
106.76482739639911,42.18688204092392,5.425469525358818,457.0875412735793,22.854467151106345,DEGRADED
375.63732942641906,58.04707306463549,36.294057235393055,495.0975627909935,4.952280920230621,POSSIBLE_PATH_FAILURE
73.818005979959,89.61612807715224,14.719475852863171,4982.363002070378,3.1737377090625962,UNSTABLE
104.53521582432684,60.27134705349446,1.247233393322345,2202.089388646798,22.51008343805197,UNSTABLE
82.19371276885096,37.347330301273914,4.617635054486701,1961.8555108064138,18.29770664903637,DEGRADED
110.65345751448412,31.26510091810889,6.3124540980061274,2981.2020564785444,30.879140918546483,DEGRADED
134.11538028905596,15.364345010614354,6.768139848998992,1594.533368425058,20.51397519748143,DEGRADED
151.28452349481202,62.93497206200778,13.071192001899501,60.79735762007385,6.07580451016724,UNSTABLE
68.80707454573924,10.770346401830189,1.8140953136606368,6613.773010237921,48.32593753146461,CONGESTED
10.443748325986022,2.8905911263014574,0.03851027140500518,9425.060785636426,71.39415763045395,STABLE
107.49008674732072,44.46420607639694,3.2081378123148037,206.71408484976996,14.336842065507142,DEGRADED
92.09462403154903,0.0,0.6191706369337949,89.99693374914932,43.32105777895599,CONGESTED
121.28365926735121,28.873214367056317,7.681844965417961,2000.1640567561265,11.292853016742352,DEGRADED
104.23281001429426,52.04613779389229,7.627936594214589,0.0,48.48908222270891,UNSTABLE
402.68718020110305,0.0,44.90993275864141,38.015232275091364,6.7650186360211695,POSSIBLE_PATH_FAILURE
146.6050631271479,23.90022094496028,14.546179000203889,2070.1002391369548,35.69325861819746,UNSTABLE
18.373340794550924,0.0,0.13581405684175651,8654.882311796166,44.5767447580011,STABLE
84.16601952515995,46.37008627850819,18.566698720797646,1911.1021546139236,20.282100898679857,UNSTABLE
468.30638611922143,21.421258542117357,31.431115291203056,786.5118204764699,5.129013664933728,POSSIBLE_PATH_FAILURE
33.81707593377797,2.932793120087716,0.3055792312455972,3398.2393475051376,59.59810903248406,STABLE
147.58965582412714,42.39684862771276,4.837535407332393,1402.5403957844128,34.316297958772395,DEGRADED
36.39232191185925,17.15858438877648,4.773396851841806,2056.2284184873088,27.083626006819404,CONGESTED
415.1791167671101,124.31814829432382,41.97626884041261,1056.4742926516808,4.915839383365206,POSSIBLE_PATH_FAILURE
11.786133207756139,4.724000100824268,0.7047150756020295,10475.801432465976,50.23782449322797,STABLE
0.0,109.88112272398601,9.054339227200224,3215.0797307060716,22.800314377205098,UNSTABLE
74.25093568824082,53.72661196233378,19.20816448758366,387.39288227437623,1.040246159251521,POSSIBLE_PATH_FAILURE
407.8712374672216,81.67449080590745,51.086559197751356,4.98767422259931,8.897846455793658,POSSIBLE_PATH_FAILURE
132.8604911704503,33.47025366464182,6.7553703621616785,1183.4765879497431,21.44736488120897,UNSTABLE
19.43855495574644,72.25638903194184,14.142569017412658,4620.075562507096,41.562651430213904,UNSTABLE
73.58529797467926,74.37094386981057,10.340100190797173,1013.6995315197314,22.59921092189319,UNSTABLE
30.127158178198286,3.0805130040009256,0.23563896197087056,6268.6143240414685,67.16207225318432,STABLE
96.26334124766252,19.41805897566564,0.3475155216037773,1583.150807202308,27.815152755391786,CONGESTED
42.95750705792699,6.397975293492589,0.26496978807471216,557.2993406703804,32.22534480058199,CONGESTED
181.12619709450803,11.040716985225949,6.230667570825456,2306.839761306496,15.645267051733663,DEGRADED
426.246547519173,81.08554060807901,11.585856362978458,968.5097915993366,3.350755333066684,POSSIBLE_PATH_FAILURE
152.0336080179244,19.645032046656567,6.024573188482543,945.6154933405442,38.37612808129391,DEGRADED
192.06813691417477,62.70094853499125,8.14235176380652,3749.2708948699774,47.31897236089887,UNSTABLE
110.54945138554383,19.18893211868253,10.24566163138913,1947.8805702325815,16.73717990427609,DEGRADED
114.90279595752521,65.47597374264551,7.010691016595803,378.75138850479425,1.7592197689304463,UNSTABLE
293.4519803148794,142.34473331385698,72.88176237301678,434.6091602641218,8.1607549751449,POSSIBLE_PATH_FAILURE
53.42869444658236,11.000410154102294,1.2772935861551393,937.2821998332965,44.928440838263874,CONGESTED
25.300647056014668,6.155536409863773,0.37200874105188353,7375.990726012923,47.99989450577761,STABLE
125.06343047032055,21.945794556925357,5.013770680098959,2787.7650370899805,14.771237787260585,UNSTABLE
237.69110776195308,67.52923740278632,20.021388488301017,0.0,0.0,POSSIBLE_PATH_FAILURE
0.0,4.873138711713576,0.25327733507707767,12107.075959670601,29.97881132756971,STABLE
84.28542108838526,35.56961120109378,0.38460096488903783,22.201686206747127,11.315979175204905,DEGRADED
199.49399627130146,45.41544045364421,2.744472580069167,335.2493847479582,16.64229232805901,DEGRADED
103.92885269404533,60.28891700253257,44.62020479201362,466.148933056542,11.821172275105969,POSSIBLE_PATH_FAILURE
116.35198153749042,78.55152459422713,37.101299885093894,284.6363789104203,0.0,POSSIBLE_PATH_FAILURE
332.25485569776527,15.729914967567183,45.51013908417786,0.0,6.872056585971245,POSSIBLE_PATH_FAILURE
268.4979337769111,87.03040120148077,16.21236990803807,350.14628722910606,3.2110703519354775,POSSIBLE_PATH_FAILURE
152.07764071029493,30.22275197123699,5.511802031652007,2488.3147206630915,10.45593801546628,DEGRADED
209.1937952391894,64.06912065099766,3.969290309664669,1710.8249885886635,0.635440734788979,UNSTABLE
95.18247668395281,16.580004674306934,1.5360835249362979,2484.730863117217,29.99225261075964,CONGESTED
3.482408518207329,2.3984708303065303,0.9170668131955413,6491.706524095789,43.42891693132795,STABLE
97.0290103859659,0.0,3.748575204154226,804.7269709992598,34.83030461169851,DEGRADED
25.43154268305195,0.9974171344869118,0.37135221988731415,13161.940146870678,39.94442887441771,STABLE
19.29319618347929,0.6475993667131341,0.0,5670.888099856292,49.96742887256194,STABLE
405.4194540517633,80.78539933564748,55.46381233283384,0.0,6.789886801125374,POSSIBLE_PATH_FAILURE
174.68637225007552,30.069025194871017,35.47506003291756,0.0,7.7531796565294595,POSSIBLE_PATH_FAILURE
26.655852363134294,4.746113200185487,0.10026723969806894,10886.60904293152,95.41595443455125,STABLE
5.329547546090094,5.877410964718463,0.0,13626.158084609386,23.835248899919655,STABLE
210.47701451747417,32.42320255550792,7.254749567436,1648.111600846481,12.722093764332183,DEGRADED
106.19282458185175,5.802124645808815,1.864701626669564,5244.2645828365785,51.7911644258357,CONGESTED
185.40933809322124,53.34133472856145,11.955188094582578,4063.9410678558415,18.973921927530046,UNSTABLE
128.9344555058352,86.4469060497235,44.762019254108964,505.10774558508945,8.923454285546423,POSSIBLE_PATH_FAILURE
17.34161208084621,5.716242191734521,0.2326106458440229,8231.18058820746,55.30098592450862,STABLE
57.883895259607336,15.149342185901965,0.799435893292658,402.5363147233047,39.49371106598298,CONGESTED
17.336125099910447,1.5507778969645512,0.0,10785.284371383252,76.03591819800894,STABLE
242.04903960348483,28.037541572324866,4.679705125332749,2792.28960280915,5.030791585290945,UNSTABLE
149.08214677672822,41.38438602270941,2.1824809037116637,2502.269800047044,29.565496072598965,DEGRADED
331.93197288425023,96.0559002725219,26.943913510385045,357.66606122310395,8.858005442794003,POSSIBLE_PATH_FAILURE
50.77174455640363,7.2755736402036755,0.8063283121512179,1836.3217722712243,8.448606365029725,CONGESTED
185.99983143627125,10.823932621210766,6.151657413222077,3091.1387486834255,18.735689216488367,DEGRADED
97.48379355719139,21.709775337344304,2.328408193643016,1086.2875152155416,36.42570222764988,CONGESTED
85.16832943529316,12.44153466611686,2.258291599869509,3694.7916829349588,21.24127507665525,CONGESTED
12.471080827713791,3.227496306972287,0.05458077153530183,13769.871233367205,59.827027479755195,STABLE
59.540373259601914,11.007058832214799,2.5856749801876795,4455.196865949446,13.126184942763642,CONGESTED
98.79421663424048,20.66103923334184,3.715364949760886,1229.0178103460785,19.63596946325854,DEGRADED
194.90923322542596,14.363634922414157,8.038159457476105,665.0293180656498,18.603163608682575,DEGRADED
104.90081750601595,63.64747865685424,17.432128379676296,2316.8387609840206,35.95631863116384,UNSTABLE
78.7389487158015,14.429233720314453,1.4449366870374496,2535.798911782282,12.476330528321323,CONGESTED
59.52233867616682,70.1130157650208,12.021051736159224,2571.5496093299107,29.670402278196455,UNSTABLE
0.0,2.4782003539983,0.0,9287.952207881975,56.35842141302966,STABLE
79.91389442542464,98.39059089118535,9.271298066499162,2547.570856210021,16.94377663603683,UNSTABLE
46.06518184814019,3.106977006716871,2.4792502863061374,5118.422271198402,22.849390572735558,CONGESTED
69.91090333683056,23.178645547474694,0.0,2808.621962722741,29.635043839736138,DEGRADED
183.288755225533,101.50729136977928,17.44988365558787,325.5535893821251,0.0,POSSIBLE_PATH_FAILURE
236.77292629929033,90.66862378771006,33.144217446637875,705.0771501655481,6.2662565840290565,POSSIBLE_PATH_FAILURE
22.23079742625275,0.0,0.291674057570744,11769.1933487094,29.482860345346566,STABLE
216.05173777510538,82.43803764112263,0.0,1103.4690817426033,33.3784253443269,UNSTABLE
330.67579124730383,17.097734923177853,29.301003608723974,272.3653584869512,4.54049104835368,POSSIBLE_PATH_FAILURE
153.996017359316,10.305542431274088,7.911765400549106,1207.1647372513726,21.610540625645825,DEGRADED
57.42493718203114,14.853013998911294,1.1113355703352918,4524.8643561357685,19.318956739968918,CONGESTED
139.83014608632868,54.527336578159115,14.227737336263086,2901.19998731815,29.51010032937887,UNSTABLE
68.64660465646381,83.21222591304462,11.942429767251163,0.0,8.418270633633309,UNSTABLE
297.81884927602266,84.73690222087221,25.514185425763667,275.8820629742074,0.0,POSSIBLE_PATH_FAILURE
114.68767554330049,95.66492198841073,30.441642956914148,0.0,6.591124397412442,POSSIBLE_PATH_FAILURE
330.79408038471433,76.19938277380577,34.82821111000018,492.70324208112675,3.763498190466893,POSSIBLE_PATH_FAILURE
20.389132069014597,7.428305231583822,0.07451948289085722,5833.509325672894,53.337504682327186,STABLE
99.25166010549138,15.324389018675223,1.0975470579918394,2651.316161296838,14.235473149615231,CONGESTED
269.08207027761193,34.64880163417656,49.3278197920695,714.8736402451805,11.28887494769788,POSSIBLE_PATH_FAILURE
133.5995387643533,40.9133472006163,4.802907834078669,1121.598206333288,20.723737639474336,DEGRADED
195.84021307951144,33.697477824212456,2.978288934292114,1153.5763314787023,15.389978769439185,DEGRADED
62.9682713567884,69.33006952046682,11.496533384703842,951.3873558976982,11.926485059120544,UNSTABLE
228.32226401403395,42.40353011289217,5.1078491141403735,1742.3285299909057,20.54389559826725,UNSTABLE
69.66445327478925,50.100835086653646,8.803108026606829,0.0,3.4840130206336943,POSSIBLE_PATH_FAILURE
118.2142428233739,36.97779107979932,13.893502342306071,944.981622663802,28.050992913944945,UNSTABLE
222.67472934968555,57.49119553882177,51.12557641332434,157.7329309167087,2.653950124142099,POSSIBLE_PATH_FAILURE
9.414639180215907,0.7063358356651182,0.46673819525810223,7862.206664903331,63.535752755263054,STABLE
36.69635610770886,16.032929869204246,0.8854081867664282,440.942215784401,12.243704058948994,CONGESTED
85.28948412552016,9.294259040879295,3.6641631935469667,902.1259021880187,19.95122912779115,CONGESTED
433.86014872789565,35.86302618037838,54.70490999145866,1270.6080075369046,7.488667559366391,POSSIBLE_PATH_FAILURE
147.1662368138275,48.14719511913444,13.305019784617363,1440.0162612469958,17.88483411726316,UNSTABLE
514.6445469623739,52.39233342246676,54.62538589650944,204.1521602924708,2.4727533536011417,POSSIBLE_PATH_FAILURE
284.2124807736946,70.87675965685864,20.990001097621565,0.0,7.39906736322795,POSSIBLE_PATH_FAILURE
25.909063227933547,1.3935198160965898,0.0590404252341282,4074.9624200710605,44.78774093979038,STABLE
112.1078077199412,31.3869654612058,6.510871160081942,1515.1771493598399,9.826319992011989,DEGRADED
386.5203930768239,51.17451698153228,60.72535307752726,611.9803094195685,6.771037585138234,POSSIBLE_PATH_FAILURE
36.10543147403948,90.03397691590824,8.131363531998419,1799.716414379583,11.093115434087885,UNSTABLE
470.9338538386553,28.985172024357567,24.64211880081811,250.96463257715124,0.21557481353898122,POSSIBLE_PATH_FAILURE
106.65403992505675,29.93775316374858,0.0,3510.757212743445,26.076708899459092,DEGRADED
183.3809961236783,39.712872183665674,1.7420648500653773,2831.603681074437,23.364654066172978,DEGRADED
45.48810776211461,72.73747808645564,6.678436312302816,3538.6489512729554,40.53755897167987,UNSTABLE
306.21097401386186,95.46632988344842,49.09610986160365,34.18935482045083,5.386863871894986,POSSIBLE_PATH_FAILURE
88.96820051635837,13.202397002881755,2.479474898008746,3660.0683667884755,51.10255693311105,CONGESTED
11.309527521352177,2.662696493199095,0.06749246174810175,4656.445177344724,22.879586202264207,STABLE
131.10914717552367,10.843554549553463,3.3277447580511827,580.7962032412739,15.179991714410937,DEGRADED
407.5298625063993,59.97153479614808,42.14771642798338,382.3292472519518,6.200000114527691,POSSIBLE_PATH_FAILURE
51.6720417179351,4.750320332004836,1.9623692048555026,2346.8211646956197,14.801666634161027,CONGESTED
15.947307345506681,0.7653447958974504,0.0,6597.5091451892,38.26929947531416,STABLE
301.8583784100285,91.21926365627016,26.14182533452953,613.2960556964492,2.8560587350241824,POSSIBLE_PATH_FAILURE
111.30174158031717,40.954825418802905,0.0,3292.7251686018053,29.16948807290057,DEGRADED
143.4055979712982,36.442725791423456,5.15553466598011,2992.750411990493,19.17619808835335,DEGRADED
169.93575824613077,117.98089538612543,12.72452149811587,1806.7731062793453,29.08523799211762,UNSTABLE
174.27270171533826,97.79648319488761,30.889915272245794,0.0,3.249018543749579,POSSIBLE_PATH_FAILURE
95.55398573945347,40.00227203843991,7.267516931371737,3402.0991824319854,14.939653912307636,UNSTABLE
289.1329602196533,85.58917545840201,39.17293470517871,0.0,1.2692432994451086,POSSIBLE_PATH_FAILURE
61.21491829986296,19.65287391464706,1.2898596567941993,6734.203142824568,16.180677809817865,CONGESTED
105.47180240402676,36.82536176326069,0.15590214191360108,1004.7526520782002,2.431363751740939,DEGRADED
199.57318573546064,23.308769219629134,8.212885948573721,6026.5963939291005,5.172077496978975,UNSTABLE
129.3747154174678,63.50001603229786,2.229854377514468,1498.7358530859165,25.060152337906345,DEGRADED
112.99704879986022,41.598929526194325,3.0573683635176216,2299.9864268802335,27.77430459710734,UNSTABLE
41.32593179333926,14.671276261482113,0.0,3711.258351973363,32.893468071494866,CONGESTED
61.27148182062606,67.97123190657894,7.9798897294879225,1638.9528284219505,7.702173948825973,UNSTABLE
145.64778454901202,53.167723886487735,10.632131064600198,1590.4680351881752,6.392870378000104,UNSTABLE
422.16685703277483,116.32820639507354,52.3993662344192,1401.4984598415417,5.034293647361416,POSSIBLE_PATH_FAILURE
14.705072909361975,6.67245167946004,0.02404530472401073,6848.292392088686,62.046206676177206,STABLE
42.76854699654246,17.974594989981185,1.7223498214013837,3513.4633635722853,17.847704613606368,CONGESTED
41.36930072783193,5.48892377933653,2.473698458015662,4594.291160730991,21.52791864950048,CONGESTED
132.40944691740052,17.091216269946564,4.820531956315057,993.140553911278,6.6186743258654825,DEGRADED
85.7223817279149,18.64701261741763,8.72287127803058,2365.782355414747,33.401810313916684,UNSTABLE
105.99857847751653,5.264260868470108,0.6577553957388373,3804.084792365736,16.908887070200237,CONGESTED
130.97762566670065,41.08160805370869,4.606968696339832,2750.2983308906173,29.127393608427614,DEGRADED
187.94487538255694,21.984348059796545,8.77392031615385,1550.6486826136957,18.447231850253345,DEGRADED
393.3309616183433,71.1108807307046,7.330466680938546,828.4423395598443,0.0,POSSIBLE_PATH_FAILURE
287.09997028056074,75.4936354106562,7.508590272316862,581.734601218078,10.240880576736984,POSSIBLE_PATH_FAILURE
14.385169732171164,3.395112565055007,0.0,5426.254404091329,68.53537844435009,STABLE
163.54993162630225,69.00915497039836,7.406611833095978,3222.075977964626,17.395604058128107,UNSTABLE
101.24366812920482,62.925219041117614,4.164118569340957,1068.3910316229321,49.759856491150344,UNSTABLE
499.4151880507637,102.09721238830318,30.513293454707373,75.79271225772521,9.116761577222338,POSSIBLE_PATH_FAILURE
34.94941311234396,2.922923476313175,0.01862041514613777,13788.58672893215,47.12505149467499,STABLE
193.81049973755415,82.4801514296126,22.095821444004567,829.9084951750172,4.631545011658282,POSSIBLE_PATH_FAILURE
124.6532887947852,75.14478990772135,14.802796640282267,0.0,25.049148629773562,UNSTABLE
136.53006506152823,35.214590211898,5.289664238899499,513.6574798529423,18.216426707119947,DEGRADED
354.36145935199056,48.58271256410977,33.73326468217734,325.32148613078584,6.874548904243943,POSSIBLE_PATH_FAILURE
105.51835745832216,103.4746808972313,29.038296385965893,0.0,7.009239459858103,POSSIBLE_PATH_FAILURE
105.2791793537319,6.13583628184229,2.765136658911419,4285.94763983568,8.28418527776294,CONGESTED
355.79183877658534,51.461290686415744,54.35755437649188,1489.682744279647,11.076360460727798,POSSIBLE_PATH_FAILURE
103.40340687842583,38.83946182536735,9.386951399861475,2494.465147408494,0.1009879922120156,DEGRADED
62.247617285264226,12.981348068371608,4.582305022908222,4039.7342195133415,43.321566276333705,CONGESTED
8.150562335829754,2.492074643904438,0.6470373026889715,4533.183515387725,41.91821667701839,STABLE
168.0348174869294,49.93707177745274,10.196190601338511,1666.4874191773451,7.102943983800188,UNSTABLE
221.06158773771088,24.539098588481956,7.7148798457521455,2171.278049805089,11.682433865073918,DEGRADED
85.857618760964,15.633311152922216,4.789352104179703,689.5035963386761,10.033971355880045,DEGRADED
164.90602193027064,81.31692902217624,0.0,2339.164976228694,36.23584225769206,UNSTABLE
421.2517272228205,96.59636843031174,9.32448083067312,0.0,1.2527115345544675,POSSIBLE_PATH_FAILURE
167.63529474038683,51.05335971941469,8.733607276150785,3205.5438115107945,9.02345022403315,UNSTABLE
96.66963900471303,27.374952816321994,5.9962984344199635,694.7458299346847,28.906173034310793,DEGRADED
241.6217668645919,111.10937947916563,30.142316772681518,324.0601974024804,2.449678227577031,POSSIBLE_PATH_FAILURE
25.585489592742235,3.294644660972941,0.239539528103246,14229.172723488718,35.49338636834802,STABLE
144.2042989326339,37.66008980387531,3.2937135757960543,1184.1315705879215,20.877492342271694,DEGRADED
269.76116635327514,80.54768085054417,0.0,1261.0477209650444,7.638191849799835,POSSIBLE_PATH_FAILURE
21.80363943026398,2.1467900338818007,0.2724356478807288,7142.198981113874,83.73782689198161,STABLE
106.78242599891472,75.93435710976547,18.17378119562752,0.0,26.78902775065866,UNSTABLE
50.8051110067141,5.612777851464012,0.0,1434.9330381623304,42.418236126817376,CONGESTED
181.95927240913963,50.907206602597995,30.675484988302955,154.22751105124885,8.502346692470445,POSSIBLE_PATH_FAILURE
10.805477139983887,2.2501106203017294,0.29832394098558485,10417.926767549236,32.9640814787338,STABLE
55.370398086833355,7.0201633381213515,0.7233857389206,4996.8044404708735,37.47153253532844,CONGESTED
87.47606294951498,24.19595734253945,4.7558780671897445,2506.052635611957,17.889438779746417,UNSTABLE
130.17647765579778,42.24461741596744,10.194371624724225,3293.1810495703044,36.36662950704293,UNSTABLE
101.53837687027628,20.50400030060611,3.762668284276932,4989.671492414163,10.282842425069855,CONGESTED
1.4016459345437156,0.0,0.27655800552680493,7787.999001244408,35.919661723278814,STABLE
117.24130897763906,87.91106525109952,4.3473585565075625,3971.28145974204,26.454966385777777,UNSTABLE
23.402099768683378,2.4113045529455004,0.0,9474.101247555971,52.45528651807453,STABLE
170.56693048993196,25.891865208143617,8.618515106104523,1071.4139712830843,11.75800790050945,DEGRADED
35.31778890601053,0.0,0.18512290763541822,4685.912937138418,17.52250160223288,STABLE
223.161906801977,68.96934605404755,9.168660998741673,2037.2481966320638,3.252837058027527,UNSTABLE
131.74309319322447,8.218666626864362,6.9982045709331695,0.0,21.922194459932406,DEGRADED
17.29844870662904,4.033405637296933,0.6704619341191496,11823.7057823698,40.856943443837004,STABLE
68.45291912181513,6.346914018244169,3.103661684918306,2851.4849898354246,25.184583537749226,CONGESTED
205.00305853144832,32.005939246118245,11.04449725239521,756.1260299617063,12.728704712090934,UNSTABLE
264.91991052107693,91.88787251328783,48.570937530765086,999.909907480974,13.14343795384277,POSSIBLE_PATH_FAILURE
353.54147444782353,72.15445676530041,74.92991182585726,353.1595391552117,8.819612049342725,POSSIBLE_PATH_FAILURE
268.63243219283396,47.4357789787543,31.875012990951777,916.9185269007753,9.40574011436119,POSSIBLE_PATH_FAILURE
113.24110734329079,0.0,4.563482607552598,1860.111449092717,25.506737638464955,DEGRADED
21.307641879115444,2.5697016684577423,0.0,11951.318156029924,44.487810414767914,STABLE
149.77886373340684,28.501195843070015,5.211394337362178,3128.3379743239393,4.730998360369174,UNSTABLE
134.26332448942964,84.22992570832639,5.232004567645367,1440.1868078574516,31.06592674329205,UNSTABLE
71.23859771385816,15.842259099129002,13.06966933956512,2965.005545107968,24.39835918659897,UNSTABLE
45.47398210185861,43.529923887005836,5.73427642874036,1496.8363876288556,13.035680899332313,DEGRADED
345.077110270643,32.867040970053125,72.18342497966236,552.176639635893,5.0039555735001615,POSSIBLE_PATH_FAILURE
87.1238639163752,11.86545415038132,0.11819482635186707,2292.036393108304,35.56184103313982,CONGESTED
159.29346947867288,35.52981898052421,8.88773985751409,5113.679991756291,32.2361785422175,UNSTABLE
128.19130695710584,31.36548439767218,7.642442251768974,0.0,9.2192060651572,UNSTABLE
116.34923703767754,107.6829474945504,7.308744481581894,0.0,15.170032330654243,UNSTABLE
280.3026700330136,104.79343650025142,38.034084536397394,0.0,0.1257136345436809,POSSIBLE_PATH_FAILURE
82.74126908015701,16.038969630248804,2.1301887480363253,3548.4057111053353,17.42661300159471,CONGESTED
68.92647292608137,12.314197939140817,2.637419813020866,3885.0362170903927,32.173704186070964,CONGESTED
257.2596006593074,110.42160256648818,27.087490354595396,392.49178804712506,7.727545693592323,POSSIBLE_PATH_FAILURE
197.5283773191805,98.84067847501885,28.10338089051078,385.14092948469823,8.548921357634933,POSSIBLE_PATH_FAILURE
254.66664387930456,84.13973145188568,17.845541922283214,989.3187582216818,7.2801557028898145,POSSIBLE_PATH_FAILURE
18.107556590635944,0.05776953123021933,0.14963777917210663,9230.442768817082,76.97733072070142,STABLE
381.11673526398533,50.47250161781293,19.05298302606569,338.3881967494288,7.828769611525342,POSSIBLE_PATH_FAILURE
31.30099316404514,2.0195556999224493,0.12694158748254156,10982.1177962942,61.02795708634184,STABLE
135.82026210526467,30.52753272701929,7.454572715218374,2831.0691609286364,5.5810275754751935,DEGRADED
205.1079274985851,0.0,18.674730595047773,1186.3802846531642,20.977071495408477,UNSTABLE
16.0953605053719,4.322756379783416,0.6270678416795099,12664.15042086337,63.218842732321015,STABLE
78.86552901937557,13.793088266630363,3.189636875886738,0.0,11.45429520663727,CONGESTED
156.33357849646444,23.807570733763484,2.4596112144593305,3456.1377032040373,22.543445301857627,DEGRADED
110.72878303873746,59.8040458482181,17.978255991675766,0.0,19.432003012613944,UNSTABLE
147.3623188139242,44.1214732334013,12.480745968718232,582.336009896067,19.546198443340717,UNSTABLE
105.50657130296351,119.79867619345217,14.632691408912464,2205.1494008604445,30.072966660484624,UNSTABLE
101.37102706842482,38.2477326843739,6.389772198670825,1249.155823942142,12.816860106440817,UNSTABLE
122.77012767540428,21.653487650249247,5.681659811296329,2952.145072903667,7.3603785095905945,DEGRADED
131.1432707819778,6.486671932618691,7.816677826171037,2524.761224561697,23.305244195008328,DEGRADED
168.15400513894582,66.8857819667235,20.99039398000646,127.61325986552691,0.0,POSSIBLE_PATH_FAILURE
116.46369672772595,59.509540499261526,17.723434447252167,2321.0527419197892,11.985654131743626,UNSTABLE
36.109369950118946,4.494544102286911,0.1700496258513649,11906.157511704989,29.85037600442451,STABLE
12.86125175963516,1.7676145200186109,0.0,9986.49855342635,69.47343781633603,STABLE
66.04252066375686,8.992078843690331,3.911769298765353,4485.476300880472,43.393142234024225,CONGESTED
49.456799495138554,66.91286658067949,8.991004364767122,4770.243219058448,29.834144243225637,UNSTABLE
20.915201781732083,1.924377307285721,0.42571511981380344,9194.64181066826,40.10385525710497,STABLE
82.79739780123109,18.69979593696964,1.1116497109818118,5218.126723885104,24.711612846091377,CONGESTED
72.45509337446609,48.59553357898795,16.776916952003667,4991.641507451439,0.0,UNSTABLE
314.436489783512,8.418654424334925,61.01806443866973,54.25877081179158,1.5144495654836159,POSSIBLE_PATH_FAILURE
164.72325918510774,71.93312534804423,10.964538858718468,1971.1767631084128,38.33821672012656,UNSTABLE
61.94943428404663,18.295610093314863,1.7257459730346008,3645.947031940832,64.3580606664657,CONGESTED
119.48291024577553,46.452467209565704,7.575303367389448,1687.6968950542885,13.562230552060587,DEGRADED
125.85493445570815,66.50156526622315,6.406587354701218,2956.570316452698,19.739066130738586,UNSTABLE
423.419211297285,92.27786794065004,31.58568775177511,291.7471980502702,7.656781040840411,POSSIBLE_PATH_FAILURE
119.45099734696588,22.63694545523711,8.350074671187322,2512.1661683413877,26.573649746811608,UNSTABLE
516.3820874653377,70.10501273080833,34.30638620069165,360.2405736248852,2.003928861958614,POSSIBLE_PATH_FAILURE
140.96954610790317,32.193482669558094,1.5172983247148357,1920.678960618089,9.845683348617076,DEGRADED
107.30879304355953,25.329409397838045,1.5434166593722702,982.0364808519836,13.711381252828456,DEGRADED
70.54700096799516,37.13498495616231,8.196139310227926,1968.553260689604,17.928002371317405,DEGRADED
156.8106416106229,54.183811464490944,15.893851695745841,1219.3667661277684,28.83706982998352,UNSTABLE
182.9713276827995,20.095598005891162,4.514015432036472,929.2614539135157,25.489112279018215,DEGRADED
326.55139664676983,73.07217894598315,36.41562663526969,221.4190100400874,5.906485683233701,POSSIBLE_PATH_FAILURE
20.675790694888914,0.0,0.4457312506736415,9129.129286118288,60.49099664807976,STABLE
304.7372653592074,125.17477248813321,22.492894416666935,35.56913893956988,4.4737623919485685,POSSIBLE_PATH_FAILURE
199.45766189079177,86.16727617246887,2.682179711840787,1220.640576187557,36.63150405673633,UNSTABLE
0.6303306729458455,1.7945612739395553,0.0,7560.603688904461,60.14769948260651,STABLE
161.3852485353358,19.908377270880678,5.950861981717498,755.286129992921,3.3144736865235043,DEGRADED
17.70707346447692,4.262549460243153,0.5286567234487429,10395.546438868843,63.550424510341024,STABLE
9.777197183526704,0.06762803506091597,0.0,16559.453631555978,40.24964440302611,STABLE
81.7662396526018,12.308320022617119,1.4789835154180797,4583.098470690143,33.21981522558153,CONGESTED
169.69833104025963,33.45785170764412,6.422125002339153,1695.6386915450241,14.767465134181489,DEGRADED
196.61888356061795,77.72995299714309,35.94967167074159,614.5137684681013,6.244533250604037,POSSIBLE_PATH_FAILURE
102.22080980777473,7.265011804365565,3.3335654144676186,4118.484072247478,21.92524806511686,CONGESTED
73.22605821468088,5.351756721322975,0.12259052621953703,2005.5934166460904,6.626331997285867,CONGESTED
164.41574355882298,20.435588239034132,0.0,1714.8895249682002,20.077888189417877,DEGRADED
274.0325564088972,60.59933949906537,43.57261141437364,453.22323208786474,2.4759984791189003,POSSIBLE_PATH_FAILURE
284.08628105669425,95.65422625322833,20.468874050669015,1518.767024871727,11.802536865425822,POSSIBLE_PATH_FAILURE
249.63841411873898,87.3651145750716,49.0487165225497,368.97139566396373,8.144707905771039,POSSIBLE_PATH_FAILURE
93.01894903925374,48.72956220599023,11.431852193124321,1432.5066311469875,13.493545784647061,UNSTABLE
116.79705747888728,26.115972246734977,4.283663653254022,683.6046560675145,15.606008419109076,DEGRADED
145.01026154524558,26.373151041024396,9.148339041305075,550.1440061658354,30.324461438890285,UNSTABLE
215.2412198604196,36.06055122931536,31.76226455672808,0.0,0.0,POSSIBLE_PATH_FAILURE
227.35789501888726,94.82572446144236,49.99568763702334,0.0,7.730682858390256,POSSIBLE_PATH_FAILURE
125.51054820669953,102.820906798548,39.2145669562612,372.9609009398792,5.4022357298359,POSSIBLE_PATH_FAILURE
108.29904480302653,22.574186611178124,4.291242605690601,1676.570692870761,22.359415901800112,DEGRADED
173.35177374267408,34.26145114864002,3.4134049801191715,3029.1107878375906,11.701579503017884,UNSTABLE
173.09761449011697,28.93669857114904,2.7513375914310894,774.5806083824451,22.592045709933487,DEGRADED
433.5704354178675,48.62161284473247,26.342234298775676,520.3933833123592,9.672388006413403,POSSIBLE_PATH_FAILURE
71.01527537590725,49.272613363350864,8.60560519770029,1852.587052555983,20.380762959868385,UNSTABLE
120.32914016804975,20.129810933937264,5.7366151543196615,1446.541277109044,18.996599060508878,DEGRADED
33.71366689066819,11.030245415850976,2.9739493883197508,3789.0889808829957,50.057782177192834,CONGESTED
336.04752385563324,102.58884191199598,31.907995945462297,309.639587604335,5.969382988522885,POSSIBLE_PATH_FAILURE
73.41748008318031,12.10650583324305,1.15877782007453,1257.9285147896858,36.0780840658763,CONGESTED
39.60484600783027,0.6803214284660695,0.9478216599915554,6798.205198221396,30.6028496778573,STABLE
95.65179925383832,0.0,1.085562466554316,3909.2839794771517,17.89067254083155,CONGESTED
70.49125237841425,17.970184670304036,1.2763607943651432,0.0,38.58953380078968,CONGESTED
44.79937605492774,20.655182364070853,3.2246909494142812,3401.5367326066407,16.83723914446506,CONGESTED
140.63432163416942,0.0,5.165493432632775,3066.1135381703352,24.885592033532944,UNSTABLE
67.02187415709173,15.813062667121994,1.2623445951302656,273.01970761968005,0.0,CONGESTED
272.26636530060676,112.07586558313193,41.488975669394584,634.0464705661775,7.676057891351938,POSSIBLE_PATH_FAILURE
31.289722927208917,1.414948339084171,0.0,5773.133657710954,45.31704506770662,STABLE
209.01509039859127,36.92102144463584,34.54786396141997,327.4443311416105,8.852867464384786,POSSIBLE_PATH_FAILURE
59.00510376276482,17.670485115707862,2.682304691111388,3565.1635471927307,27.862426940078347,CONGESTED
16.572138491356206,0.01578832905401617,0.0006239983224209655,6593.423812285122,81.09912189438587,STABLE
159.6555759551515,57.701679403917524,36.85886684775089,231.85216399824452,5.42473139099678,POSSIBLE_PATH_FAILURE
157.96818766204115,41.761756379629105,2.8505558296383824,1748.9333416267007,22.400650702093856,DEGRADED
38.71903036012521,12.556357231343718,0.0,3636.8848115984742,29.869900835682493,CONGESTED
141.03928829659992,19.67259083903052,6.222791166264902,1502.973990675396,24.756386201867656,DEGRADED
203.84512628273654,43.462286790094836,10.680771449803235,1411.4921764523551,24.055314369601305,UNSTABLE
29.871669963539567,5.258266382700086,1.2252180252563407,5251.626571492238,30.52443255984539,CONGESTED
85.55743899544079,69.21175409198713,2.2754159771812654,5191.223458100016,5.5403818828352165,UNSTABLE
295.38936995298445,88.15581136656044,18.873702783285857,1064.3029245465802,3.892703665438469,POSSIBLE_PATH_FAILURE
188.7203658320463,26.897492968084205,15.770214436496445,581.7460407652125,8.643415715554113,UNSTABLE
174.5200082418604,6.7361256850171785,1.5695469630546053,2711.0510577728323,32.15948215039593,DEGRADED
99.43373986775073,0.0,2.7835642405800503,2908.6020128076816,9.077185497063278,DEGRADED
89.43387656844658,9.621204707720947,1.358813209456221,4081.31952722008,21.544216874130335,CONGESTED
214.2452767237261,85.73924344199234,9.032951811170365,2810.5339225004473,23.854648031656257,UNSTABLE
34.75949048053509,3.7910182127250165,0.424929666097437,8899.76271973891,33.91967485544157,STABLE
131.59043837105193,24.087073770901277,9.388265575581876,1738.1195201674477,24.994362189508266,DEGRADED
56.30590929132817,16.056731611800448,0.44508333178314796,3213.4383158713363,41.05592520366125,CONGESTED
161.63062026258444,27.690750452493738,4.375223500676652,1166.534781567734,10.865084296852146,DEGRADED
162.38182062200497,31.225962045945728,2.102286525124683,1584.2387317554258,30.047632520068696,DEGRADED
173.86298332539582,29.637888835213783,12.102854330664274,3268.464287797593,14.418758197175531,UNSTABLE
53.45691004529638,15.193396117589486,1.414225807605611,3105.260071548756,23.30870163421246,CONGESTED
287.5129586836275,12.124814398034886,50.60498213405374,336.59575487393465,6.432364185630659,POSSIBLE_PATH_FAILURE
42.63259032422822,5.1706473014984855,0.014729030043265867,3873.2101453030737,13.62030309900153,CONGESTED
128.57311201814707,64.72828822973572,5.482492187744412,3197.618127404947,0.0,UNSTABLE
88.48291903131364,58.722386952652364,13.988085385342504,2036.2352690647708,0.0,UNSTABLE
138.43964019606298,40.70031289325014,6.628956613086919,3032.032049128529,21.168476438517313,UNSTABLE
28.56793982566527,3.683017371073606,0.1267013434461413,9586.488952233592,51.36081248692167,STABLE
138.8782254343872,77.66190250441686,5.877497377954121,3649.796541674079,27.625254913268858,UNSTABLE
24.144094332759963,1.4042344727630098,0.34407234575353,5031.267940671747,67.41216217648574,STABLE
348.97752055767455,52.649962553175996,55.18317580175026,410.90305313077533,0.6183432514606713,POSSIBLE_PATH_FAILURE
17.89309985636843,5.380611407020235,0.28618722831090915,8928.304280813001,51.85386655363031,STABLE
136.3622999221637,15.567975821036786,9.087943229021729,0.0,13.841624491160998,DEGRADED
412.2435892019767,94.45496680895405,39.36152718070526,83.70614089702684,2.961821860843843,POSSIBLE_PATH_FAILURE
110.03276545023166,55.55651507288174,5.797173196705149,225.67992065458498,22.52565802417361,UNSTABLE
18.824578326718697,4.016158210398131,0.7178397124008529,8204.931415482326,30.6066911585939,STABLE
18.151376364547396,2.9111276645912914,0.0,9820.684905202575,50.579994775014995,STABLE
20.02993291199956,5.161712409901742,0.0,8710.817893801375,53.78186655854854,STABLE
141.79035448221214,22.551625413699696,8.601661996721894,2692.6764977885537,0.0,DEGRADED
171.8163046129787,28.015554478373282,0.7689854417557278,2590.556182900808,19.64702414364876,DEGRADED
56.7768735213564,9.839949856140532,0.7048205399282659,4873.159161392399,26.25549282527008,CONGESTED
146.82377381091356,0.0,54.6478593551912,0.0,0.0,POSSIBLE_PATH_FAILURE
13.344902927113058,6.367172419076045,0.0,8774.202474362175,29.278300819105517,STABLE
95.29623190251569,19.149338257350276,8.253079868980855,2463.8787571381863,17.92824399160447,DEGRADED
82.90933758342891,33.66448099706102,7.244074423047499,1273.1876310323835,7.9635028413601585,DEGRADED
207.09591015975022,20.465749445911413,6.546968138320418,1885.826241267899,17.567960906135514,DEGRADED
138.84396187072858,26.334638169190413,2.6685002324830904,1294.7198617615177,14.476547730951829,DEGRADED
27.777919354289484,2.021845063762153,0.6727032776511981,7086.261747394377,52.266327150234346,STABLE
21.48627095302831,1.6019562937921472,0.2558158530956566,5735.044068030982,48.70985668772626,STABLE
86.51682282505627,12.253042194846905,0.3678043562990909,2623.7767098349223,36.832185317719535,CONGESTED
128.48017587649335,19.127152959585842,1.2092343139972228,260.5538250521556,15.454530016593234,DEGRADED
237.37506427185343,29.1223514073185,4.830916696343239,1626.238722554257,12.671338882236688,DEGRADED
173.03853453791663,34.11792671848545,8.72788744859043,3002.4088851270435,38.113589809341335,UNSTABLE
0.0,3.301843053612992,0.31424877585130195,7650.529242467598,79.30684224485552,STABLE
139.47795974958518,48.51548596628853,8.19282670749009,3309.7955674737336,4.088069116090427,UNSTABLE
183.61549332106875,16.044323304688394,4.658770288676554,3727.9600109659723,15.951034821745152,DEGRADED
21.310271161934196,1.1120929505559956,0.0,7164.816329641179,71.3281735479495,STABLE
127.22012180854027,19.003087111752453,6.11340380812935,1056.6209806955726,5.628163692236216,DEGRADED
126.9405691621252,16.965925213179265,5.260164120594589,1111.881154566432,27.099433313380814,DEGRADED
165.00949542168584,20.66074120066702,0.0,116.21773454265576,13.685341703507028,DEGRADED
84.76326610224868,71.22712757733633,0.0,4118.730027853462,19.79775478570696,UNSTABLE
21.58119084905109,6.208458209370027,0.0,6862.538047729046,36.908287711473506,STABLE
98.39574622125325,6.8306467147331436,2.5563683425110764,3077.7262825201474,15.293317682616532,CONGESTED
122.91456480489447,46.42783097036525,3.1355028937330633,1528.4525593719711,9.773493809723556,DEGRADED
41.76350477766303,44.13940103974561,13.758282828624328,0.0,24.04969092990855,UNSTABLE
34.36301756563291,3.1253966064734287,0.1514836990876259,11022.793720964,59.84178019750547,STABLE
170.53486633319744,85.49701149260014,44.184654344534806,160.28888368961586,4.440128386619115,POSSIBLE_PATH_FAILURE
136.460539513659,34.00196356272427,11.917990237656065,2266.135922883685,25.262927023890164,UNSTABLE
339.7818570782713,84.57167534459958,10.492528744192576,165.58601891595464,0.0,POSSIBLE_PATH_FAILURE
81.0552412473412,62.29509260328474,7.232530949683591,1982.397703156569,28.033272868538695,UNSTABLE
151.37256513087925,5.092010936667293,3.3293944242586853,1749.1370583230073,1.600861907752412,DEGRADED
68.7753377984762,7.008678302017105,2.4137596982267886,5747.418405363331,54.01017371874593,CONGESTED
20.05197670292108,83.71375536856908,58.37917958169902,556.2571136260825,4.051992340143154,POSSIBLE_PATH_FAILURE
34.37776939916462,1.420027292264794,0.22561141448077643,10913.356340340713,63.79513122325305,STABLE
3.3270630491775677,14.777200933529432,1.5376881450958122,0.0,15.903820760755618,CONGESTED
127.78509670781901,62.756343181587354,9.39301976418345,2628.413180134464,33.7483603516125,UNSTABLE
294.0001957691178,42.98840293389342,35.33318514607877,685.6117394619334,6.525182822512807,POSSIBLE_PATH_FAILURE
16.381674629156585,4.533734586658122,0.5448130522873453,7078.392987596334,67.86831610361045,STABLE
19.40717353974068,1.92092963615772,0.3196945702107037,10856.512398088229,50.59982561969305,STABLE
175.2087927678651,57.80844340566271,10.977886331126212,0.0,11.89793470127538,UNSTABLE
4.135196822950519,82.6068869429047,17.120899761602125,2400.7580774632343,51.44648962335942,UNSTABLE
97.3217904523178,15.973280291438318,1.0035564239750125,2233.4266955031353,16.049296889506035,CONGESTED
73.6532910239237,7.8329189815813685,2.572360253531328,1721.7791833943443,8.6317668046727,CONGESTED
188.83697810021232,23.481713735858843,4.8630892739857305,2384.450875598571,14.083424868361215,DEGRADED
123.96134083058851,52.022904059970195,14.336076375840808,2620.0472274369563,14.526397588751081,UNSTABLE
53.06227207798409,9.905435019960494,4.117650952654243,2054.2376175033733,27.262391065740555,CONGESTED
279.7526718386162,99.2879078374399,0.0,190.05390216425076,4.2270944696020045,POSSIBLE_PATH_FAILURE
55.18171403750847,37.27220221638558,0.6394625644265126,372.35389460637043,6.215028801176537,DEGRADED
77.9105783094217,29.458250898449208,0.0,4129.580014251391,46.228426957333106,UNSTABLE
180.06171156128335,64.47455646425172,11.025408355524277,2520.4390401151777,14.983313016613724,UNSTABLE
100.09052823086685,10.058271429079518,4.143782783764213,1434.7287673910334,20.475022697471893,DEGRADED
278.34267512437197,149.83045733005008,48.807396208746184,401.5736672910765,1.0137513801827054,POSSIBLE_PATH_FAILURE
19.43045458786471,2.7399478770030203,0.5157933252846685,7513.181640565008,45.150608791528434,STABLE
202.30462934842032,43.85194593908324,12.674085333643546,2213.6388532322003,17.215857347200057,UNSTABLE
119.27125651828851,2.181241182717187,3.8353031225523924,1633.536130595552,11.241838291429536,DEGRADED
117.28195240871744,82.43956136885956,21.102775655043732,2444.5081503337224,22.372533236688838,UNSTABLE
104.72821308291631,8.501112199617179,5.106506496419914,1077.537541529528,13.255931047869755,DEGRADED
82.27636512021964,9.28278788772519,4.470501767517531,5715.004356677062,23.045803021572986,CONGESTED
351.17096613657367,45.59110865093797,35.32620021356664,1019.9807831315073,0.0,POSSIBLE_PATH_FAILURE
319.3306867586474,35.45035530064049,36.47575148325911,0.0,0.0,POSSIBLE_PATH_FAILURE
235.4036659195198,66.79354389027213,23.72808525374267,531.3708101591477,6.9681430541308345,POSSIBLE_PATH_FAILURE
5.957309019092509,2.756389551893333,0.1929731122397554,10264.712661338399,70.7198560985045,STABLE
445.1121179840279,73.03910308840646,52.49689248605169,0.0,1.8303540623198722,POSSIBLE_PATH_FAILURE
485.7108538374935,45.87377800017458,19.645316005158364,168.71548960800683,5.914311747005296,POSSIBLE_PATH_FAILURE
55.306018444325446,68.46321563359857,38.69277440431437,385.5029984503682,14.567401666371431,POSSIBLE_PATH_FAILURE
109.96455934422438,93.04472433089273,3.696415434354374,1106.8213291312104,31.58741979579388,UNSTABLE
64.4899986727385,24.21483223332546,7.214312731628766,2140.122226706829,15.570444422377845,DEGRADED
161.36338186334416,42.094805448965715,8.655930767056867,592.4765657917139,16.350751649707956,DEGRADED
114.11227566984269,57.71392879812335,10.046384087687716,2374.634108961902,22.71495639139235,UNSTABLE
34.84918786733851,1.7115834992271035,0.0,7881.340904483795,64.06332953482077,STABLE
146.23705647602455,66.11964667110033,12.398465513237701,248.46243534551922,28.88266313574336,UNSTABLE
47.00049722315759,14.606355159508801,3.1843283734801204,2589.3457253312267,21.95205869963739,CONGESTED
101.64834066392045,6.783549330871972,1.621458438908704,1888.496414196428,30.192749026531693,CONGESTED
9.549562904136977,1.2671677226811222,0.0,7622.957706665516,75.42072433519611,STABLE
13.602484672502523,2.752381411340681,0.5247055789375206,9705.219727087198,89.91413442360057,STABLE
110.35615235937242,11.754503029359647,0.049830244914920385,5164.118482965352,47.0329959006544,CONGESTED
318.7268426611717,117.010521177927,38.136200845354736,307.2222653053444,5.7961226361979055,POSSIBLE_PATH_FAILURE
14.422711125047853,4.258808012204401,0.2832032539160645,6741.293656940398,52.96561676956688,STABLE
119.05231032898546,51.83465880715886,4.823226132013217,2567.796874907824,24.824613334312673,DEGRADED
378.9093445883858,136.69311744207502,18.852518149168123,0.0,7.138795163133203,POSSIBLE_PATH_FAILURE
377.18520210997116,80.37378702363469,50.28441620225688,579.604578470484,3.0549412688353916,POSSIBLE_PATH_FAILURE
325.66531774088287,56.10969530060052,43.45677266504339,231.65747418251914,0.0,POSSIBLE_PATH_FAILURE
176.60812633843597,32.409110150413774,2.8077246711423056,1498.6797958150726,4.703202467327731,DEGRADED
65.2881647406609,7.840174636797454,2.7105522470905585,6325.960752993053,18.90643952315989,CONGESTED
76.1017287093939,40.482561814691294,7.997554164556128,15.443736343759156,22.34749249664965,UNSTABLE
188.41861382223925,51.69483905251213,7.941249648815296,1011.0696933345387,6.358108504184013,UNSTABLE
185.30653437563822,69.36607665966206,12.495374645619918,541.496159653592,3.1672839852728147,POSSIBLE_PATH_FAILURE
88.93559545125953,10.262012701047416,1.3934715847469366,4451.07877075744,19.50835082680844,CONGESTED
68.94632965718273,14.81352991104632,0.09762989572272263,2411.0480206349584,53.267056442098045,CONGESTED
100.67415007744586,29.737454651250893,5.978872473661468,1883.7924362339031,21.32375341800804,DEGRADED
23.85846552556501,2.674402006734786,0.3096462035115514,10004.372298299366,60.7809017112912,STABLE
19.98607348556651,0.9121118570627158,0.3578606054371687,6001.4954354399115,20.426686662212866,STABLE
14.943580775536098,17.509395159200693,2.9420760372474613,6866.087315221186,20.950588417490565,CONGESTED
27.56248163629806,4.221689832821708,0.3480295964551086,6149.5381821283045,48.752632341536184,STABLE
131.05016946114688,58.117626720939704,6.071058915963491,2794.8596889409328,21.79282200670112,UNSTABLE
138.34714097461728,39.19285730169551,8.993131900365004,1268.7799402224814,16.06509611286255,DEGRADED
21.183479133882045,5.16917278292769,0.13167033632559716,7447.470612981564,82.73737266901126,STABLE
232.06090123438452,56.18795794987125,55.72674900494117,117.36126248734087,9.65155951211568,POSSIBLE_PATH_FAILURE
2.554140130258073,4.12662614703285,0.13352114900056922,12516.538834126612,47.22847619245957,STABLE
21.019258873726574,4.885187241799585,0.08796711009514549,8952.543500797845,69.59465031045023,STABLE
37.15929727489592,4.708479214183596,0.0,305.62651369297055,26.47813005216455,CONGESTED
29.24357757187434,1.5232468382457838,0.2909305654850991,10605.382380748157,57.900305873882395,STABLE
78.45264803765825,11.422740828643338,0.20294670028116735,4400.975472883707,46.241473802215936,CONGESTED
70.57867745141198,4.222478934891889,10.396223645825117,4191.393610869309,6.774442202505764,UNSTABLE
44.903435409562135,16.61090242404359,0.0,1024.0907238554546,45.85340316598413,CONGESTED
314.658577317722,18.425564634360768,49.83582240140403,175.21868784896247,10.042696570780823,POSSIBLE_PATH_FAILURE
71.98740157728624,5.8994425509688355,1.746173624770833,5779.175800570227,5.7122408352757255,CONGESTED
34.51178849021064,2.4783430831908335,0.0,8033.8855944339575,35.78452844949783,STABLE
75.2116658175828,89.90118249839222,13.108200920275811,2333.8313635562035,24.46166634162281,UNSTABLE
86.98506061816505,0.0,2.846909291159786,3851.0001209018424,11.534175422560246,CONGESTED
65.70998504062324,4.586255404027899,0.5964650418801116,4295.632219474903,35.710898199273444,CONGESTED
121.61175877983416,13.081418620806794,51.08643519786308,609.720740204745,8.324463799872408,POSSIBLE_PATH_FAILURE
68.56113343835203,11.882038877489476,1.663889420989696,1629.303867383184,25.409442415264955,CONGESTED
53.3915455106751,8.703076934634218,0.0,3535.942249764834,32.75372301208937,CONGESTED
125.89104005151485,27.207739538395113,3.1239517503178735,1818.44972171331,14.857974157486629,DEGRADED
100.23038481711151,17.029134632552207,4.742361521128661,3386.4398851695023,32.96609120970202,CONGESTED
59.97390456452277,15.550806113586047,0.7963632599255926,5911.523080817487,31.881501941312468,CONGESTED
117.92009106716264,91.28094120596,63.95986979325161,629.4411192165306,13.198554802456082,POSSIBLE_PATH_FAILURE
157.03939257415817,26.546608634927438,0.0,761.7351279072586,12.76481080971908,DEGRADED
148.84603253320356,23.365981935610485,5.044421054690788,2222.2035193027427,16.337268460612272,DEGRADED
131.14946528595073,1.1114295079488201,0.0,3127.6320684300963,28.874601756535874,CONGESTED
5.451775147422108,3.593831741472225,0.29539960832421425,7722.807279177131,77.94722918040048,STABLE
67.74819510478487,7.05702740456093,1.6478798761818547,4496.242222498664,20.843295402598756,CONGESTED
49.689971036086575,6.313937982945738,1.2283974803614388,3198.6365717223066,22.344467451635204,CONGESTED
392.810537310533,80.35511775950118,84.87643778959318,872.0928570360254,8.90832758397287,POSSIBLE_PATH_FAILURE
207.32420373136938,84.17932271705635,13.500605842907596,268.6750238630469,1.818709210221606,POSSIBLE_PATH_FAILURE
51.9166335116942,3.544000527208105,1.511946702864337,2238.850037876235,17.830033651477954,CONGESTED
151.45050453684757,34.906346222959705,9.28529344021949,1290.1852339232419,0.5102526925530082,DEGRADED
20.00084393091414,0.0,0.003276961270305828,10407.144800455977,84.39926589554108,STABLE
0.0,2.5470908309117233,0.2818867264590167,11262.29629673471,105.74900001306294,STABLE
188.48232628406524,54.021001283230774,5.433144414299614,4762.472775016863,36.10414549933967,UNSTABLE
115.01932108122105,34.95742544627426,0.0,1478.318773022125,7.6251336370538745,DEGRADED
204.8255702738369,12.859130913427709,2.9615827141577937,1190.6417502976465,23.734689209407016,DEGRADED
225.6370419302487,87.40173378749455,53.22641186933269,711.8172319071865,0.0,POSSIBLE_PATH_FAILURE
115.2310657278371,75.9850098994987,12.150828536182647,1548.3937216506752,32.464612936983556,UNSTABLE
62.52066302026026,0.0,1.2209601606639287,3131.0946026485108,28.323110820976485,CONGESTED
106.26982940973303,53.73020805010992,11.384205563449257,5201.660041319406,12.195366814720561,UNSTABLE
123.45436176213019,7.007148588156381,1.2111601870768716,2031.863419436207,28.854347424873964,CONGESTED
23.654440643640783,1.8467054155326141,0.026945458055506244,6684.804899123769,55.08899669598628,STABLE
114.35455558759422,9.15549130831819,0.6071169444978185,4616.03098536844,33.092213310616245,CONGESTED
153.58211701822017,60.31228042334959,12.237619774294165,1990.9675816594013,15.632228196383739,UNSTABLE
328.04656237188743,123.49797580257962,71.7161036898504,759.4133066451419,4.530066744265282,POSSIBLE_PATH_FAILURE
140.16581710761145,37.97856340089818,4.279948544549681,1044.7811197971546,13.133363097552888,DEGRADED
136.26381505731052,69.30717959124748,7.564361850422657,2738.478344256186,19.696324229096046,UNSTABLE
10.73424058594475,4.484057805958981,0.03740497993214226,9617.516768710435,81.13219698083213,STABLE
85.78299949125808,71.94920030931019,11.827817225507795,1092.2066882232718,11.205251456202095,UNSTABLE
348.72801921394426,64.13413417778679,53.606118910192706,899.4218229806413,4.851030533991126,POSSIBLE_PATH_FAILURE
31.27241206968033,1.57289203725929,0.0,7841.388465936509,59.20475537143652,STABLE
373.8650430036336,83.87875483990884,22.498900680050504,336.0089431928362,8.485324736043797,POSSIBLE_PATH_FAILURE
134.11283295731897,20.938333513262236,2.3427633444256166,4865.037620379924,32.70736395494921,CONGESTED
89.34229727746921,11.923463697112503,1.190281352424572,2624.9044504891235,32.03559056810872,CONGESTED
118.45981225970958,32.47021596244279,5.83912222515489,1812.5848753147664,8.64341576094158,DEGRADED
171.24939992198276,72.68823269991819,20.029415627737137,1631.640750563501,30.56980910005484,UNSTABLE
35.500483352407606,18.772946777535033,0.5817455464943733,3094.1023680047006,37.0114756598702,CONGESTED
25.541165013240935,0.0928014401367383,0.07173069062236256,7329.154079113243,101.1953179867948,STABLE
70.04857558856546,20.574842556531827,14.392081474321428,3426.65860876069,9.84443820400722,UNSTABLE
275.072761466382,97.88713379843371,30.46929814957693,0.0,0.0,POSSIBLE_PATH_FAILURE
28.659686384171533,5.518229698669472,0.0,10726.393295685633,82.69064897394438,STABLE
300.67919419143647,36.07369353566795,21.91229836289208,166.54605526130322,4.19633821914941,POSSIBLE_PATH_FAILURE
88.9833442864617,10.537500318388306,1.5085133703907336,4814.46253091033,8.496770180666708,CONGESTED
176.85214528465656,20.857267955986373,5.092432045247575,1773.870967177459,7.600785022472509,DEGRADED
91.84649090908195,46.97340836711082,27.76406006808231,455.1062057591363,0.0,POSSIBLE_PATH_FAILURE
176.16211716342622,51.5994021568039,58.19872122708734,0.0,2.9803655616955855,POSSIBLE_PATH_FAILURE
162.91544321070808,60.60645515333308,9.342117711471442,3626.8943743252257,37.32598092564061,UNSTABLE
35.64718021669904,3.075046464679197,0.10650816981508401,6556.884422170358,71.1759570428463,STABLE
69.44772110878293,80.18105776461898,12.237860499200092,646.5259226824726,0.0,UNSTABLE
45.91669823826139,14.830203990375784,2.1732393564232906,5478.949593745712,5.558144601498942,CONGESTED
84.65842584053485,34.028480395099145,11.574513875768632,4932.471105347222,17.098473534195683,UNSTABLE
58.606874728987236,3.945873975202792,1.3302346876561382,3363.094258457401,34.468266911740486,CONGESTED
105.25872433547447,86.9095889768648,8.244488610815296,2356.2385406871226,15.632164980740942,UNSTABLE
66.4106838340459,6.609357199475507,0.0,2441.6647338570237,22.113729962887927,CONGESTED
165.12607647695296,50.586163524076234,0.43662116184490696,2101.142100462479,19.800605899749513,DEGRADED
69.17184851594975,9.455068450614345,3.5779879131904733,3046.082724833576,31.746083426218355,CONGESTED
334.1039720495557,65.43567481299674,63.25821243151478,37.92899163595132,4.201139569941753,POSSIBLE_PATH_FAILURE
206.61444162884132,57.992544185645706,16.08451815796276,611.6457850886337,1.449411349623976,POSSIBLE_PATH_FAILURE
136.21002330142124,66.88595028818422,7.94849802606528,0.0,5.96158835153528,UNSTABLE
77.25125229159389,14.761348039237733,3.302826565531194,8717.841104407138,38.06552438041395,CONGESTED
80.33683232763761,20.86819076596178,0.0,3229.4285910324948,20.396773014579313,CONGESTED
33.70540988614132,4.201918569399794,0.0,13058.967944932216,64.77152220100942,STABLE
169.90924464168086,82.99413370630744,8.187334783217972,2527.231055519256,24.384297797680603,UNSTABLE
166.2013194537582,91.61944429077167,3.7706192965528587,3710.887484635595,19.25764337020274,UNSTABLE
293.6420476889311,45.046496444265415,46.013106458126806,338.48732890746305,4.802309281290521,POSSIBLE_PATH_FAILURE
16.06258827775428,0.15647270131085422,0.0,14597.07916603606,36.236026217593256,STABLE
98.9700215158503,16.251144324658895,1.2650709454710825,4438.11635326494,37.775542163395805,CONGESTED
262.1221518533445,67.75416508430094,39.51997496220939,0.0,5.825141983919342,POSSIBLE_PATH_FAILURE
67.62978601525029,8.330425149725293,2.929021253109708,1742.5278976666407,23.07051385119351,CONGESTED
15.007044014608478,2.179320053309781,0.6305018533966804,9992.579005734951,72.17781033154063,STABLE
81.44148801198969,84.77642737992389,18.364328482965984,3189.943975079328,44.55881706971565,UNSTABLE
18.525575100818326,1.5723610055625779,0.4818261265394543,5730.832754037652,71.97668345312138,STABLE
14.290563384782054,1.8365573015955068,0.0,8834.518418278098,60.932536855880365,STABLE
88.83654777938872,43.02469720383603,8.626806240135005,473.29422673236263,15.457530192588415,UNSTABLE
37.85168402072131,3.430605259883024,0.017528081198813966,6431.923508280852,56.541337743201424,STABLE
146.67604956335356,30.088626880504535,0.05500207788989098,2302.2408950023278,4.874363359851401,DEGRADED
275.6811202249607,82.08002341542804,38.72963056946317,0.0,10.15313766071465,POSSIBLE_PATH_FAILURE
66.10967909177356,21.615422356787136,10.100627266027516,0.0,14.8082322083382,DEGRADED
24.390866789295764,4.096256759284392,0.41195975386934824,15056.119752708739,55.30068013004307,STABLE
19.82437173522554,0.8307787551275236,0.2597714123747718,11797.717712127567,56.7775296508726,STABLE
54.42947908692938,9.793802272522035,2.551686029684589,4921.201257554442,77.81489676447521,CONGESTED
148.62972758384015,69.28867318745534,3.0053682302944846,1565.012648436773,21.14157616175718,UNSTABLE
16.655438276441235,0.0,0.320092972492902,5012.811839960999,77.80054315486367,STABLE
132.6931196376733,11.492709850598153,3.4315604427709125,1739.1834581786518,6.987000009463323,CONGESTED
75.2995637442903,0.0,0.681339937254169,4726.710774474418,29.95554545589983,CONGESTED
209.96879687894864,26.284199724246783,5.911149362349134,2418.2442615119708,14.956745210018557,UNSTABLE
99.59295844119552,33.983474192809155,5.945714853039812,553.3728734655842,26.765653973161534,UNSTABLE
64.66031355291899,7.31727525294801,1.4606300282640028,2855.716542444239,32.51947581615392,CONGESTED
175.90321858793203,43.48459672927642,9.648259861219334,1461.8248081795382,13.5428044096167,DEGRADED
11.068693784151373,7.001926203180307,0.2717447853900382,10297.757494892054,39.89787222309245,STABLE
101.74583587607542,0.894513978918205,9.839411424126961,0.0,27.113895480573923,UNSTABLE
343.64945506590607,86.2796674684375,35.457069079812634,999.4510778960428,0.7382450710734041,POSSIBLE_PATH_FAILURE
86.09981696328087,8.760364928443561,0.5539704349520777,2105.7830615188395,36.645327755115495,CONGESTED
293.6563670726391,95.51101849436272,11.978201405661043,109.46862063471468,1.5260514746730132,POSSIBLE_PATH_FAILURE
201.8007591963517,53.15637680783121,44.47504385800077,45.92846328273674,3.9194118618271174,POSSIBLE_PATH_FAILURE
80.88599477946346,15.212239186522151,8.170916795542805,1272.8508650646295,15.329450409376786,DEGRADED
106.02691945600043,15.868405749054276,2.5431594551626207,3742.6320874612666,43.69772912207259,CONGESTED
128.96879582822035,50.359469976538094,14.18652800001804,1872.0962564973888,10.981760904928462,UNSTABLE
27.908061216900805,0.9746322972236765,0.3072094916467022,6978.423825318611,59.47140090518605,STABLE
368.68922868647013,48.64861176921312,38.58498181639495,63.05310956194245,2.4053109913012727,POSSIBLE_PATH_FAILURE
7.035276719252391,2.232398148584509,0.0,11915.720766331217,33.28165381217133,STABLE
134.25160480988106,37.034435019633676,7.817406740828374,4492.998306463566,30.311834748383546,UNSTABLE
343.74310640590556,75.56220656142918,23.801091150899055,285.2992349944513,0.0,POSSIBLE_PATH_FAILURE
260.32447597059064,117.27919163322042,18.081173805427976,716.79733805211,6.242008880861856,POSSIBLE_PATH_FAILURE
291.1523662617468,128.7024153133917,26.942200654459743,0.0,4.510275452577089,POSSIBLE_PATH_FAILURE
7.81186939576372,4.30349628280608,0.14105047388056782,9397.740605472514,68.49368906411509,STABLE
23.330703726182552,4.503592931670912,0.09811849231802942,10471.839057202866,30.25057613238483,STABLE
59.510403933724966,10.106077746956316,0.3898071330633357,3066.176161186171,18.90068316492392,CONGESTED
166.05434330987572,30.473476489405122,7.4344812259199635,2822.756405274331,17.9843056152106,DEGRADED
16.317510432119693,2.3489099769609365,0.0,10477.766286076392,68.38401216581211,STABLE
321.9532655465522,128.28791263514194,69.62101943040904,331.9535487265808,7.45067666760585,POSSIBLE_PATH_FAILURE
12.05400544874945,3.026751625431725,0.33431450902852045,8128.532585112532,42.69244679186983,STABLE
254.49638122938853,49.76453635811279,37.96792642940685,606.7245339454544,2.677325926021002,POSSIBLE_PATH_FAILURE
66.55721398048583,7.79524433448635,2.1168302459536834,2197.2343854040237,30.115453106797716,CONGESTED
188.82827889472878,61.82905851350607,7.825674036399439,2024.1008377307346,12.254745218762574,UNSTABLE
7.841090758958693,0.0,0.42464416579474307,8868.469767361528,51.934093741587496,STABLE
22.964180008086593,1.6872582129037823,0.1116293736015166,9940.173990801928,79.82872186635026,STABLE
56.73332775652267,19.041374062533617,0.6129785546138192,4506.105117004685,28.029577133196486,CONGESTED
75.59037266099268,14.885555206367467,2.284388094702768,2265.5101745478696,33.54109365907854,CONGESTED
116.73390933610197,12.408260248059076,3.5433286509129465,854.8609419114352,34.746857380696824,DEGRADED
371.8024865758342,43.2004512447198,14.690173300341304,913.0248471690023,4.796392404421818,POSSIBLE_PATH_FAILURE
12.064293744812495,2.413669692754551,1.9911080983354343,1366.151059434169,40.99410396896444,CONGESTED
16.895160238040564,4.157323267630334,0.5274750858132417,12073.312328288535,41.229109053815336,STABLE
20.66545815859205,1.5702468762049806,0.23448017347430383,8209.08644209639,76.06628447248534,STABLE
375.639697926474,74.32410405626884,43.08797337883247,74.27937190075272,7.443161411867488,POSSIBLE_PATH_FAILURE
37.20769831165984,6.180904595832047,0.7773488111037719,10586.77660522501,54.493815752758906,STABLE
215.05241924266994,91.79631446706281,2.5414815235105124,890.390883755703,24.810192153266826,UNSTABLE
17.9456244213237,0.0,0.47582710299409564,8419.685773761606,84.81193092386144,STABLE
87.02345403550322,30.22298543243289,0.8909515926896248,1838.6807730573978,10.686931212352881,DEGRADED
107.59399994813023,73.83533602928698,6.175469444259993,2844.4521180658835,7.2607890427285415,UNSTABLE
97.17775496221914,9.530689830254868,3.0347396035625565,4707.787931804762,26.912724608065876,CONGESTED
79.94961393907204,6.57076434008488,0.0,4588.172718438247,39.371074808974484,CONGESTED
24.465311760299443,4.6483992395917255,0.1993249266487528,12375.42512815503,83.58675619438412,STABLE
98.75559396243634,6.006432893140874,0.0,5757.234623599015,40.88844505585137,CONGESTED
109.78930465153735,32.78175786568025,7.5032577268254474,1306.5130950285497,18.845227146209204,DEGRADED
26.279333080247184,22.361902420758106,13.028484959268601,1512.1914840562508,26.180313774384445,UNSTABLE
60.76966771327974,19.66659818154996,1.7973420706162568,3758.0663061431064,36.78350475174532,CONGESTED
200.2805431326049,96.57204362051375,11.943792987297591,4944.153082464281,23.81288721448973,UNSTABLE
139.03770776356208,9.84232778140295,3.9263656662673747,2254.008979788773,22.756765757080736,DEGRADED
9.600158937595044,2.027611738601906,0.4940572615015466,15044.513840291114,70.85352693120657,STABLE
147.3969809722134,36.929134400119075,7.43458012746778,0.0,20.415184569917,UNSTABLE
25.895468860356022,2.296950529713414,0.11558900242828972,9915.842422335152,22.830241245180403,STABLE
138.63402961543636,81.68767690340033,32.075903514921045,535.8424273390924,10.044406850605725,POSSIBLE_PATH_FAILURE
115.48651197466049,26.0293143527796,5.632057140407154,2098.3426457581727,11.30343837356845,DEGRADED
22.49036122306942,2.984190969253527,0.6882204018394058,11054.843002771691,31.547987024339655,STABLE
295.4638175883023,56.388106502055855,33.19181476760673,602.1272775732568,6.688551909430769,POSSIBLE_PATH_FAILURE
108.03181474298538,13.011354973595072,4.32370295199985,1754.9067995190264,28.066886146277866,DEGRADED
169.57187981733867,26.397016840311444,9.234217419438263,1282.10565233159,2.7252671989184645,DEGRADED
25.647582567892407,11.386585632227153,2.2415649090647296,3266.4949657809416,28.646331607790007,CONGESTED
231.76298030521278,51.28783310568858,53.8557553934522,525.5558560806,1.4477547120184289,POSSIBLE_PATH_FAILURE
15.158305666664216,5.521874647125969,0.0823321961239151,8386.246275661248,93.4886336479059,STABLE
20.60385928424417,6.150165655217462,0.38813288004474966,7818.899469818938,43.08454410548211,STABLE
111.59719781491191,21.6535547491582,5.655713747821978,202.00491410224186,17.65357359231807,DEGRADED
81.28117182341542,9.707911589714818,13.514242182097107,516.4361450013373,23.525866357928436,UNSTABLE
68.50828798598678,0.0,2.432191726379181,1182.0776715786606,0.0,CONGESTED
239.29255591596694,125.0925968554372,38.95273260355343,109.30847500922647,5.010745210037013,POSSIBLE_PATH_FAILURE
44.8941368467449,13.597337907807374,1.6579551737150096,3038.608401753504,31.087310981090496,CONGESTED
10.970728219129736,3.7538955713907445,0.0,11924.365452463791,62.51672110441665,STABLE
119.5722723151021,24.566641817601536,2.3743510152193736,661.9344441917524,10.457561325401468,DEGRADED
107.40249383386,80.2955294058894,7.989480554102117,2550.8559887474794,36.806953627007516,UNSTABLE
43.132657457705825,4.640966441864704,2.942432740764569,5648.122387596646,16.230845227860485,CONGESTED
40.93168308930595,0.0,0.3455594694433121,5970.225700046808,54.45323582412663,STABLE
132.41982125338015,31.035909369485204,8.878595300808998,1144.4013425453788,10.030297207372797,UNSTABLE
37.6043485006624,71.76044881929833,11.90624007705064,1723.6049214248008,22.16478981752126,UNSTABLE
155.75276903980208,69.22828922547554,10.914955126747866,0.0,24.84672933275406,UNSTABLE
152.66663481053396,69.83189276818693,16.654070132978134,567.5050734018832,48.19155457576329,UNSTABLE
27.0195362622127,3.7559419959893967,0.5301112042091669,10504.739121516104,88.25215801272464,STABLE
9.278669785731408,1.0331680426819387,0.2777862924604724,14889.552953995379,67.58717839334224,STABLE
323.57241793848505,104.62140127513563,28.784018680950112,340.7486831671639,0.0,POSSIBLE_PATH_FAILURE
247.87235566206502,122.58300455076805,48.733564488889876,0.0,9.016399766437548,POSSIBLE_PATH_FAILURE
418.58305771708683,72.3896745215479,19.038978615235493,133.67387210966172,7.1966107794846135,POSSIBLE_PATH_FAILURE
10.298504803485875,5.094630572147517,0.0,7386.008493855819,73.89377044794414,STABLE
58.72496926383014,14.874745307778515,0.0,365.5572768113384,29.163382971084737,CONGESTED
53.93933300728909,16.273387836792278,0.9837719998657057,5970.397725015653,25.152183147201278,CONGESTED
231.4906570162926,35.17250531838316,8.525649179478712,3651.5387753343857,26.69821391674621,UNSTABLE
103.58207277569937,29.50623544657144,2.306588764904075,640.0821689212393,33.398173934533474,DEGRADED
119.11588799707718,19.870019860901003,3.000431789420398,3029.448861835518,30.803516214931765,CONGESTED
140.9189297649703,39.96180424027868,2.5427710164106516,1338.6762214294351,19.278971914073875,DEGRADED
34.55045576270712,1.118939568997567,0.4402157365008966,11525.159242162319,100.451788093298,STABLE
97.06879116670808,42.88855164420983,2.21165774704367,0.0,9.217279433778177,DEGRADED
171.991303250518,75.51248013449353,6.940710419842134,142.48893487376927,7.828627521625947,UNSTABLE
29.5205365313989,0.7261548371791311,0.48121309007589436,6835.754547795586,55.851435266063795,STABLE
272.19530862257545,51.7982846914094,35.80420817970233,1211.1230967889906,1.3365805671388098,POSSIBLE_PATH_FAILURE
165.74103965711822,72.00740190199514,5.327268548725389,823.7282194545903,30.0007775386674,UNSTABLE
7.582444711216073,0.926836050260686,0.0,6638.430167020999,80.18223812510111,STABLE
7.776256874600968,0.0,0.39221873306087607,11508.014674044376,92.0881999207071,STABLE
36.28936947623991,0.323235177352311,0.47364571879303363,7166.059141247399,65.06795834442401,STABLE
138.00623020354104,14.495615298771058,4.509341014621741,812.8736630603884,9.531667824490658,DEGRADED
162.72989164434318,67.50844457048683,19.432482917366237,2792.0415751171413,2.4459208631424723,UNSTABLE
300.3645972661161,111.63286264835659,38.46414256490028,121.66195485350727,5.697696684860334,POSSIBLE_PATH_FAILURE
63.77413235140493,5.006031960565723,1.1839479894624307,663.337955263547,37.11929698457017,CONGESTED
75.46707718646076,27.37372934463828,4.871112850116126,2999.533745133158,21.772264998977047,UNSTABLE
277.23851403716947,90.56338484704614,8.89073005453739,478.7177773710942,2.8971907214665515,POSSIBLE_PATH_FAILURE
54.289059970446665,14.262794905866162,0.0,3205.9941160366457,29.006612174134993,CONGESTED
7.496844610768536,4.0906465239341205,0.0,12202.360521951061,63.40677541613576,STABLE
25.112218145475346,3.463320888473035,0.2258761508675017,6311.450608452954,78.6936412579266,STABLE
258.8519786955925,58.901310498949414,62.837970762038516,0.0,5.541829003940329,POSSIBLE_PATH_FAILURE
104.37269278669919,7.546400177054132,0.9441981545700522,4185.398482359928,25.085011460498723,CONGESTED
98.87213276814207,5.588507563905784,0.0,679.2983905717142,17.03154288911948,CONGESTED
157.65227720371038,15.531232700813256,3.943294643016023,1870.6553465153286,17.859191699313687,DEGRADED
153.5069288240941,16.420340102947996,4.610248460062977,707.2467019493297,2.315671385531548,DEGRADED
36.47393997603329,3.648178444640094,0.08075499952117066,5252.761800974644,60.847624573922516,STABLE
134.53661933191268,53.13876256517006,3.8322112804967112,1353.053007608882,27.271790108318505,UNSTABLE
238.52281006913938,62.3540338794396,14.809950927821124,180.70391939472125,4.36794192230445,POSSIBLE_PATH_FAILURE
90.13585128641296,47.559264498422486,5.451456037774024,2388.8053956375925,7.9484212889934,UNSTABLE
73.63948766560914,71.97283644071565,8.563508454651215,0.0,37.69784668776121,UNSTABLE
55.71036313424108,32.40664621211201,5.983809291183988,0.0,10.85809243778197,UNSTABLE
16.973802405295533,7.021852224801028,0.0,4733.406734164305,45.440390292717694,STABLE
138.005146556802,13.473993549059465,14.179105343008832,2522.831070930847,66.58461201001924,UNSTABLE
118.22340317766727,14.5308815476326,4.883842080568807,1725.549248541958,9.291746358918203,DEGRADED
314.22548130317676,144.9346291940067,26.122767163034908,651.9120031238018,1.3227596480001478,POSSIBLE_PATH_FAILURE
138.73971542129266,74.64012098603847,5.662539980197808,778.5777297003372,24.165813834810706,UNSTABLE
196.10131990328932,42.32863273936665,50.24169872804089,509.608323178676,0.0,POSSIBLE_PATH_FAILURE
78.78347948212145,19.77391849261565,1.4029457258049245,1070.5210172045563,13.21781486062326,DEGRADED
105.59794523209533,28.111635079845676,7.688985646228838,428.53058938825893,16.949758044264385,DEGRADED
183.60730267564855,40.84292472444547,9.111675564214096,147.58714323888103,21.448252348514092,DEGRADED
331.41744580926127,51.98629701046373,33.77168170755683,261.0560959412759,7.135186257402725,POSSIBLE_PATH_FAILURE
29.7366351134409,1.9851988471991495,0.1305659606933627,11697.809448310523,68.67538244428903,STABLE
244.44171472068447,49.743498509467905,38.832229945338305,519.6076322527068,8.238970090534188,POSSIBLE_PATH_FAILURE
76.75611923843272,23.63116488995855,4.221449428510813,1487.7967444311946,20.383288651966282,DEGRADED
32.44947378646445,2.809428425972131,0.0,13234.415601906232,90.65255784786255,STABLE
123.95609821183822,97.59133457309083,32.19164902143177,747.4003103333098,12.888069872089101,POSSIBLE_PATH_FAILURE
93.62848213097317,48.05116168353755,6.865749967638281,0.0,39.085097347419804,UNSTABLE
23.446452262360523,3.253193420555387,0.7833793376780684,7478.107690886685,81.4506672942039,STABLE
302.93783967221077,83.15658954169336,38.10959263811003,0.0,1.2043123660722626,POSSIBLE_PATH_FAILURE
55.71376072679339,2.698491478288277,0.017191703022047866,4514.357979255345,41.489493819449365,CONGESTED
130.753455141868,22.001824029665755,6.928449725501058,1916.3478914746677,32.68661730754563,DEGRADED
143.81122135779293,57.46611453695004,8.683775932994807,5082.169306820366,6.095841250028,UNSTABLE
82.52454101357151,37.25656631860559,6.392631784458139,1528.5463196620292,2.4977970569653856,DEGRADED
123.46694872738323,34.61409257912953,3.313086273330368,1026.5681305111975,15.31017930311825,DEGRADED
62.02637190439258,68.44459267252796,4.209141259287142,1839.73366141286,13.440441471369295,UNSTABLE
320.47276972579687,43.45967558375292,40.80660629029735,0.0,3.580597966328119,POSSIBLE_PATH_FAILURE
17.745685507719006,5.801763720625933,0.3453930533935107,10873.876347315365,80.25627410390746,STABLE
24.12732611595988,4.119080741232333,0.1949489828799722,12067.352191089847,85.676902536586,STABLE
130.398815410449,25.296973689801003,3.8408901207818533,1304.033858910159,12.689505659420043,DEGRADED
81.24723614020476,12.657277202608032,2.321100853958441,2145.802571364899,0.0,DEGRADED
27.400142363043354,2.458212745858125,0.36643895651759406,8075.748136978063,68.94841422404757,STABLE
100.49261097646038,34.24036189890808,15.3396175317001,256.84395343035567,25.49629694550967,UNSTABLE
8.89569315585522,4.5552190605570715,0.0,7110.883208937019,74.20549752942352,STABLE
27.90801721178989,0.8728805411305651,0.0,7214.672269499872,98.17580716913933,STABLE
73.36845108793884,4.394368387627758,0.9411920444608063,1252.1216027850496,25.727167986322048,CONGESTED
376.41211842231405,70.87727991578831,45.31935144887872,323.0898896344662,8.627992858006664,POSSIBLE_PATH_FAILURE
13.190704555960586,5.581127524642348,0.11577997974478646,7431.056896972427,46.55368267359171,STABLE
79.10388568327832,38.94244874612308,3.6561303942489287,1154.3952440896737,21.01342305961557,DEGRADED
22.889166671687068,4.5541459179817965,0.5027299411202016,7397.460210031091,25.321551935406752,STABLE
25.294134071257222,3.215068360107269,0.0,8600.968331198319,50.748343718868455,STABLE
10.452081828691785,5.458751435300209,0.794678090043677,12798.81169827296,48.35292801076854,STABLE
78.84376195931237,14.527074501985357,2.2271190091761564,3988.0993343061973,14.675871684428614,CONGESTED
185.74966466393732,98.6485410552757,79.39004862592117,965.7766158756237,0.0,POSSIBLE_PATH_FAILURE
8.875885280165821,0.0857241741608874,0.3525978629054296,9798.885016808403,61.39917178822749,STABLE
64.38170614466696,10.819392067094782,3.194632053999495,1756.636279114445,5.281452361350336,CONGESTED
68.5063455259889,14.80006078848459,2.4209390504933186,1465.0748062906712,14.45699018059419,CONGESTED
58.97105632636388,20.740133105497577,2.4032958857980065,6076.039427052647,12.817599579766316,CONGESTED
19.32019744015595,3.1440352838341044,0.1840091393026537,10517.63358692638,66.14216725164843,STABLE
64.05790903986801,0.0,1.7703944057870438,978.1068606970239,45.19051932392595,CONGESTED
26.106868472895542,74.51316212281264,6.136312085460126,2669.2621780549634,0.0,UNSTABLE
56.65914377101626,14.561697664735108,2.37368223051807,5218.117920117827,31.68404348350594,CONGESTED
135.85067677999444,19.442265987450785,9.412236396466373,1905.1415870557614,9.542541080267696,DEGRADED
141.35602372519685,30.112775964590117,2.8224174444327357,1545.3199773044735,11.379881007932422,DEGRADED
16.251585371023904,3.8753113470686125,0.7013363685689742,12242.642991227898,57.00128799064867,STABLE
215.5075093229798,74.01285658674976,55.41110707156364,0.0,9.086264783905959,POSSIBLE_PATH_FAILURE
62.770890039734695,13.971506049141855,4.322597920139346,8186.06199825375,11.813964154998263,CONGESTED
241.80535165135467,38.75150775181852,32.41817056249432,576.1184218993249,0.0,POSSIBLE_PATH_FAILURE
95.26310050816782,13.481123574787297,1.2860495736130504,1200.4315687553653,50.82036336306487,CONGESTED
206.1758899939898,28.662551485821304,18.681775031337242,0.0,5.509143191215566,POSSIBLE_PATH_FAILURE
42.36987897956203,12.877737276651105,0.4322140365376219,2286.4417672436284,35.669468291840516,CONGESTED
17.631497354903157,2.2927705167727113,0.6197409145088262,10568.734741679611,70.1849596882617,STABLE
64.1267642937932,10.64716779179857,1.9412438750156564,2809.4193025051945,29.23715239011765,CONGESTED
71.24939936766489,12.889707640749519,2.5362546092774005,4812.967401077911,50.27271857580044,CONGESTED
22.354483683099303,3.603104613625808,0.26659483330288136,7181.065795446514,41.38792890620975,STABLE
154.69176322646246,21.91275713429159,5.051422003919605,1233.84700141131,20.991927682905434,DEGRADED
74.48985753198963,23.853985328051767,6.176310491965245,2612.3522450406535,26.717127841366985,DEGRADED
75.13077729257445,7.873154897937312,1.6881097954568387,1698.4796564308672,46.15862465739261,CONGESTED
1.37649484484254,67.28860647737356,6.864841133790186,3833.999577398704,0.0,UNSTABLE
218.32085761738745,54.116532491507755,65.71034724331935,290.3967929624197,0.4970651831443078,POSSIBLE_PATH_FAILURE
140.8599833728636,13.132028360127762,7.440687301678776,2067.050278102406,25.020365363787523,UNSTABLE
57.27682465594111,47.484546346699446,2.264962137959391,1831.5369837663509,3.9886061406925393,DEGRADED
177.94606359407553,46.702332994421766,6.674274658170926,1394.6986036752326,10.36451616478669,DEGRADED
268.1743296011263,31.859688592057438,68.54331410628114,768.8471037924219,5.417339980908927,POSSIBLE_PATH_FAILURE
280.5983381365885,104.97364267930999,47.19896076388049,220.78197916486974,7.1778966910942765,POSSIBLE_PATH_FAILURE
12.464724196426221,6.419887908024142,0.3593669685777744,9902.99471013499,21.2799774183174,STABLE
215.75767752944523,29.26645068646038,10.836415844343783,2129.962966561959,23.705786717309376,DEGRADED
0.0,57.93952527391221,9.056044297397579,2608.4203369003626,0.0,UNSTABLE
179.9683000804901,54.315436277239165,9.756039427787545,3891.234016747726,9.15504792750251,UNSTABLE
528.4910572551779,74.93848884686567,27.609031453729234,847.2093274126214,0.5600710315475199,POSSIBLE_PATH_FAILURE
41.318337713463414,19.83771231911582,2.1842070049302116,4983.31965614649,0.0,CONGESTED
118.76466163568882,24.899194534382517,7.283649650544586,573.639975329658,14.389926910131903,DEGRADED
224.56557646556988,83.24687213184224,36.39584858831083,942.8988849102515,12.150811672319785,POSSIBLE_PATH_FAILURE
74.07675519831753,12.546539800710164,3.4499832578128196,4030.2131188900594,13.065004807822575,CONGESTED
67.72587763021679,21.05931752746262,1.8655517033750897,2269.218244125891,30.986452921197483,CONGESTED
121.05847033782089,19.65063532474244,8.4614183907457,1258.3571767897245,26.13407057517602,DEGRADED
76.30660660008581,7.289877568398768,0.0,566.4634166796454,29.20551124999474,CONGESTED
204.81402813252845,69.38897333274065,11.783845141404536,0.0,0.0,UNSTABLE
35.687144570640065,15.263937685935714,3.0327114686544565,427.45399138798575,25.178690219102226,CONGESTED
356.9037761647003,36.69816213542201,47.59956267600674,404.198143038412,11.761074855497483,POSSIBLE_PATH_FAILURE
408.30155389699655,47.85385783376729,32.635256623024425,0.0,6.7730422784156765,POSSIBLE_PATH_FAILURE
117.05840913206941,60.80183529147852,9.941431837954202,1689.4213441834204,30.50220844766343,UNSTABLE
101.60759878835302,79.73171583550736,17.563026963970117,3801.7601469534648,7.81647832635675,UNSTABLE
35.014857042939475,18.876639834310485,3.323862090132099,193.03577573446955,20.75586191605977,CONGESTED
366.9662600823513,101.1576768113385,29.92442537881295,1091.8255395333626,5.775196113967119,POSSIBLE_PATH_FAILURE
64.48813543534204,5.0630752827473255,5.050908708771719,2210.7057799942563,21.453301713101855,CONGESTED
55.73543245365874,7.969266600135148,3.4134714094059957,2813.229230389781,26.45310068719001,CONGESTED
13.025761766997231,5.624050524439829,0.24857581018552044,7371.759684099638,56.00291875797751,STABLE
111.69331650305094,81.6977528180597,0.0,590.3778389015565,0.9930803002925241,POSSIBLE_PATH_FAILURE
101.61504983623527,39.85472657138135,8.758930684652622,582.2537125950213,25.36019441653553,DEGRADED
102.6161202941766,124.12054654635487,6.618171217490641,4036.7888573023456,20.20783994695054,UNSTABLE
18.773153625048728,3.7840218747315135,0.5175658448425446,9625.744181662098,66.4058336801445,STABLE
153.5184378565244,44.12314481592911,0.9096366235612496,346.53665374519187,6.566060645633861,DEGRADED
52.826787503457055,18.18847837764423,0.0,1559.5990625939176,34.01429467489747,CONGESTED
137.07965620271943,20.49308361538247,9.124156971486883,1001.5776630050791,18.28476829866239,DEGRADED
18.86052542345125,3.053170682652197,0.0,8341.024624604392,19.7057103813317,STABLE
13.778322997457419,3.3971572413630335,0.24146702764229086,7128.277816575109,111.40643961889197,STABLE
93.06240655194722,55.638505209756005,5.6693651282515365,0.0,10.938757594510259,UNSTABLE
153.18897727967996,30.339378900978556,14.89643489368056,0.0,0.0,UNSTABLE
10.002877713306187,3.6700847350748265,0.19751603482112393,11611.229735126422,110.76966458855904,STABLE
27.355830924283737,0.9952485084675651,0.0,12220.165175655462,49.643999946040594,STABLE
270.77875214695166,76.11361182507214,33.66099205995328,496.4329203944295,3.1482165319038424,POSSIBLE_PATH_FAILURE
92.6016237325065,10.236798615158474,1.5685918032021928,3007.897606250058,41.596369824659725,CONGESTED
96.89088503197155,14.4834504644344,3.201684664949717,3512.9932221053177,26.459049006024316,CONGESTED
113.41768609826852,92.10506804384057,7.433507570090989,2886.9310834982048,35.307734891750464,UNSTABLE
133.79782572922917,105.0951473877295,4.920771232027178,1549.4370058944596,31.183626308459928,UNSTABLE
122.34447127056794,5.794434845159296,0.25799732383095964,6558.862215581725,47.14136630556871,CONGESTED
307.81916591245175,75.8113082020605,43.483035671256225,470.4312296059173,9.325048038483839,POSSIBLE_PATH_FAILURE
23.310401549961956,2.0631486042010843,0.04981455620340405,12754.004681577982,41.758429796204126,STABLE
132.2796500665,31.845349177418058,5.742538567415293,2022.2017217689445,23.238138083599555,DEGRADED
85.21706032284472,9.875587143783251,0.0,5754.778830002639,24.39851215844508,CONGESTED
75.47048427617001,22.654188194194283,1.8309376943110078,4542.369026315729,23.4262661552659,CONGESTED
150.70938286918803,59.962527495705274,0.0,1906.9151420675225,25.41769651904739,UNSTABLE
70.91109314565774,11.583441799086692,0.0,3280.529029999415,35.458873269033006,CONGESTED
35.753913369696384,7.628313824764288,2.2643464357043497,5007.7985603803545,34.96101001082252,CONGESTED
304.0911283276413,0.0,42.17799939857044,475.4996293637811,6.190230027954337,POSSIBLE_PATH_FAILURE
139.79242652485607,37.649156705985384,8.245351001492372,1451.6897052866827,17.4142750987666,DEGRADED
64.08486188879176,15.161199514199415,2.0189698865620986,5380.948338104063,19.952888177051967,CONGESTED
15.916113727452736,3.2637476262423037,0.051575470842286364,7161.84184559917,54.619483375466956,STABLE
119.10392083335176,5.602577871876527,6.672318478372022,2143.184090403322,21.31704604558583,UNSTABLE
98.12151625206943,52.55261834155145,16.297070761946777,3736.1236773941982,10.752740885457388,UNSTABLE
27.504511958064572,3.8404534189491715,0.28435194969304384,5526.191619454685,59.71331990976178,STABLE
128.1951334106648,7.052672147202579,0.0,4969.476695511106,23.595578728833388,CONGESTED
29.68997870275858,0.7540859017857402,0.2557503732556747,9016.836335254055,60.883798391120784,STABLE
122.63688477010732,19.602070903623307,4.75334961764013,1428.513038131013,27.968582318122596,DEGRADED
68.19476379553436,11.26889024532909,3.985090347680085,2014.7012215598215,23.790283899501173,DEGRADED
45.21124218563263,5.411385881464042,2.6199960250368006,1691.2035650242824,26.810876210890093,CONGESTED
99.20008463316478,11.917473722344617,2.9535902337121667,3386.2763093004232,27.416530176960713,CONGESTED
50.448053158290946,1.8513354137888811,1.1361679759442973,5528.591903476274,30.264113780314293,CONGESTED
295.26078906624946,116.66477713156439,48.65106544034279,498.93687820269196,7.037458950775093,POSSIBLE_PATH_FAILURE
139.8921155638582,37.1432468377816,11.576547506468872,2671.9478457412883,0.22477084919205126,DEGRADED
22.825869829192964,1.8337698553946178,0.187195071131757,11612.66166442781,69.10405449274283,STABLE
16.803287836426986,3.6039414850385425,0.0,10797.732615220842,24.75999525992775,STABLE
64.11550017967525,8.53711693467087,0.0,5067.417674333483,33.55179875494761,CONGESTED
74.31260737875755,21.30560045923518,0.0,3252.575986809755,5.613555791884593,UNSTABLE
110.59245275331435,7.416097282494626,5.594117480722198,2873.6910530229793,5.68919976096695,DEGRADED
179.588918574207,18.852811896833437,6.266574950432943,309.7603300641613,12.193531475718022,DEGRADED
8.49135490814433,3.497867820793316,0.12595286134652428,6713.612383015195,69.04508245404386,STABLE
302.9594019150315,48.8383546404464,49.23419338131258,462.76498490775606,0.002301663555049238,POSSIBLE_PATH_FAILURE
1.3815484675748841,0.33305136253159784,0.27652461316032756,6490.2796599716185,50.3020001444233,STABLE
112.37227750085474,46.43829727458592,13.792593664551465,3754.612815588927,29.72155762570012,UNSTABLE
135.00224764447566,19.867482911847254,1.9218786228611675,480.6116108111896,17.596747222081536,DEGRADED
64.24659517220906,11.456050945576948,0.0,4536.831346072036,16.229703315555774,CONGESTED
133.38200865657794,22.550486033945997,0.6522128456558702,1480.2219315777845,4.9790060975303145,DEGRADED
9.066761421126175,5.044814450720944,0.0,9147.733332562544,40.1263016031467,STABLE
67.18575232580022,17.242597524337175,0.0,2405.1247612210896,14.805916160218047,CONGESTED
28.793979748628285,4.773518108809477,0.0,10612.781719152803,61.343622193079625,STABLE
112.88326808362277,25.20803808334404,6.6177577407742465,1354.4991097917475,8.281383024297067,DEGRADED
53.789546875789846,7.2051370018291685,2.2229032631629027,4426.1585456740195,31.642650834285156,CONGESTED
18.67771343468828,2.8116108492983334,0.3439071591792591,7666.869543293258,55.67655553356069,STABLE
98.37492855944356,39.278760970417764,13.309388198449202,3653.7359216831082,11.730065505283132,UNSTABLE
15.754724113775154,81.82059218325335,15.419102814164436,2683.5515883098265,25.84149837365342,UNSTABLE
71.32128274672372,0.0,1.0048882201070408,5783.899391181038,34.7750093597991,CONGESTED
211.7700641247872,51.1370886259146,40.655598065724355,870.8391249699339,7.480369781438997,POSSIBLE_PATH_FAILURE
244.3316856699513,19.722042561653282,50.80898754087647,343.1067145706375,0.0,POSSIBLE_PATH_FAILURE
58.50962284815186,11.018535587866095,2.334662905553052,3529.7031633459587,24.05165563836001,CONGESTED
18.9027254830571,4.266843082054699,0.0,8431.330930981656,98.54739510460456,STABLE
156.3408534018202,68.465536544359,8.365656119239869,3391.7221357896387,9.998108233398398,UNSTABLE
173.68241667120373,21.019623270764843,6.0241582491682255,315.094361962128,11.48578030471885,DEGRADED
30.491736214413493,4.238210036929705,0.17878532248266124,9025.616710042244,61.48332353212044,STABLE
24.74697088463202,1.3384602367893286,0.49420198829822776,7845.894492697637,28.270867108955994,STABLE
141.2608869049239,75.33368587366992,19.9263588105769,3393.554942390528,9.245924228465569,UNSTABLE
15.846427398203147,7.619688844180156,0.0538659317554466,8083.303015873695,97.78759092034707,STABLE
41.54340039311966,13.223996766664285,0.0,2292.2006948425515,30.123733169025748,CONGESTED
235.7168673872746,40.29355031752586,52.12977749466222,0.0,0.056814788380576076,POSSIBLE_PATH_FAILURE
11.391583214764298,5.960198407427832,0.7029784394737089,9920.025091236297,84.42712258626685,STABLE
137.00073621398414,17.240408981614262,8.169248366008567,1117.243315375552,11.05172556673233,DEGRADED
100.75646144699239,14.245909364220601,2.9638449889804583,3466.232073037466,13.046863961418332,CONGESTED
71.61941523030843,74.29301194953983,1.307328843558313,1743.0367490059934,8.329418401268333,UNSTABLE
125.074143796255,37.66880967359101,5.332470572920735,1916.7611649683452,8.906194937338853,DEGRADED
179.29634015502893,32.270605053368946,14.24658267431111,0.0,13.451609647333463,UNSTABLE
41.18650930892106,53.32055498263193,8.695690813579633,3010.0825692299522,22.05527362009206,UNSTABLE
122.48787748708973,63.9374807986988,6.047816813799438,15.407737833189458,0.0,UNSTABLE
120.52987591007268,58.93592275881584,9.330348440201522,535.2357850283197,18.92141671490024,UNSTABLE
80.45575260530981,109.61139735314384,0.0,2032.7109570110326,29.54919916733928,UNSTABLE
148.35959597096115,43.65511008951968,2.9579933682504715,296.41333827043263,15.03210601928732,DEGRADED
73.88660610922858,18.788142913519906,0.0,3005.585604357312,19.80080910171371,CONGESTED
101.3026356127148,8.75724914382746,0.0,3392.670261697255,16.790117653096083,CONGESTED
164.67347908645388,13.029886167272512,6.534267703177603,2095.183343951804,21.858478415911453,DEGRADED
23.16494261673308,5.2500878434160505,0.6307934374405327,6434.003864712016,59.02312828531979,STABLE
41.29247112028298,2.7119446798906472,0.6341176088093305,9214.997662513038,17.45804912768277,STABLE
178.31970828269854,73.9475853616498,29.653080591628328,985.8032250517397,0.0,POSSIBLE_PATH_FAILURE
78.31604473965606,85.83620384840377,8.547808055676423,2985.8609363351225,15.194258973057934,UNSTABLE
93.01036245851529,15.248135037515882,3.869213731992781,5336.939552761401,10.705199999631773,CONGESTED
135.92322401175892,57.42501438635691,19.162030843037638,104.92428588097391,18.60882715182649,UNSTABLE
14.960422585893895,2.979607768749908,0.0,7119.928193846102,89.01713359486317,STABLE
120.55930821403506,79.71331045591512,5.458906206269257,154.12931531974368,20.373303763787916,UNSTABLE
337.4671632347884,119.85434850831223,29.514427380585463,528.5938639767354,2.931714201428231,POSSIBLE_PATH_FAILURE
87.99569952328437,3.815076847417858,2.9242445386867804,6677.641081688522,33.546107473002536,CONGESTED
126.01647274815312,16.983314814200895,0.0,2743.796110129811,57.50827795671833,UNSTABLE
84.06120102499965,21.65107958243906,5.739809425947609,856.1303917119612,26.44763235523433,DEGRADED
18.40815128619939,1.450696287475874,0.2681488395162398,4397.409581767886,46.634988510908585,STABLE
149.62638381655967,10.350234245868165,5.697329282017908,1655.529621567518,19.039386294403588,DEGRADED
3.8012800560823017,1.6454516319814443,0.36123015626820115,9072.59892876323,71.29484516980814,STABLE
31.774118889776936,3.135826338338671,0.1848115660829027,12381.484774391363,56.240101238335576,STABLE
146.5330649394199,36.48620827928831,5.0304029937026575,1887.0658759590347,23.21042076126985,DEGRADED
17.369265755436473,0.0,0.14397255955869423,8270.565702117303,46.15827686743261,STABLE
270.36204985117075,49.841170551104696,37.34877849136121,367.7959998629499,5.381711549271412,POSSIBLE_PATH_FAILURE
61.13002971500555,71.45519945129158,16.355084455693486,329.8959659097168,29.715601080856516,UNSTABLE
159.784055048515,50.03066797036262,6.460843281490424,1798.283560980032,13.822057634333998,DEGRADED
16.820934513715375,4.110291363889662,0.0,6359.387518337011,63.046007450946384,STABLE
156.71823621179658,17.881116104949392,8.330023502326895,1686.7128663330984,10.528085564371072,DEGRADED
0.0,45.36721836426446,13.62152133412063,4052.462558129028,12.45702372325306,UNSTABLE
11.755187843087604,4.236381429330602,0.49866179844880465,9593.345259484617,84.008407998204,STABLE
196.8499653907922,50.79262212978225,8.963592274307217,5454.083934696902,11.018990962599691,UNSTABLE
77.90595151383027,46.00521031797133,8.150128574856815,1167.137525824657,28.954491210496613,UNSTABLE
185.21538936244764,19.4328224960129,8.374454078917523,2803.060698162252,14.50329456199757,DEGRADED
356.15947178398505,66.60356917263348,54.034665116595264,0.0,14.557518174630417,POSSIBLE_PATH_FAILURE
93.80799665045096,29.560714656638034,5.983220099855725,2617.102071653686,15.916609627374168,DEGRADED
74.78870423384213,26.91085667833877,0.7297996860739637,1756.1235709960051,24.885406654578453,DEGRADED
11.997883033981497,0.0,0.22353503923337342,6874.481562152356,55.86801478865007,STABLE
11.934010956926274,3.3403538863838644,0.49617420589502287,8699.786887328139,87.21803174954107,STABLE
327.07501109553317,102.07729397703687,51.743765719216164,0.0,6.802640086310411,POSSIBLE_PATH_FAILURE
80.72008044584776,9.59860314056486,1.2114012498211268,0.0,21.795097760927746,CONGESTED
217.15569369145604,34.22857143336594,9.465017320899035,1973.1303086605228,23.65938896185773,UNSTABLE
159.9138077961744,2.9430019642300564,0.27975603976833696,2497.8630086417606,16.32832492551138,DEGRADED
23.096200819091667,1.402388510214036,0.21686169592674556,8980.684297235795,53.277507947473126,STABLE
85.10943651143874,24.336958509191728,2.1014523012855557,1927.0830166250819,3.7700960483126913,DEGRADED
160.64091406352873,63.52259740954539,20.19477267996934,0.0,1.58855492865206,POSSIBLE_PATH_FAILURE
143.77592697460491,45.74798642530069,28.575185068817458,905.9719737921617,3.6256304265000097,POSSIBLE_PATH_FAILURE
20.30917278032699,4.130306757619539,0.0,9426.629854375129,68.04630782713232,STABLE
63.68564905021994,14.26528112139512,4.247400738414906,7083.241629912872,33.20684983671526,CONGESTED
186.31795530389513,29.023204782920946,10.348300235121094,1371.0083110360515,11.017787547025614,DEGRADED
152.0376691089784,104.02737213799334,5.314337772617554,3273.1629005877335,13.776221435165722,UNSTABLE
9.59413947487567,1.2477801515440847,0.0,7329.063291751165,80.12780955239498,STABLE
107.21439689501622,91.79586933751315,12.21813134580441,954.7365035677894,36.3250014596382,UNSTABLE
129.97298367228805,70.16359590032232,9.771725632332805,2054.5616042838283,33.986608265094816,UNSTABLE
0.0,0.22711549345961357,0.6438771120952805,9708.603589361594,62.12972389205363,STABLE
239.1961843014743,53.984964119438516,5.917511068712306,518.3101468773391,40.97138909010005,UNSTABLE
312.0907206148319,56.030695701521225,16.94726981384268,744.077525403609,5.138160925345851,POSSIBLE_PATH_FAILURE
141.17339526200118,66.34666385849596,6.97127548225637,0.0,34.31519542257966,UNSTABLE
18.203885861685414,2.8901302675941647,0.12211579059626765,9633.011275738374,65.04691662682895,STABLE
157.6985648110666,28.255678693726882,1.502096837360317,1598.1035906216346,7.276530762632749,DEGRADED
28.7142877794819,2.1757012430860647,0.08716874283212533,12557.73787377905,78.04734834270641,STABLE
192.91881144679118,42.1418067691645,50.83426831398175,402.4594993235914,1.347803590939297,POSSIBLE_PATH_FAILURE
417.8468314050133,140.48248375845512,38.54444462912598,855.7414117526016,9.51822208238897,POSSIBLE_PATH_FAILURE
107.84924787943093,17.185672308051743,7.8857335946252105,331.2461583897966,27.129007155449926,UNSTABLE
102.6353737801099,47.263253703591495,4.0741700579604725,2336.748522448787,33.594063052277335,UNSTABLE
209.33259253695056,83.17892342867056,33.69811507861919,0.0,3.7080795276167238,POSSIBLE_PATH_FAILURE
129.223968572007,45.661231065946396,7.049111249365358,315.9696291089706,14.28711182098204,DEGRADED
70.13852106979495,7.867967758064191,3.057962959127736,2230.1348317453485,24.55233541191868,CONGESTED
229.88900759870472,0.0,32.28266335109983,0.0,2.280064766244954,POSSIBLE_PATH_FAILURE
294.6132874284409,86.43499733925128,46.28863348095622,863.1873964263979,6.15768629140426,POSSIBLE_PATH_FAILURE
42.08854524900629,27.225734211197494,5.86802549731277,1929.4943738996008,30.654119192487542,UNSTABLE
31.553120361066963,1.1394706254598983,0.937473081720968,9170.252408594297,48.3736303606959,STABLE
30.02757825304604,1.2956823880688124,0.0,7169.980167735714,51.615186866534586,STABLE
104.3755855875311,31.248729348940493,17.97917404689637,0.0,17.23977858299961,UNSTABLE
78.88440526675241,16.0024011031497,0.45698890952321736,5527.586362407745,55.29022036382081,CONGESTED
221.28506324891734,99.43560862912054,20.6134824973361,211.4986325045806,3.3821530908031203,POSSIBLE_PATH_FAILURE
204.10163704115809,35.76545230983851,8.41201029144846,1338.5666269147996,9.146316178149053,UNSTABLE
158.49829725167416,93.87053669772337,15.198441222542083,2983.0472802583113,9.473591847628162,UNSTABLE
14.817201576337254,4.234563160984517,0.0,7111.148203148679,61.62775672850155,STABLE
116.48411653181641,36.44296535269312,6.238478921469319,1460.0345565397365,17.653884732893886,DEGRADED
408.77943611694616,79.93367042335525,35.88457307475331,0.0,5.848581838199115,POSSIBLE_PATH_FAILURE
95.61376748783914,20.727140921270532,5.50844773049889,1871.1440628184391,30.04859457718993,DEGRADED
211.24233923827234,72.26199217564393,35.11296874693657,0.0,2.6643891979007153,POSSIBLE_PATH_FAILURE
28.855420879643887,0.8678789486865313,2.0557930453527353,4248.992866910683,31.212390406109172,CONGESTED
82.27086780387648,29.799487071710995,4.861129902595544,0.0,27.60848872925925,UNSTABLE
198.82020858422445,24.238636126466773,0.30806714978121796,2367.530198291075,10.71007105153421,DEGRADED
42.14025867373212,8.139073745501225,2.2626431891208125,2118.811051805522,10.546461587164366,CONGESTED
24.460722014820806,4.658242142132106,0.3919808497402374,5640.252720771667,31.729828035036295,STABLE
163.66851269244899,102.16758476094006,9.941823459340718,2210.8176982213704,14.920110924302255,UNSTABLE
242.88931362536542,68.91861732106393,40.583707109213634,634.7756840623646,5.551976571984168,POSSIBLE_PATH_FAILURE
192.90943799176955,14.807579161015703,1.6385705049648607,0.0,13.022854243729002,DEGRADED
153.3264520745646,49.52094243750856,6.851430412980378,0.0,5.513495768351433,UNSTABLE
292.0940671170484,32.16690899206101,5.724693305258594,54.010419253959924,2.50855127463079,POSSIBLE_PATH_FAILURE
371.80857862408425,94.13050892807374,26.602478455546624,396.78459733358295,0.1352264515209507,POSSIBLE_PATH_FAILURE
29.40289464883589,3.6381896680471484,0.0,6233.543765530305,24.365350017977995,STABLE
3.1713022838419533,4.9986726649489786,0.0,9037.214688018988,28.080856807875655,STABLE
123.3290129500831,18.592605734177837,0.3156103731869546,3520.505262500859,22.497390886889118,CONGESTED
223.9856901235189,86.91078303391791,55.28965860145021,28.30357492204695,2.1716516344876045,POSSIBLE_PATH_FAILURE
105.0989013387503,13.515119461903284,2.4568379870393766,3773.992668733542,13.461953306705281,CONGESTED
76.9955066254781,8.850404911471925,2.647353497730067,5067.714531052671,28.63846518938677,CONGESTED
15.136920909266692,3.705254407834345,0.0,10894.441902340468,23.560835408638397,STABLE
34.33214506606173,0.9491797444441912,0.46813962378063706,11151.543805842408,67.65742270742942,STABLE
115.55726793208981,57.56099289322886,14.547790333733712,2147.463487694067,32.233995067230396,UNSTABLE
98.6180696267627,48.11202294264589,11.123221977203404,5249.689385208516,33.85800404631223,UNSTABLE
81.53884794903196,8.529944250830729,1.4005786479989435,3404.059382807178,15.068462114805058,CONGESTED
20.114512916706545,3.1128231343391417,0.28114561583305975,8500.920438305919,74.37243250782106,STABLE
60.85608202381174,24.901315286536374,3.0405143978384395,2622.5419063028125,16.690377076941225,CONGESTED
180.57142319157262,128.0700827309508,4.384437643067871,753.6255610119074,15.121706268752828,UNSTABLE
145.1523842143178,22.35957301928414,3.3240926328419884,2122.0420272999904,28.397221757751666,DEGRADED
316.50684894345056,39.07288290403207,66.28909912101857,564.1438213164154,0.0,POSSIBLE_PATH_FAILURE
129.377956316173,32.37054879162523,20.66153317352942,657.6863410077326,23.371893580083544,UNSTABLE
33.24460944756303,23.83737512868288,1.7326089532926114,3574.898627652826,10.400836414155947,CONGESTED
355.2126308254846,109.70553802540047,69.47069633959012,43.99506720084736,13.719302560658301,POSSIBLE_PATH_FAILURE
92.6725173750621,16.18933747757388,4.970567534583697,1281.7404721154035,18.250674966255268,DEGRADED
21.83234437221906,5.497515544821013,0.22481546055895668,8176.521156468264,67.79919888395496,STABLE
20.61704634050368,8.53487178406452,0.48125687652492727,7047.143769293053,37.56867877444682,STABLE
125.98757199109342,21.12935645701321,0.0,5364.2615874013345,30.16155332566974,CONGESTED
296.0487953353916,92.20013366540337,27.45400500431093,1491.7401094794266,4.2565658006721545,POSSIBLE_PATH_FAILURE
30.659802307876436,4.831860604559197,0.0,7182.687602674608,59.494114688700954,STABLE
164.36285304234084,24.201316112262056,3.577286773070158,3519.9857333562495,12.006229262634868,UNSTABLE
68.34489590144938,31.46350913879743,8.509443354257279,1744.4606287910074,12.867867685275947,DEGRADED
103.4009805004819,23.40263663349929,7.48422797764451,1963.0045134969535,22.74737230608191,DEGRADED
160.259216849724,51.39898733188332,10.994821313547703,1230.9070957004815,56.28691655176947,UNSTABLE
75.72957086960433,16.17798528841029,2.21959064906443,3919.187201329206,50.49215643856171,CONGESTED
275.5195603153465,81.02210702586473,27.681286840565072,1505.6277040222585,0.0,POSSIBLE_PATH_FAILURE
217.04899009664828,95.98767989326046,27.82461875669492,863.1661825408469,10.76173776915845,POSSIBLE_PATH_FAILURE
97.51166728064447,17.03496906528178,11.312270880239247,2727.1214545715957,0.0,UNSTABLE
296.1432946697453,117.11118971903565,10.23223956509769,52.82566668194738,4.8221102261173785,POSSIBLE_PATH_FAILURE
164.30645980664278,16.464688168520013,3.8245538523999665,1230.0421803153145,14.799411504401059,DEGRADED
119.17158315848894,26.64673535744455,3.7832508772065503,1704.7351381572394,5.801354446912256,DEGRADED
207.3743312355975,100.11525851234478,36.00610986412897,336.1725464833753,0.0,POSSIBLE_PATH_FAILURE
53.806808923042155,8.618512577376446,0.9005460453826355,2813.671866715833,14.761278821325657,CONGESTED
211.21453764012406,42.9911470452627,3.3649319602496934,2591.1693879579952,23.050806499035076,DEGRADED
20.69381135132779,2.5271071600709734,0.0,10430.239308996204,75.7038461345924,STABLE
25.38034439928251,4.921468615188928,0.4218893614959687,8141.160702935753,70.1099208841655,STABLE
52.42014838844533,117.2609967469999,16.67872735611331,3149.1787209837985,54.40736136362644,UNSTABLE
206.44952269302806,113.97416889610452,35.640168919266365,0.0,5.89672727863359,POSSIBLE_PATH_FAILURE
39.69206429270106,24.83809046434628,1.1191954622793965,2666.799484234588,26.360153390690275,CONGESTED
65.1142086680675,52.26606238080426,4.6703192086289995,4158.2220698400015,0.0,UNSTABLE
316.68319643111914,78.09021461314268,48.55446810500894,248.11795503408553,3.423742156199456,POSSIBLE_PATH_FAILURE
3.1853104445149683,11.004540869393521,1.1675168315537519,3484.342933984098,12.552373618236278,CONGESTED
213.14832255931816,76.71670039266797,0.0,604.0064812064895,25.2150509406501,UNSTABLE
306.41084380565854,57.84721929166586,32.1353408334677,647.0918043073568,7.694712949722363,POSSIBLE_PATH_FAILURE
27.43254171203442,5.553961664396087,0.22103394761996492,5110.401470837663,63.74935344345055,STABLE
94.8518292501474,9.58541473259,1.4965140796831258,2760.4755258214145,34.862889587985244,CONGESTED
61.566394701517446,9.355695454166607,3.1995846117819857,2154.2536833611643,30.38971755644915,UNSTABLE
23.323495477625883,4.573222683225424,1.9767534787140266,2680.814218649558,14.349885759058147,CONGESTED
21.424257360705653,1.7527986214835747,0.0,5597.457680231326,39.177537281024186,STABLE
236.58492388450125,99.75878541894008,30.150758885796172,539.082090725007,6.492287584924432,POSSIBLE_PATH_FAILURE
410.65003382716736,65.78472437613098,32.649188783779636,808.4258093178325,0.0,POSSIBLE_PATH_FAILURE
143.95906226676237,34.93092782101191,4.221834456593778,1388.2822170773566,0.0,DEGRADED
165.8082331554496,23.032713582679634,7.844838122656105,2159.258437597614,18.431920058078717,DEGRADED
48.104001149422714,11.644910562538698,1.283553296966032,1118.7135027742747,28.560630937410448,CONGESTED
23.28662002282481,4.00609733675373,0.5288192699171541,8622.079048273627,46.02473162370369,STABLE
117.18352365639868,17.293185839659067,0.8216090569322926,2030.8053920830212,34.2476010190543,CONGESTED
134.8073537103904,25.400830816870535,2.9567889656991273,1241.396323799578,23.671306339641397,DEGRADED
52.287212829527036,8.407041927259295,1.7516626971207883,6032.827746290572,38.656611229759235,CONGESTED
164.14850988511068,23.683009381748786,3.2756923442513357,1734.540272749645,17.15918643010191,DEGRADED
77.6852691623506,11.73145415258523,0.14784197068807092,4476.396208147864,36.50480261987119,CONGESTED
0.0,2.1200245909405826,0.1012371804922976,10445.387292161304,74.26095130409067,STABLE
78.49564903594285,47.89881159293158,14.88930789615993,855.9104435854279,10.917486891592574,POSSIBLE_PATH_FAILURE
69.7106175987421,16.08353556226335,2.377281867048894,781.1997863036679,9.869019033826351,DEGRADED
33.29832857540036,41.66212350035182,11.452070175900662,3109.059411071256,28.256925852193838,UNSTABLE
91.96864218391306,34.48614053519545,1.2059231009000637,819.6957119469861,21.350270084874385,DEGRADED
117.87678257907386,40.25545316724952,3.0606843167308484,1239.847405582588,15.069676119941674,DEGRADED
188.96030920489372,25.084905020641425,8.973967029645895,1838.1128302705488,24.745872734852135,DEGRADED
113.70110734944443,74.95226741002789,17.441324172203355,0.0,24.230791444139435,UNSTABLE
86.33882173737678,29.77444709752167,2.6679093158188376,544.985728684976,20.823752303724856,DEGRADED
149.09977258154254,46.7825798173897,13.096374076646848,1406.2688040882422,38.88447301515691,UNSTABLE
44.34794997671711,16.27458071095822,1.3445635368751296,3834.8308203825554,18.030636040076875,CONGESTED
204.2486626958114,20.865172676202732,1.9387797317335669,0.0,9.70829034580148,DEGRADED
139.440325136807,30.460960954529618,0.5654693841286988,0.0,25.602054248160965,DEGRADED
53.13531588644908,25.45296977073296,3.595148850344893,4165.739038402549,29.487642462795726,UNSTABLE
71.64936257765008,13.219282573768155,0.6418308858205432,3855.020979332682,27.96823442504676,CONGESTED
266.4824837928826,73.27552933063514,0.0,709.2096993051565,0.0,POSSIBLE_PATH_FAILURE
288.25274596710966,68.55557920014388,50.08576745890621,853.8118524998692,7.260375858593506,POSSIBLE_PATH_FAILURE
33.768962983717095,18.915495473408352,1.5356695941948266,5965.326564262288,13.873394640718928,CONGESTED
189.70177736481878,79.36737516173194,25.42628946294368,123.02809648709905,0.4944760423948509,POSSIBLE_PATH_FAILURE
65.27827876738809,12.976312410196819,0.924117110790047,6620.341469195799,29.578083453434147,CONGESTED
241.9292205631916,44.61172046477682,53.98976866362946,702.9368065242611,5.235360754314508,POSSIBLE_PATH_FAILURE
111.8919008280324,35.633801918152926,1.0802724002763044,2125.1482209560213,15.95804061991881,DEGRADED
139.14701475880867,71.76535214471073,2.6880949748571945,3557.2157202006874,47.18687257003919,UNSTABLE
241.06148518572448,65.9884156179763,45.06146761916315,510.7524291048969,10.397728202253052,POSSIBLE_PATH_FAILURE
287.58312633381985,103.80455988243341,23.93321610534089,276.6633022244195,5.672650415788561,POSSIBLE_PATH_FAILURE
102.2794270214059,35.14316213730076,4.672136269711752,281.85758567428206,6.562553481896545,DEGRADED
107.90062811373812,11.879897819814447,1.977305371290421,3436.3978058708926,27.87968977615863,CONGESTED
19.138993481789516,2.7736631805422056,0.0,10367.805763598351,56.45450677032001,STABLE
187.53666157258255,30.072719177324682,12.181062757848919,1527.7959121562894,7.328303310409339,UNSTABLE
102.62526222116063,7.61720244654629,1.4552119451403167,2237.1406864010155,26.018529239928522,CONGESTED
29.87405145046401,3.9787678778768183,0.5262363860445394,9228.234430438637,29.83253225336306,STABLE
86.12513085308316,18.39324480706195,4.651798762262945,3056.2588727154525,15.767995098756668,DEGRADED
157.600114296197,58.81648718789502,12.60218991542407,1993.8249736950743,21.416835908906705,UNSTABLE
89.1670091259608,71.11146469333215,8.808459339345,1266.388903658864,25.60009431423519,UNSTABLE
186.3579242632784,25.11849695462202,5.766098353041678,1169.3283998080458,7.853386413016452,DEGRADED
71.90236197306291,5.800312635979486,0.6313528142072836,4297.474113660634,24.332237405843586,CONGESTED
20.120531806018256,0.31928758395759216,0.43304230965954393,11189.138829633252,82.49591930342476,STABLE
130.19062873967985,35.14635843531326,8.968151263324707,4033.2845952727284,0.2616188681976759,UNSTABLE
32.003062582593216,3.7884752988840615,0.434638471728422,6583.016197084913,73.07365417622637,STABLE
8.379204872657128,3.2598597083321477,0.0,5445.681632406344,73.25196300850502,STABLE
76.61358800282258,64.66294838581133,12.064040904129627,2030.3709418896426,31.46483239852426,UNSTABLE
28.38489203736345,2.2406269497148776,0.5400706108626875,8837.385818202978,47.007887347966715,STABLE
123.63780538387668,36.030213923609,7.823853837350171,1485.7991786524644,8.42380364249159,UNSTABLE
156.02665831675262,76.81421702289262,8.62075877597461,2977.2380398214864,39.01001636625927,UNSTABLE
121.52340560356339,35.58316492467508,10.760884715696566,840.530087380763,19.38055052945987,DEGRADED
189.25334109566572,108.54351412323311,41.269870715830635,907.0010245610657,6.691383166563012,POSSIBLE_PATH_FAILURE
64.64388641572724,21.775188088853348,1.0557851872559154,5015.506998558726,32.459108993743634,CONGESTED
239.76961111755804,70.91914973545506,20.66634720204628,0.0,4.229103774110848,POSSIBLE_PATH_FAILURE
316.0238189554278,82.29611709173986,28.98573755959367,400.36524602256713,5.412520430322266,POSSIBLE_PATH_FAILURE
320.7465719509991,92.63200396500412,9.96218445064908,376.14836962219965,2.121916075819165,POSSIBLE_PATH_FAILURE
117.29746261095444,14.756310307324473,4.471736910321112,1413.0523019386605,7.867395984040591,DEGRADED
88.70922861384692,45.57880442890282,9.27639251974828,1450.2132905682774,28.87044397845486,DEGRADED
19.330468271017992,2.6592231532877775,0.1491347852898668,5445.5948273822105,87.46349835777295,STABLE
138.38278990092465,2.923799068936752,0.6132232756963196,679.6738486893273,23.54584217648302,DEGRADED
209.08562327629568,77.95250351865008,48.60459549458456,690.0023386558203,3.2301291096336247,POSSIBLE_PATH_FAILURE
83.24187521353039,26.522313398268007,8.082342396577213,5127.548146330084,24.505398988546315,UNSTABLE
8.72219235108286,4.318968428503792,0.0,10322.068733461532,4.560887387481436,STABLE
120.10765977569781,44.99906475393306,3.243913086190978,1573.7345296172782,23.724963420417666,DEGRADED
121.75203911369577,24.12112624433404,8.905978054223365,362.90527810450703,20.048037306043184,DEGRADED
392.9097381536822,52.61520338131922,2.2838889696387525,0.0,1.2287562525207352,POSSIBLE_PATH_FAILURE
15.296273457072045,1.5492169559840492,0.07683980359549555,10558.227665629927,55.30646368155478,STABLE
174.44722699212036,99.54814660912555,10.875290024254282,2464.8042768389887,36.454551768572856,UNSTABLE
132.10583285076555,45.52976272915848,10.06046346368498,2461.1952599413116,26.0481658990404,DEGRADED
113.37557499434689,17.07590507854075,2.049481116609491,5766.159492029783,33.81071089303474,CONGESTED
134.29825363104186,11.249126467733042,2.335026907232133,3922.262842814797,36.96290341260172,CONGESTED
160.25329632898976,79.54139086547056,10.665363535502618,6275.326630988782,5.072628015079513,UNSTABLE
123.63158450242257,28.175202802566577,2.625876792303751,335.45554605038,15.396753375968661,DEGRADED
23.358412569330238,1.114640170937319,0.27699031432445886,2264.99345576878,23.62484461752163,STABLE
130.06985253801315,28.049909665373875,5.627830102337381,44.07586351050554,15.00161713876481,DEGRADED
113.07724736931274,21.507601138821176,0.8175361690519738,5316.913377694724,18.432487804907275,CONGESTED
285.8560773276164,10.332968119472689,47.88946748529263,917.1033794775684,0.0,POSSIBLE_PATH_FAILURE
90.80178012061513,11.990772298238873,7.032128887926388,1285.2066471173273,13.231850530447664,DEGRADED
7.201590423599795,2.139083333076084,0.0,8656.93324540936,57.51334358302198,STABLE
154.57822630344538,31.561368281408235,19.74867313177736,0.0,4.599817639465876,POSSIBLE_PATH_FAILURE
151.55615764459466,18.435218177803844,6.5758316194936715,3503.7662090758104,12.055884034262403,DEGRADED
15.28475192550051,1.3810273622144673,0.24235070564979205,9140.358350610419,86.0946339964304,STABLE
282.54828664092065,47.74115501404934,81.9653477695908,401.5009067962428,1.8415635791214395,POSSIBLE_PATH_FAILURE
150.99918496883916,103.26583444172013,10.70330890879861,1837.3266579258345,33.3819032947536,UNSTABLE
174.90499125485667,14.588555891383635,47.027706759780976,0.0,8.807194992738994,POSSIBLE_PATH_FAILURE
65.23200305479743,25.427691809922074,0.2667276480194831,3262.792718681135,21.184622236026968,CONGESTED
122.56562524703229,2.637307525555478,0.0,1720.019009746571,9.901242042572392,DEGRADED
73.03060459223391,26.880937946910628,1.2934686822619543,5241.392828248232,39.23912558626527,CONGESTED
110.57485865703072,25.266241435441035,7.070993015013846,1562.445335524005,7.191899721967175,DEGRADED
0.0,0.0,0.40629574535270385,5260.849372811582,43.87865054096871,STABLE
24.517686009409843,4.462984815881869,0.32609684893283875,7306.149967732753,66.493633064577,STABLE
118.54461879957816,81.62521472975479,35.65065116644374,821.5716080091057,6.752916393384776,POSSIBLE_PATH_FAILURE
85.6436135772397,11.725427610341164,1.652487194915411,5220.79749015222,29.919178920710753,CONGESTED
15.172098412753552,4.097965748153822,0.046749632284095344,7853.9793136171065,87.49497366461308,STABLE
107.16114419250651,16.359320338307494,3.1282331276512765,2501.2786653262133,23.74340103511439,DEGRADED
65.8558770836532,0.3828638384430594,0.0,5110.22778220657,4.354801554358989,CONGESTED
297.4403662372343,24.546469577887905,16.521522606833813,663.207737745551,9.921595495247907,POSSIBLE_PATH_FAILURE
243.71029431006886,143.90906963875327,6.604030547921971,1439.4173756606492,49.53069648629042,UNSTABLE
75.24198272728724,10.072140536772704,0.09780010382480842,550.1966181825451,30.426069963856882,CONGESTED
23.043667290302597,4.679845210265595,0.3942722309185057,8239.148487705195,2.607599502900868,STABLE
118.40239488267586,66.24629295413746,7.1608557629914085,3135.9422887446226,0.0,UNSTABLE
186.70419953090735,65.48716463658722,10.69054252356009,2298.5716247887153,28.615997812642732,UNSTABLE
15.411595068506994,0.0,0.2462239976446606,8674.014402701174,40.282500500149084,STABLE
156.13678044477405,37.44844199733147,9.772552163305582,362.6328583308866,9.50516174173414,DEGRADED
17.441679286591768,8.625298496477447,0.20900196155928205,1317.4243229467502,50.25768379204746,STABLE
258.6784746911811,115.75452692052824,10.425329778123025,243.7304392013516,7.6067701080482895,POSSIBLE_PATH_FAILURE
64.80444528199058,7.083426140410215,2.2848115681792045,2845.744992869618,24.44276791902363,CONGESTED
103.19115626904218,28.752662992748654,0.0,1442.3624784140768,13.448584789363721,DEGRADED
34.933891016063214,55.21501177656286,4.969570379914736,2657.0854005231604,34.0645521528337,UNSTABLE
302.4109636682135,57.245982517532866,35.889181667358216,330.4421059124427,11.908410824912174,POSSIBLE_PATH_FAILURE
274.6084454109934,83.89122133098905,16.373993701243442,1010.2347458121773,7.439785610687806,POSSIBLE_PATH_FAILURE
99.4741526912199,31.901929036497997,7.445642170962763,2718.608161742034,25.28359710301374,DEGRADED
284.0002055973187,70.62258219581544,52.81494132629369,96.27935865413832,6.501960913931466,POSSIBLE_PATH_FAILURE
88.61021834244288,12.839004570089891,0.8470773820631856,5139.2735239852955,42.33630958068437,CONGESTED
135.3312395645703,86.87481192923308,0.1007882975965142,3018.8675110972954,45.325545962714685,UNSTABLE
249.25906441243663,29.839461542455528,15.615594011252247,3746.360262216469,18.35456848940757,UNSTABLE
236.6982126381501,102.23610618423632,53.20631583592598,665.6582274629843,0.4418021611239009,POSSIBLE_PATH_FAILURE
274.2442901309508,71.04788828369527,40.03488130925366,29.36850300977403,1.7319126101340827,POSSIBLE_PATH_FAILURE
223.12424233614075,82.22555866127252,62.57006839499056,69.09278182990454,6.309034942385664,POSSIBLE_PATH_FAILURE
158.1758934859006,61.363024974765324,8.809470210755942,3406.0465288459422,26.11636838470282,UNSTABLE
320.6933096664645,59.873522638718214,64.18035157051074,537.5841046539872,6.721516082028037,POSSIBLE_PATH_FAILURE
242.35858595032107,90.45045760564282,43.881614597554204,0.0,5.106141129147952,POSSIBLE_PATH_FAILURE
304.27648156252764,49.67377397989181,28.0124748273346,592.3839069734012,7.289334898755437,POSSIBLE_PATH_FAILURE
12.058637099745761,0.0,0.22834099754589146,7444.98119024578,64.5793987132878,STABLE
298.8190084757481,79.23144844666184,20.200268484354204,422.78163579741783,5.753885085671202,POSSIBLE_PATH_FAILURE
128.4481124997415,89.29701894626149,40.951658166193994,0.0,3.7924528317685455,POSSIBLE_PATH_FAILURE
14.612286823822568,0.2633314048977651,0.0,12457.180597601835,75.91442161761098,STABLE
333.1719840235279,76.63358590773065,42.79727295413208,313.2690261606557,4.711759339743507,POSSIBLE_PATH_FAILURE
128.5715956409046,54.21762975354174,5.8532495256286525,0.0,0.0,UNSTABLE
93.61748495009127,38.69106052662835,4.733767590094156,1946.0294300696255,0.0,DEGRADED
34.07481861313717,2.3520304490071395,0.6233950957630137,7128.1259400477065,54.0102821841677,STABLE
92.29743938767739,9.809412143935475,1.8473847184935028,1305.561647874305,18.610341689738902,CONGESTED
121.21758660304022,37.507353945413776,6.282830698529407,1117.158511567321,9.345966399343101,DEGRADED
114.2525286430612,13.151978259040042,2.2334482558697433,2482.787941346932,28.32671750563054,DEGRADED
109.44155051583132,11.14824370608217,14.124743495324871,1403.7250370393526,5.783115072744836,UNSTABLE
83.53195256369072,77.7676987825024,10.345482788736152,2566.361848238794,5.96867594086822,UNSTABLE
80.57589936826001,9.66913904629072,2.042425962941072,4534.076490461209,42.57741371859423,CONGESTED
354.58253731368796,74.68882205102672,19.646966811652476,704.832546417972,9.63034020933537,POSSIBLE_PATH_FAILURE
130.84427755540338,16.287846577031694,0.6302536549784454,2608.817733218435,22.080325148158007,DEGRADED
154.00358221050408,18.278612841497925,0.0,3971.733568822204,13.619039705369836,DEGRADED
83.63105511071142,7.110184160003874,2.392682248457384,4816.214723384435,12.826655868528826,CONGESTED
113.03942293242287,19.354538692341727,2.8233386967930874,561.4657243956322,2.117261358310593,CONGESTED
100.77054461468774,26.520588181278576,1.7860112051188954,1094.0235865536656,16.22083917470967,DEGRADED
88.02957661884855,29.641501072987527,0.0,1310.6491044982947,14.2075478839613,DEGRADED
98.33958796169195,41.38035549256848,4.672281976259009,2272.0007860508267,18.980754811966964,DEGRADED
89.65809170728949,11.036273159275384,0.9619722479128535,2757.083372994412,20.70078910345002,CONGESTED
73.59205243084256,25.060043556127148,15.96921501336482,2037.203329061599,41.655967815672845,UNSTABLE
146.5819342790012,42.77503455227215,3.826594247691024,1699.7817559389039,20.179638889676006,DEGRADED
151.86653307399635,23.962448561449925,6.727629910257001,1273.1970520819218,16.490026002050236,DEGRADED
133.43445676652965,35.27293550449208,0.0,1855.8474764067419,7.281851743126165,DEGRADED
298.49863535615975,14.264833722945184,18.236141862204114,187.09017374647766,0.26263405642856963,POSSIBLE_PATH_FAILURE
160.97547147693726,6.536135391110591,1.140362891229973,640.8038839434553,21.06565119908898,DEGRADED
13.724124635630803,2.1807021432639964,0.0,14300.201927626973,60.0991339401814,STABLE
157.07091179143907,33.969033937078486,8.083494765296887,2868.8760761834274,12.604664458422583,DEGRADED
189.6960915838058,65.53059611501928,29.767478330784506,645.9357568283672,1.7497286968189858,POSSIBLE_PATH_FAILURE
34.63302891219562,3.585867646994583,0.1789961423561599,9571.151704330803,83.91968356763539,STABLE
140.5054608814587,44.83496919391388,7.533239064802544,2483.735088415717,24.041522027332363,UNSTABLE
147.14878691624588,30.47713747583942,4.414614667681491,923.1671314386255,12.927334371177649,DEGRADED
115.35136712738695,48.43474447633957,19.23494441144834,1887.8588443818708,0.0,UNSTABLE
154.6101808133182,36.43201821934095,6.170658081752417,665.1252481502388,19.903056157222434,DEGRADED
157.7308737836874,31.946814031416782,6.119457420357236,3790.2900954768884,18.190393052360307,DEGRADED
18.823891445748792,0.0,0.18117599480939742,5523.718915923513,0.0,STABLE
105.48658682037384,13.437952179353752,2.1309782389858194,3668.5895257607376,29.736964566008943,CONGESTED
23.74386451706263,0.0,0.1779564015228799,8261.958232198347,58.881260118791545,STABLE
191.94841986643934,16.15741646547962,3.228012942428059,1659.622113294404,18.928208153152642,DEGRADED
286.9297435334444,19.169466453661485,42.62803581338372,431.79180826747614,0.7679737089335879,POSSIBLE_PATH_FAILURE
53.42584882575616,15.964633238495601,1.9626705666581663,2912.1131661261325,34.17932916486289,CONGESTED
343.15777318281965,9.764805309419387,24.722335514188803,0.0,12.410154809226462,POSSIBLE_PATH_FAILURE
144.64191189996714,28.161140985184613,9.028977957291882,2287.118426712351,32.34669536343023,DEGRADED
29.998242469102948,1.3668497850888501,0.03994414229513624,10292.476180402855,92.32563507127452,STABLE
80.87299198799866,3.439779330003141,0.943194735703929,4668.646042030809,35.052106455554224,CONGESTED
0.0,2.5266823506961993,0.5480278539930652,8873.531496416424,62.2538240083108,STABLE
13.71933916274626,6.180437611243558,0.5050931144713569,8587.889046050588,75.41963178386297,STABLE
239.88639188516692,80.84747321138843,40.90937922628093,236.83763506942125,3.4724223512954806,POSSIBLE_PATH_FAILURE
77.51671619336437,31.070336388280815,3.246376601506937,3011.1112031073217,2.8426717360878087,DEGRADED
252.75592861147237,53.989577227210084,20.05964988891614,579.8755703931677,8.698570114778377,POSSIBLE_PATH_FAILURE
222.05693221758108,49.49750702654784,66.85247758974046,160.794918699276,7.949721665476098,POSSIBLE_PATH_FAILURE
111.41822551995098,23.620714435204274,9.071588192755936,1865.0420371160471,23.66856822561525,DEGRADED
84.1664899531778,97.50045119354763,12.175224827159418,2334.212577850105,28.365573240454587,UNSTABLE
64.07756102216766,15.252327903292183,0.8626293499708932,3625.739882201873,20.168472075185786,CONGESTED
71.94101441317925,19.150028613747825,2.4171434308440163,3980.225322430403,27.472231242748595,CONGESTED
23.912646599332348,4.930340985457332,0.0,6692.087189929518,67.86281806294849,STABLE
244.28745875200417,100.58759252770565,55.5694443486923,0.0,0.07541402176334788,POSSIBLE_PATH_FAILURE
94.79248203455131,43.270397607839506,4.785007834289527,1310.812906812114,8.949631591683492,DEGRADED
3.1266556604197007,3.515280841842321,0.5271979808264396,12206.982140256783,42.90330166134433,STABLE
141.93656780601555,46.8178022154861,15.753038895034146,1386.6209994503436,26.144328888931746,UNSTABLE
165.56779206653206,57.081543099387844,7.060162668030095,5.4649200578946875,25.034297877618435,UNSTABLE
103.09687663842007,22.61774328571346,5.381496683855099,0.0,9.242190541412665,DEGRADED
67.9778386576217,9.17052624210491,0.0,4739.139896999814,32.03675518754648,CONGESTED
165.4703522086521,82.21352163578916,5.6847016203919445,0.0,8.392836208308985,POSSIBLE_PATH_FAILURE
354.05631252074875,49.778974961550645,46.85249641607962,869.8815410159198,3.3418910442935594,POSSIBLE_PATH_FAILURE
195.84840801833494,14.470175161959876,10.187459686059054,1541.934750395431,22.43347066484806,DEGRADED
295.45902593301827,141.17254102238712,34.57520764731749,1363.9631450763538,6.199535117574448,POSSIBLE_PATH_FAILURE
209.387818291643,39.09077783140707,7.11284906119851,1491.6312591973674,21.058478416733493,DEGRADED
95.40584079448092,31.62836771502382,7.894379709094469,2157.2464512759966,18.327375186575352,DEGRADED
63.38070572738165,11.708571067204376,2.6016983524204584,3015.751111439263,14.607535417602897,CONGESTED
201.04755890842202,16.617342445969832,10.033200371067418,2431.79227494334,31.93407426009736,UNSTABLE
64.61091563343545,12.080411149308231,0.6174632169121269,7098.879077666183,44.96168820634421,CONGESTED
179.27713296831487,38.98084905001707,6.013892581017142,341.75372389551535,11.644312879886098,DEGRADED
120.45663859480464,20.83003980402527,0.0,3792.663765647105,45.41904846215186,CONGESTED
50.73187121254478,18.99928023448325,1.3595080067022778,3769.825935303099,22.44472159408968,CONGESTED
2.7653659259458188,2.8729826511234626,0.21948292626522278,11487.38899391666,67.76273846616358,STABLE
123.34552100592498,31.3933569314606,3.723170769417723,0.0,29.95501114740558,DEGRADED
24.50317278043813,3.8389297857064966,0.0,2135.965337556554,55.150064158439335,STABLE
112.72682721235994,30.869618347984453,0.1816829306285319,622.0743258592425,29.21380860524893,DEGRADED
50.97415240933036,19.678128094027,0.0,3322.4569209163496,30.97823913372035,CONGESTED
33.53585889569398,1.4796198227621888,0.4529522930068007,9012.96612164755,72.03100004687839,STABLE
21.19225861127392,1.3817480301179204,0.24965463860502873,8655.29452764441,60.33501418143484,STABLE
67.59045466103782,12.612543749328491,1.1660879539589049,7553.4334103536185,12.397283858399689,CONGESTED
8.58061773857596,3.7290500759856045,0.0388418617959746,7797.708334564648,50.582522405684784,STABLE
70.35974232880581,2.2367531606974325,1.5077042862292227,2291.9640709210853,38.105393753983215,CONGESTED
91.60109065185576,15.225178969163661,1.0287149061245193,5005.156608225563,21.785849186289575,CONGESTED
124.4238900184454,22.871903743662312,3.172495365374833,1024.1108183369518,0.0,DEGRADED
294.99074091897415,42.63849225913383,29.796349210331275,844.3142214515381,3.9269911509470736,POSSIBLE_PATH_FAILURE
82.95462206961254,12.454370148410465,0.23035151834485101,4220.54613169764,27.49768955121947,CONGESTED
79.95683039724187,34.50895289428982,0.0,1113.5869572543634,23.879880216888527,DEGRADED
157.1631385251493,8.508087729433662,9.70476186218702,1195.090065565454,17.870585717907474,UNSTABLE
116.2713408572817,10.938336712671973,1.9982879070739452,4481.491697876987,29.66121423219838,CONGESTED
231.02501208348679,71.23097888926236,9.103043533927265,3486.124952261788,4.061093379154663,UNSTABLE
372.4455662718683,27.866720714781593,55.20789232212026,250.87275254119606,11.017341477961633,POSSIBLE_PATH_FAILURE
79.61073594049147,4.079192100135004,3.467926808238718,4181.302385513657,12.717648094738122,CONGESTED
131.00989947635614,60.749402875586846,13.097976292175815,203.1855942738166,7.960569234764627,UNSTABLE
266.04465623157205,100.89702144786281,55.780554457866046,56.24521658637491,11.056198034996164,POSSIBLE_PATH_FAILURE
152.88553039586031,32.772135580548586,3.679964702131895,2400.220106175083,10.380426607147704,DEGRADED
90.7655886884958,17.43874872487418,0.0,1024.7601707205276,30.43483997287852,CONGESTED
63.066168451724515,15.369833232846212,0.0,5817.432074927249,24.23251300196495,CONGESTED
178.8153076010775,21.79676041411383,5.008031382529674,1499.4298528118118,11.920409492975457,DEGRADED
37.94370054600359,1.0017102173379755,0.0,9600.1787816052,51.14947068922336,STABLE
56.804771341002635,15.604863294178621,1.1300929063859089,316.71464199370575,20.975077338165715,CONGESTED
144.3601614993842,80.8202933419191,8.054027900788714,4377.735956925453,23.365525093507355,UNSTABLE
29.169537520990872,55.587755400861866,8.463967518453456,2387.4428397555926,29.519900902893223,UNSTABLE
99.48893324200856,29.637903928068706,6.527361158398278,1874.9892586127917,17.305883349738874,DEGRADED
51.36858416406814,19.88108649252193,5.126486039108043,5615.555311791817,6.17325419217385,UNSTABLE
57.921036117567326,6.377949428425465,1.615352627270767,4327.54045900788,17.347197395200922,CONGESTED
67.56241927708108,9.83803447544408,2.761095240945596,927.9112994968982,9.411231761726647,CONGESTED
92.72653769512743,8.482795940526158,0.7405264256868908,4693.789501467709,26.834252859961463,CONGESTED
136.01903688034457,42.63640548467123,4.641677685369507,518.0726956438608,27.962357353512175,DEGRADED
51.8545826316694,5.702551040790262,1.5900137068151785,1897.452231402866,36.947670444407905,CONGESTED
19.39748153598713,4.57873311133941,0.8191683606970004,11214.214134131831,27.018673372816032,STABLE
253.80115192833907,75.45157363121463,79.47735000940196,261.21295517465876,0.0,POSSIBLE_PATH_FAILURE
195.12450127551534,3.7701995845674077,0.9772782192704117,2706.5980686820753,12.535135789120273,UNSTABLE
172.69932865058445,12.255569473228137,4.106949543379338,415.1436063799749,31.41847948532731,DEGRADED
21.58539691076714,6.240140618272102,0.2635141352511791,10527.102577841722,71.56796396033678,STABLE
63.549123889074664,31.452825661171836,1.9510451296137408,1115.9682974674672,20.805756154352462,DEGRADED
0.0,72.08758360800138,4.904550239392684,164.8092719858564,0.0,POSSIBLE_PATH_FAILURE
80.97041308404242,9.100615752207236,2.6120041977311272,4666.4810746658595,41.514594781340186,CONGESTED
299.4954894498602,91.96245542430425,30.465603109601783,427.5593174534951,4.3744042416001925,POSSIBLE_PATH_FAILURE
27.242826774562282,0.0,0.14675675387192377,13464.051871553263,60.56510743020091,STABLE
85.90114593689461,20.87427784025239,0.04959901271344336,3742.3625373155996,30.883698958195225,UNSTABLE
449.7284500984424,45.564013084661596,27.370676064740667,154.55986198408144,5.666417424080661,POSSIBLE_PATH_FAILURE
118.17632067129368,34.510319086178086,1.0633051412223464,1332.4753449116822,20.388328890825917,DEGRADED
190.59293126243958,43.07388992478133,8.057114840049831,1474.8476875810618,23.038117825018844,DEGRADED
78.062721236139,54.663907470214326,2.777468880713447,2621.728238528579,9.370872600783876,DEGRADED
329.5156889245745,54.80579997655704,31.31853753272437,88.99482300315373,3.596238209090986,POSSIBLE_PATH_FAILURE
110.29640170845687,7.113486831726412,5.899303161301852,2257.829656236787,8.177389968828411,DEGRADED
132.08373804940499,44.71756115019441,6.443745860177236,2393.5130929089455,19.451201581440156,DEGRADED
43.276531003460846,0.4752214022856691,0.9904222263244999,9740.251474058176,56.2250259627125,STABLE
90.03393090888872,5.229386182171675,1.7101793008629285,958.413361129597,20.854212562683983,CONGESTED
104.08778354819657,49.56787764716431,10.064255069736982,2460.779960874871,15.875935688055275,UNSTABLE
317.624198841961,62.65244576725511,9.184865434584975,239.5580090537346,6.414980971935334,POSSIBLE_PATH_FAILURE
462.32312709128473,89.10709472372406,46.741788578692336,0.0,7.093459423689184,POSSIBLE_PATH_FAILURE
4.768558652754265,38.60794675231103,5.09834677900118,1631.6279456274924,29.2762566629293,UNSTABLE
65.46950434236301,8.746888389543969,2.8599759234698516,4992.475931682417,28.727642771083367,CONGESTED
23.520344718029243,7.468772492395364,0.20377355070554998,9718.451774108877,69.03844566787298,STABLE
194.00831135288217,67.05414370624146,14.49339477435258,4538.416507772736,6.017303612044133,UNSTABLE
151.06826777955573,31.172061620536013,3.395111135187529,228.29419463211025,7.671815015558916,DEGRADED
309.02518244502573,57.2895336579319,5.570226592265911,450.46819102811264,2.3559694033062955,POSSIBLE_PATH_FAILURE
147.05929616921148,27.58164095097417,4.85190017469554,2659.9713051930084,13.651100905619597,DEGRADED
71.62922665910578,8.491583536593247,0.0,4466.6765600492345,39.94208899840396,CONGESTED
242.32664506823363,46.98379409715007,55.444060589817354,0.0,12.60660518332989,POSSIBLE_PATH_FAILURE
312.19648833212784,75.92799026446862,51.02387630121818,840.3220762439776,0.0,POSSIBLE_PATH_FAILURE
81.10983508944177,1.2478028646970287,2.2707025801059575,2617.3023024256768,26.26849956275159,CONGESTED
119.05014159605619,10.82022977850587,1.1873854149603376,1337.8757785521443,25.203098090571686,CONGESTED
27.823503424176614,0.463972166312006,0.252710136849455,9807.708144844752,63.42481649201143,STABLE
67.6163040375986,20.239530849842843,0.0,3143.694262516965,19.27215024785732,CONGESTED
164.01692217761902,64.85314664724675,9.510285055488971,0.0,26.610994079667392,UNSTABLE
69.7284063325451,9.551347429932825,2.1871820507884876,4326.165383959953,15.602432998502913,CONGESTED
72.36278733418932,15.15038465990364,2.054822952805271,4022.7839282303794,33.12545100217746,CONGESTED
44.90776490917231,8.366161490050002,2.1597363131786307,347.9914493259248,21.237428109584005,CONGESTED
17.61826256025335,4.9259211464988955,0.0,5963.329181728596,39.031447149309486,STABLE
196.7882692967258,63.65019542498918,68.47013153036694,572.8234207898136,3.5863466897740883,POSSIBLE_PATH_FAILURE
67.41228378925685,21.851581055122185,1.7071815418281067,2670.002760356518,29.756706028774698,CONGESTED
107.2218118044803,107.49664808687189,6.3439361411509525,1567.7178856331689,24.174097401037237,UNSTABLE
21.02553183726267,0.0,0.8185397458194825,11714.023507435148,82.89186677654762,STABLE
67.30721567088689,63.231589610246466,9.499863887461851,1748.0652814185582,24.01900271369494,UNSTABLE
20.518688082905555,17.66970915101528,0.04194056751135267,2121.2973079519547,24.39129241379496,CONGESTED
208.50822641054225,65.75978165852987,12.537228997849894,2258.7695749944796,17.720997099629187,UNSTABLE
76.24014077537355,12.707016453105787,0.0,3636.3946904339437,34.91094001495812,CONGESTED
56.63823445718498,18.91331397991602,1.9745439159558695,555.6620812507649,21.833318452708486,CONGESTED
73.15702843093923,14.718480448126577,0.0,0.0,37.846659283256066,CONGESTED
85.62321168929392,73.55623009987511,8.333788415035205,0.0,13.825217876655548,UNSTABLE
206.55243054547248,91.18680917557867,8.784006258007862,2226.8246884737105,29.88792469043812,UNSTABLE
336.7750264092364,79.09689401684463,51.7613014671053,0.0,9.043918509457622,POSSIBLE_PATH_FAILURE
157.59866121338646,69.9429498203707,4.591985999534836,1986.7204453347044,11.107697662014596,UNSTABLE
72.71420800326587,56.2549836356648,16.412262811260277,2684.1296445411454,7.16841740281839,UNSTABLE
69.0679193908253,33.67551780019616,5.391983395691836,2550.8965025953294,15.779931205652863,UNSTABLE
20.90489781627874,3.362628435722839,0.03439258129652703,8177.36581987946,51.47396823972397,STABLE
5.033613100966736,5.257982201924035,0.36383354926773415,9291.171037628555,76.97731845270877,STABLE
296.28676800302406,93.63376964558609,47.398598014670014,715.6548053804117,2.3607567241540743,POSSIBLE_PATH_FAILURE
0.0,2.61985665419851,0.30560088618128944,8720.107914420882,30.328666278967937,STABLE
32.844387636265395,32.44059619918531,3.701091782873774,1838.6029961799425,22.41514016087579,DEGRADED
51.78853679367535,4.3208851330968745,0.0,10060.620343637973,29.702111855781325,STABLE
178.6458300429803,37.5551636383085,11.296095116059144,3374.5854715908263,19.28694640119783,UNSTABLE
337.9021482933703,94.03319184624377,42.89032067802479,140.1212598497264,3.6111283353481665,POSSIBLE_PATH_FAILURE
100.49096954175127,19.168820207314237,6.026796274315945,909.4947629612196,28.332640993133168,DEGRADED
148.3009817312358,40.933057354680905,6.502064754449657,2444.7766193489706,6.455681934036534,DEGRADED
20.21852145523443,3.752088739245223,0.6307982053303143,10112.355156361555,58.97314283310061,STABLE
18.579967855924785,0.0,0.08794580084574594,8932.610408911982,45.845224410401265,STABLE
29.40564716391214,2.795206586777807,0.0,12645.427018697774,79.47992675518972,STABLE
144.01321435623134,63.83231921320604,9.190634077437208,5172.665882253781,25.431629359906765,UNSTABLE
39.372311624295165,3.0039987128301746,0.6587940436901886,8813.09359146673,19.93261741199609,STABLE
6.978204931376819,1.651575076550982,0.0,11015.25054200034,33.432095890737806,STABLE
1.1920157202594233,4.5450796151655215,0.4321673542729597,4652.9613436976715,69.44902028710602,STABLE
121.29531600762196,15.210416991551327,2.62997811068884,2429.133791596919,15.076690202310807,DEGRADED
106.09738701278886,33.54505454797754,10.226963203170403,2603.626631456052,19.050142594178155,UNSTABLE
31.322345721792477,2.610040227760426,0.0,7263.351616552851,69.65270998911552,STABLE
182.20978133640276,26.175459033269828,10.864698774942884,166.53401539108881,10.922295143510372,DEGRADED
2.422716086433688,0.21862914004948752,0.0,9740.082692606544,67.521470633916,STABLE
268.6327146488055,102.52141149791035,20.812067110950515,413.4267004646728,5.049607779275382,POSSIBLE_PATH_FAILURE
8.1292957362563,6.139996969997894,0.415317682625019,9447.929436502185,51.814993867796346,STABLE
111.35596013236776,44.59325093701323,0.0,1587.736781690742,10.521052469783722,DEGRADED
81.12460888930323,80.00017594592462,4.379584150140902,1499.1741613485087,27.07265262085665,UNSTABLE
65.29643287154758,14.99195045772601,0.968377911912129,1828.9595765174918,38.04972175486976,CONGESTED
46.14482252358178,43.971777328572216,2.4723228524134653,2109.101800144306,19.08026512256281,DEGRADED
152.71897835297324,38.51897899279299,2.0207270020737376,2747.678950663616,9.299796036218122,DEGRADED
108.98321357750672,30.088059868491484,3.9109549868955966,2171.5487101436165,10.853266387001026,DEGRADED
90.92306964060315,16.480057823453585,3.496939330523528,3618.0802670166695,31.67920611742987,CONGESTED
137.48875168499802,94.9154475583088,60.26766200377029,1260.772879406924,5.608129578961312,POSSIBLE_PATH_FAILURE
68.58727631524272,8.608871830614682,1.222762093950482,2039.6288067667947,26.005481037027145,CONGESTED
135.57889343400157,36.720772927894075,4.0224800093708,2604.154602398452,17.093473084354407,DEGRADED
203.71904503875115,115.28863346268524,75.32452780516712,163.9435924262887,0.7303717196141086,POSSIBLE_PATH_FAILURE
73.64679945706499,12.11317108034971,1.114856399140387,1276.7048500841365,48.94414022562961,CONGESTED
125.5400734142423,31.069842280710887,2.0279589434724827,1846.9013240499794,9.305073941722856,DEGRADED
66.85080914282435,39.38197498466261,8.26877209691322,0.0,27.12064905899364,UNSTABLE
204.35389399299302,104.784169522551,0.0,597.2663542427085,7.2106388308258165,POSSIBLE_PATH_FAILURE
59.59787196833678,17.241445214918183,3.0254772603082793,4149.981366757673,43.66487436153119,CONGESTED
97.05857636088118,11.212284374260713,1.7803964920863906,4639.43770691652,30.443116094607728,CONGESTED
152.1557023503585,25.183933714217655,0.8313109823141129,2947.385334701113,15.642237959445923,DEGRADED
26.492010866639454,6.281547808620133,1.936849297335843,2207.671494892412,34.31462377542788,CONGESTED
181.83857516114293,40.21718376975238,0.0,1110.8193503891048,17.362802079397714,DEGRADED
384.667414224746,85.62324315655329,35.23004783053525,136.7440253965048,0.0,POSSIBLE_PATH_FAILURE
106.72739538883434,30.207908293301724,4.373605380731238,412.641882886948,0.14123028944595362,DEGRADED
132.49990201096557,61.61547516821231,16.34312664834924,1702.7900311166884,49.52186106389042,UNSTABLE
53.28408351074823,22.16245126676837,16.61448034684996,1745.7016095509389,8.774230020538585,UNSTABLE
56.019938156856995,0.9127792811674986,0.9622550308133476,3638.5358898535196,9.116342849175535,CONGESTED
131.54241748421998,73.50843180737235,8.14738043850866,1619.6809991384307,37.5546092855805,UNSTABLE
51.99129906601629,12.212223686084657,1.9648248575933014,3835.7865005371614,25.860069318448158,CONGESTED
16.36416709693201,4.577815766766479,0.45525827115775785,13002.18780919273,90.52606399972879,STABLE
380.07445500723753,69.77407150566403,16.86240910109562,0.0,6.431302747294768,POSSIBLE_PATH_FAILURE
23.156050035903405,1.2636131387184404,0.18329448420500172,8555.435686778275,85.04087127397325,STABLE
16.512749277515624,1.3278857703084257,0.06784764174560198,9023.880715642115,42.01119520861825,STABLE
35.46052066177305,11.957401428545145,1.0785012973989103,2986.463307702411,14.154595113753626,CONGESTED
132.07293310401462,39.47976867814256,4.0937119049366695,1560.870407191026,9.235546783251785,DEGRADED
63.333122567384365,16.872956264754883,6.3212410632193885,2087.6363220999915,18.726559905259336,DEGRADED
123.26973462927855,22.04926410305599,5.239610651471896,1534.105194505689,21.327727764860402,UNSTABLE
23.568710591495094,4.934932545850021,0.4047177529438378,12467.481824772094,82.45119740298698,STABLE
94.7766672707875,10.650478274964046,2.6815697859999146,2711.383151817229,20.82183793538564,CONGESTED
50.74679793398282,22.378276744495416,1.4258253709163409,3994.1627067998897,34.797586297434535,CONGESTED
307.96542374549034,65.51669838499468,44.3892021534074,1022.9541448527564,8.087044811279657,POSSIBLE_PATH_FAILURE
194.18173974620947,108.77782311667224,33.95325274549786,0.0,0.0,POSSIBLE_PATH_FAILURE
88.99392432545358,6.788330457346294,2.8243978449057163,2911.66280612183,27.405829459211162,CONGESTED
118.01719842249813,53.32657755029021,13.251794460071064,78.63751690510571,9.480066419970715,UNSTABLE
159.43852814891108,32.251777832719426,6.821427399883053,2273.326902668458,14.33862428794713,DEGRADED
362.207387438115,56.54808171717717,53.538521915845294,564.1971710092503,4.291156731953,POSSIBLE_PATH_FAILURE
9.288381831375801,23.92484613062608,7.59355759902179,2070.183367558124,7.298902391334893,DEGRADED
178.8790525956915,90.47225384614492,42.00578435975803,374.86967306987924,11.466380688541456,POSSIBLE_PATH_FAILURE
112.62786946318786,33.27965874581415,5.211414849465437,2141.8886071280235,18.396737075605095,DEGRADED
33.63428712085699,3.430196271638072,0.5405824194959565,8277.735297868354,80.72748485117958,STABLE
110.54810319888078,0.0,1.3160714514453207,5395.720522198705,36.193210147694714,CONGESTED
400.9299013399386,74.08223879570177,77.93083516879237,0.0,3.1956355239374625,POSSIBLE_PATH_FAILURE
241.75471202662396,71.12248526785223,16.96790115441764,365.9644073697546,0.0,POSSIBLE_PATH_FAILURE
231.11336196612572,91.05808672044517,27.186434442582026,460.38251324957065,5.3220755365653565,POSSIBLE_PATH_FAILURE
111.84785934619755,29.70300127088663,6.555222880603273,1904.6348981593314,4.713664827364241,UNSTABLE
18.749909696804224,1.1195575821485662,0.037398828942208695,8401.32233720919,41.89649886512849,STABLE
101.45049683249587,23.000555601710634,1.3567136632545953,2354.671761767739,26.3880132495542,DEGRADED
45.51514582743077,2.8622474160331794,3.51290323201712,4706.199250769782,0.0,CONGESTED
119.99297705245881,76.66117527674427,10.360790149127158,2180.3483147104243,21.357939624263025,UNSTABLE
100.01532051233052,73.63550706785512,3.2884230406336226,4055.319490419572,23.18186142916834,UNSTABLE
15.574642881078162,3.1952079849908803,0.46956658404278484,8779.38637426725,92.55707937388128,STABLE
270.94088626157713,64.58530633982042,26.413841446920337,375.77071876926,0.0,POSSIBLE_PATH_FAILURE
13.61122151756658,1.7430305397264207,0.2268778302105304,9869.836192956776,84.23497814392313,STABLE
25.795611424764772,5.956557871432119,0.0,8803.160519401556,66.46395193717414,STABLE
28.638280136981884,5.650293457749678,0.45061309817066925,5194.214423479851,80.84710634059368,STABLE
78.5262561821095,31.617831164008457,7.802206676497706,1267.9356281368496,25.32008949814541,DEGRADED
121.38692146546546,24.971650687131017,1.7438404057207706,4264.121841976414,21.83957477420732,CONGESTED
75.9539459861891,80.49860619658588,11.827555608272363,4185.418365840576,41.99668263406936,UNSTABLE
70.28561288403282,12.694876097532557,0.0,2577.6796065166945,31.15747271896713,CONGESTED
388.814227174524,48.95976637166885,69.00661778236018,0.0,9.516746112982496,POSSIBLE_PATH_FAILURE
104.0247510302324,22.14010901835885,10.222540669141704,1529.5991843663,17.095008649524285,UNSTABLE
88.65230661245207,101.47831396152354,12.057639744910333,3299.014659512885,19.30403488070188,UNSTABLE
107.31875697561864,48.25710909312768,6.46460166483098,1484.1307430904208,0.0,UNSTABLE
163.68202675579388,29.202496447792864,7.188877975755576,289.59027323955706,24.9163719270471,DEGRADED
120.7829554400052,84.8678806247697,11.397443966120225,2389.5916770620474,0.0,UNSTABLE
52.6729862002948,5.962550101972634,0.35586301192750924,879.8678136726239,30.713435261747236,CONGESTED
52.78802722835515,13.51617893266566,1.814832430323618,1186.1079881594906,32.702052999165886,CONGESTED
37.27688807866287,11.56285766743833,1.2015428048992847,4455.954724649616,21.977134049182787,CONGESTED
66.84811159075227,11.920658544908651,2.5351428381587064,4881.234598379153,40.96502161706779,CONGESTED
114.21063321284615,7.078833320514757,2.859314767327982,6366.884720808999,30.54038511363774,CONGESTED
129.94656702910368,112.69007563433809,15.17109522730879,105.35493243834674,1.9073723937706744,POSSIBLE_PATH_FAILURE
175.6008844817312,46.75189943712764,7.997327450946084,1330.1062303860747,19.6183766888968,DEGRADED
45.77368809525507,5.04538143979439,1.4648546290432352,3615.583529530355,22.9892683226676,CONGESTED
18.086560133049396,6.845892388133155,0.006663270535185145,9891.781597589881,43.19029675342162,STABLE
135.17742289637778,28.88499085179229,0.31624336244989415,1176.948281488494,27.98003011713228,UNSTABLE
178.62905398775203,75.71569492716591,26.357432938335343,0.0,5.464314802067646,POSSIBLE_PATH_FAILURE
75.58061465328917,98.1161927397625,15.978875824852533,0.0,0.0,UNSTABLE
364.27875408017263,71.84052590465085,62.777998204731446,279.6327454149101,4.616355374005253,POSSIBLE_PATH_FAILURE
198.84975349998172,32.34025258406631,6.947185641676677,1598.7587710254957,19.22818329223464,DEGRADED
251.60060316448877,65.93086359662931,0.0,1284.154512537699,32.01315833332434,UNSTABLE
35.04020223274995,21.553290814554323,2.6076776422519794,3471.1142766499734,37.105554777977915,CONGESTED
22.723697552742397,1.8763869129488207,0.26232517928423715,6293.232944282961,50.43445723983611,STABLE
173.78168553104297,17.34650579418171,10.952167246095716,3076.0862063907284,37.02597350505193,UNSTABLE
3.8434166067932196,2.58193548794516,0.276947593533062,7001.658839187566,76.13559661096204,STABLE
231.84007242971666,108.97092589148528,4.041314481746344,141.0387166733256,6.847907967454484,POSSIBLE_PATH_FAILURE
42.84198605296304,3.69233431179412,0.7924850689902514,4389.596214701292,32.126890749881525,CONGESTED
206.13841199284582,31.70788669809869,4.973126310808744,611.181489634108,25.74656442291117,DEGRADED
24.80143403391611,3.8999566826930963,0.5698591229927028,7778.2935775925935,40.319029539616295,STABLE
75.4734711767909,3.6234048221587187,0.1863534205365014,4248.762660610521,56.50141775529918,CONGESTED
85.03558817388729,32.577079804504585,1.653037996520656,1844.429778720244,0.35339339266771397,DEGRADED
63.5200946620249,29.874156703393375,7.234055564351441,2085.6274613614364,9.129540236280855,UNSTABLE
4.643579300738807,6.086985712029106,0.24546223872957987,7749.462853109344,23.06007645618746,STABLE
314.2865671460955,89.49025098976192,67.18065432860566,0.0,0.0,POSSIBLE_PATH_FAILURE
32.49665267043777,3.328641318763832,0.18452964815713593,9881.156242971785,92.4957007979959,STABLE
57.74509716304951,15.449351507483584,2.1184081848873113,2549.4010363006996,50.10699707769396,CONGESTED
118.4610401363661,81.75634934605274,13.736441472489066,1016.9743118373613,26.172349945281283,UNSTABLE
89.04218217167016,37.29074120879345,12.826720859572504,2994.9945238278788,0.0,UNSTABLE
136.3631567162298,49.94489477752242,9.971465517097613,432.6687910701278,21.444163511809528,UNSTABLE
107.21421030755509,104.82080110616283,9.125246580349637,3518.318795505147,58.08732378412581,UNSTABLE
144.55280455320963,30.20938638095079,7.312340513815178,2662.194035876116,38.70143634245915,UNSTABLE
162.18709712529258,23.98720715383294,0.9150433414868147,1905.4627918176375,16.976405025832854,DEGRADED
55.79489423988227,60.91345195517542,7.584263151712143,3484.336300319974,26.883442024295853,UNSTABLE
204.69895890538464,25.43343162661503,2.65977076785493,1110.1331818289132,21.44881802000195,DEGRADED
89.91184941690562,5.809042236515467,7.297452488784499,1624.9374297651425,23.9268034147698,DEGRADED
164.18452780257715,28.163433019779912,12.437403724176004,1829.4152286917238,0.0,DEGRADED
105.77357798293687,10.831152908793488,5.656479886883109,921.3961662065349,11.524529402970348,DEGRADED
28.381265678943812,4.315776020866359,0.0,12861.123695296683,26.578818303230904,STABLE
334.9182673950563,87.62728031173813,11.321498960213969,639.8757108255897,0.0,POSSIBLE_PATH_FAILURE
110.24077642579084,13.393479556343145,2.5431905122591383,4545.629657953588,43.98496871113446,CONGESTED
51.07426085373834,17.160537085596452,0.0,3680.5329157518913,11.688681443127848,CONGESTED
130.10763305658776,43.329907157769796,4.322473667980606,1822.1939313809823,25.296637903926108,DEGRADED
321.7859989701999,75.68728203767428,65.19180357867765,0.0,4.467654618201298,POSSIBLE_PATH_FAILURE
44.229976212932215,94.17557520016447,11.67219826341826,516.7519534390046,16.04939659187087,UNSTABLE
204.53321921733485,111.70188177272281,59.832257219247076,1344.5388422109236,6.477207631714892,POSSIBLE_PATH_FAILURE
165.5969931010611,85.28147057428134,27.238306263535105,158.51317559237347,3.8694274418974413,POSSIBLE_PATH_FAILURE
104.72557060582272,93.79193152387296,10.792842266031727,1748.1297549482124,17.89595570773418,UNSTABLE
145.1930308298053,57.99078747764665,15.40921241017863,0.0,14.90425304548328,UNSTABLE
74.2511382140159,26.96413689829144,2.3776819724618576,3656.61953742635,36.81208346166321,CONGESTED
68.6243008402426,18.895218826023257,3.0463568180110103,2912.4573017896037,31.545602096288874,CONGESTED
169.00423044901945,47.676347953821725,11.687015428206728,2103.2867255842352,10.197850634806457,UNSTABLE
113.3170479138372,14.13679068172329,2.7687230769350903,392.07449705434965,12.222668347623664,DEGRADED
44.14105574765753,3.9434763043049372,1.3445416346588066,7139.951102466028,29.187774671232773,CONGESTED
64.72925716609582,18.88046763269818,2.167388238238909,7704.7927171050815,29.976607239640394,CONGESTED
230.3033222297765,105.69062607125288,0.0,213.9232785366407,0.0,POSSIBLE_PATH_FAILURE
112.74748139818459,14.35354246242689,3.40781068068358,1786.5360512111163,27.914634984359466,CONGESTED
60.914323399725546,25.501151797086965,0.0,1759.474313516279,51.27752427494096,UNSTABLE
64.99467975943752,8.80444199447135,0.0,4166.964565970464,20.342866387911748,CONGESTED
99.7052529730481,70.47422847059252,12.311650285917597,3631.489613937557,41.188458376315,UNSTABLE
60.544853534128606,64.74252225976338,9.230895816200233,1626.3173545853592,12.203573586517912,UNSTABLE
40.07364111441909,6.205126084894887,0.26444991317110844,4828.170663137765,27.11352678950685,CONGESTED
195.26881744435036,2.740180649944932,6.810231911219285,3870.236022485424,16.808266580194033,DEGRADED
68.36670926499029,20.19636522019264,9.797442753444962,2339.828727361032,17.950134481539454,DEGRADED
84.7773417297461,14.787292825045416,7.066155240837223,1527.837780601254,17.11736065821137,DEGRADED
175.11157198188675,37.44965845850599,9.748232992229765,964.3075559482133,11.968562247248894,UNSTABLE
45.863583052203396,3.015919507678394,2.003184850231056,1031.2979454005322,4.057220474599305,CONGESTED
284.5219958387422,71.93764683215937,25.52540388073242,262.9997076618813,3.829116806574468,POSSIBLE_PATH_FAILURE
121.06851702366902,8.491688721846366,13.54647538193696,1863.5889509460653,12.393653484907787,DEGRADED
22.76274179328554,1.0300101445511163,0.026990453321749347,11991.569672467525,62.20361155562716,STABLE
13.458535599322035,2.833102433546813,0.5622275084933603,9704.52137170888,30.575119301861896,STABLE
48.09210861229503,6.772378317112164,0.13315334727283662,10997.282318977554,47.05904721182546,STABLE
60.85170682382132,14.148014605164759,0.5720451443928083,2687.773529149021,37.51565061974071,CONGESTED
55.724638848316246,27.058865434648396,10.652024767866873,3315.6097731930477,44.73188472293624,UNSTABLE
76.17766785835207,90.10320949020226,11.510140638695363,0.0,30.189902391208314,UNSTABLE
37.28995340885703,2.5283315123716372,0.5192628466574026,5113.224817300367,77.2915690257175,STABLE
77.50733593602949,18.46360742230013,0.0,2493.095012642265,11.211189511521653,CONGESTED
190.27482391350367,65.36248045239472,3.870424825180441,0.0,28.117188470532504,UNSTABLE
6.831697889417585,0.611269038551082,0.431209634628429,13610.291033485673,52.270542545661826,STABLE
8.284333711746584,1.8135596302592816,0.9178030169054725,6972.777640478528,80.39014120402648,STABLE
53.48307640570489,11.915188444736232,0.0,3233.229044492873,10.201345493245803,CONGESTED
132.6622796174488,47.18284741373688,8.527358075225763,1915.8914917666561,20.415397014051763,DEGRADED
64.22985336279959,6.061465285555069,0.0,4046.7172955109327,27.461725734216234,CONGESTED
79.81247342504034,21.524575968846882,2.0266185799625154,3408.6983586401257,11.738519203540328,CONGESTED
468.5938327389995,105.60367537096688,27.479205029103902,38.846847553979615,6.399591136747542,POSSIBLE_PATH_FAILURE
377.4593962869168,94.54921752569892,6.525144297225779,193.5394993411613,6.764992527143654,POSSIBLE_PATH_FAILURE
177.9232398435776,36.0333567665312,0.0,4300.30254629541,7.052037855265315,UNSTABLE
4.365220521313116,1.7679019488877494,0.0,10532.610524426966,61.49962435979673,STABLE
249.95285937146363,37.50549321832838,39.260091058259604,565.4847130279127,0.972761898936791,POSSIBLE_PATH_FAILURE
450.7163622678254,72.28315113865662,0.0,273.171245292899,11.790327339858923,POSSIBLE_PATH_FAILURE
0.0,18.605147840287735,3.056764512576602,4790.119413869758,10.963391401882834,CONGESTED
85.0350743358666,24.024430467292813,11.327332136682726,4644.1266813680995,14.458051893359467,UNSTABLE
348.9518571016333,51.84287180810763,47.722856495443274,780.9806668431822,0.0,POSSIBLE_PATH_FAILURE
152.3083857185473,22.52538577464147,4.237357348226549,1379.0857237515365,16.384065105664927,DEGRADED
352.26391352645373,2.373723618649322,13.236529382431094,442.7792096870484,7.342958661286854,POSSIBLE_PATH_FAILURE
55.922498062992396,14.105477818860614,1.0582361593273761,3772.0830170222666,15.09683078246966,CONGESTED
134.8387000517327,17.55664650269126,0.8749181260041191,3775.7094330672517,0.5998678645056792,CONGESTED
136.20592512905722,28.353464409571416,3.672719579205591,2060.155528533183,0.0,DEGRADED
58.06983427637837,14.001613828047288,1.8081104160455017,673.2816715507661,29.210297198852565,CONGESTED
212.08855947590934,68.64907738822801,8.763604051996214,2256.3953660912357,26.407855412674166,UNSTABLE
152.43096210273941,37.00832307448148,7.814389890126817,1390.3868897176162,20.385446475795387,UNSTABLE
25.211672557321126,2.3752891166882604,0.0,12574.468631176045,26.976444818889377,STABLE
3.987220628811464,2.7612676014462463,0.3154305632614979,6985.205553455771,38.455442510504824,STABLE
244.88612549994335,63.874307654890714,38.60000456146554,150.65153889212337,7.3765997060520725,POSSIBLE_PATH_FAILURE
93.77912926947317,7.58561952092925,1.0407453208524546,3996.031218132582,30.19659520980562,CONGESTED
108.4616328507131,9.109472115812478,3.2174958951480175,7257.885265331277,24.369788634229252,CONGESTED
104.04123032902288,53.98625923007296,30.106838305375895,852.2138780641321,4.691138988886753,POSSIBLE_PATH_FAILURE
52.52776065900994,87.56313978125453,18.790684674613612,1244.2646512526017,14.39400923790771,UNSTABLE
160.195684572592,45.13279040572886,5.811630877246448,4354.833070502398,20.375589958654093,UNSTABLE
78.45480472921253,39.354764215660076,13.434686406999564,4055.2849733096677,3.8706117478300754,UNSTABLE
182.58918788739797,68.40323746380838,5.093734394901162,754.0646672438775,1.7328999366932911,POSSIBLE_PATH_FAILURE
9.156119277666335,5.802372550067792,0.2634380457091752,8473.202552308094,39.13299632765371,STABLE
70.85525295831997,8.648014637738802,2.6502154308689794,4537.653451695579,22.207216273113005,CONGESTED
207.9984919482462,38.70770185275454,9.658039793711506,1246.8972910452114,6.696011410332597,DEGRADED
78.45446691480186,18.378954688736357,7.295312754054299,2463.76134444521,29.891592099801294,UNSTABLE
52.31191759990135,5.627357347457363,2.881374657712594,2909.9603599714933,31.184033984261852,CONGESTED
350.1085257932601,0.0,28.985686280852143,469.9090997224509,0.44275817497604564,POSSIBLE_PATH_FAILURE
227.20237279136313,108.2212798512751,28.7552055841177,0.0,10.084035674189458,POSSIBLE_PATH_FAILURE
295.92234831780127,92.50193149385595,48.208641399295,221.72964797497445,5.160989391585733,POSSIBLE_PATH_FAILURE
30.59223738896321,2.8169199611635842,0.13806627247683817,7838.970451922049,45.675617697774705,STABLE
178.53335931770474,34.44169155114701,7.487129195065663,2528.24845463349,29.796027859909398,DEGRADED
11.4695607242642,3.5950221423711097,0.039285538169179984,8902.724913034455,58.683933578556314,STABLE
83.12680102155167,11.144051320414222,2.799819497814212,3174.7245264979797,34.682993833168794,CONGESTED
88.70005656839744,13.643930837237995,0.3105068256005725,4453.802989279846,37.45203171537154,CONGESTED
268.7136002888923,89.04969298481123,40.74274189414411,99.73206608621462,5.753143006720192,POSSIBLE_PATH_FAILURE
27.77337576061744,2.771580216444326,0.024224536864524554,4319.611243916511,59.643027234152164,STABLE
228.21994844859591,80.14878226435455,8.18992183053382,1092.3781938542077,29.06133331641312,UNSTABLE
409.693577172895,70.8938590673589,33.33701420358367,441.86576252258595,8.163906052655467,POSSIBLE_PATH_FAILURE
47.63115031579751,17.639435195073943,2.026086244058843,5700.844668627606,17.528847637436034,CONGESTED
114.90359874213044,33.28211950886093,8.152090170197583,269.58882073962127,14.839436648629862,DEGRADED
18.338421580502676,2.943964430208512,0.4730304484819314,11598.134024085151,63.02693867313482,STABLE
311.91270517690685,62.302843993600376,11.318519430869706,186.12122817103116,6.645523307875553,POSSIBLE_PATH_FAILURE
185.26936254623234,38.055792526627584,5.054920018794139,2574.729503285633,14.143855831097735,DEGRADED
152.64146366886698,23.598551103183368,17.901486816575222,545.7265134341196,6.0324353601997975,POSSIBLE_PATH_FAILURE
42.25362727156684,104.99184480254652,8.801723602341902,1567.2096621577712,1.0241895806306367,UNSTABLE
196.66161768174854,75.4482423040162,4.910542434041389,361.5576677460882,2.496713708882793,POSSIBLE_PATH_FAILURE
207.94337634159,36.628623239177585,2.3905923371012294,2561.3505747174354,18.758017570031516,UNSTABLE
342.4808107051549,56.9924500198218,34.12033046309844,26.9608368157854,5.67953338531358,POSSIBLE_PATH_FAILURE
120.73682884247775,17.02612875837484,3.163261379084542,1412.2000846026854,12.009676021292785,DEGRADED
12.134342248958312,3.2227008587962227,0.0,9763.32071837173,82.62848741005459,STABLE
166.3307075995986,27.23307972830616,6.654721888630187,1495.0596657525725,34.32579383853475,DEGRADED
304.8989671868918,117.71171189986377,16.651268733852135,599.3540006850994,2.7814193711817543,POSSIBLE_PATH_FAILURE
166.48269597766898,85.07183852651976,2.7279492436100057,1130.0755383681044,8.183162070257787,POSSIBLE_PATH_FAILURE
26.901044247640122,1.0603992097698527,0.00528207408761619,9631.123286480983,23.533657129544203,STABLE
146.60525429415128,103.65957389891206,29.063162217765345,386.4719152086927,1.365407228807682,POSSIBLE_PATH_FAILURE
106.50393736981323,18.59467528326693,1.897471601133165,830.8201167342677,21.93708421240277,UNSTABLE
24.82066835525525,4.357047902800057,0.3305761871513191,9856.617997987008,89.53617262396415,STABLE
115.82818283583977,17.620486070999046,5.629227300072489,1442.7851933803597,16.781971463435355,DEGRADED
22.70343239281726,4.543066519523839,0.2994625085401078,11458.09992361351,69.89862609046597,STABLE
265.25303001685756,49.74203979222323,42.72461078191097,679.7686888039107,4.802065676991252,POSSIBLE_PATH_FAILURE
122.89679720793086,41.69081342090335,4.56553676597106,1524.0020936567018,4.994874509576013,DEGRADED
108.88406690696607,30.924590364493742,2.754251389125021,1785.2679613362347,15.49735406302951,DEGRADED
64.89101408659292,12.342765680721365,2.631066169812274,4660.504557315576,41.59474206269635,CONGESTED
139.97097251729022,100.5542086011715,43.09615824977138,135.00426958491704,9.116424332888144,POSSIBLE_PATH_FAILURE
23.47708452450957,2.821359194598531,0.0,8451.015026853102,77.44997004286107,STABLE
194.2164017194524,29.963714168537045,4.939534234916504,2079.0627384113973,12.594425667437807,DEGRADED
78.10243874242275,20.8833724930833,8.668320462446943,2220.964342860588,2.5463524301632425,DEGRADED
111.44542572203954,51.43779876885104,14.101010207280424,2160.3329966908123,24.18274198959164,UNSTABLE
91.21016122407096,15.434493495379163,1.5268886891869045,4543.657719286774,47.71381201418163,CONGESTED
129.63496026109485,3.1477178944166866,3.8351949674250085,2083.159634397572,17.767803148641967,DEGRADED
131.29599940678742,112.63925319923206,56.772225218442784,414.24516762079503,10.78376015311893,POSSIBLE_PATH_FAILURE
324.6425287855101,69.51199246371311,22.146286502128227,269.33432454262595,7.064577712818079,POSSIBLE_PATH_FAILURE
144.7621270402624,22.160474354256984,3.8265745740263446,1877.3342128789532,20.821583999004822,DEGRADED
56.57827167823002,22.04615544112093,2.392088209533916,2664.1957830548567,29.422410897356066,CONGESTED
185.89680608650275,32.19620709900155,2.8992312644321023,691.9224641761755,10.864737608714357,DEGRADED
51.68739861690128,6.186282265954812,2.7787882673760516,6410.436557757224,40.49690809272315,CONGESTED
313.32797143819346,91.90276162665515,51.58805386053,697.0853630967956,10.455261553956541,POSSIBLE_PATH_FAILURE
144.35525309171902,44.1218688474079,4.823480265184174,2838.302294037041,31.151368947567498,UNSTABLE
148.5186399818452,28.198956222489493,3.527668871729698,0.0,15.247626307602653,DEGRADED
133.7189017128991,43.022862542031504,4.512799940282829,191.15310763025582,19.23282199651002,DEGRADED
134.56750866570735,103.95703697963941,12.953646692946716,2487.528498094976,26.146409868116773,UNSTABLE
352.08684057158837,53.577183037385595,84.47098930627673,0.0,3.087845270783061,POSSIBLE_PATH_FAILURE
211.40985789307535,41.062318781664544,33.18234197942851,340.43442976407897,10.287479841438035,POSSIBLE_PATH_FAILURE
49.07415866940272,24.70925887458118,0.371700136765452,6827.807433957278,18.468911864808753,CONGESTED
112.72910891427333,71.4209820204859,40.37734223523398,0.0,5.227472769992528,POSSIBLE_PATH_FAILURE
375.8253280196011,82.1974520553585,47.575779893699824,730.2990088624168,1.7252114426350382,POSSIBLE_PATH_FAILURE
88.98834364408049,1.6409974463858692,1.5503989045729099,4804.142469237009,9.051840429157071,CONGESTED
17.777773029012266,3.540190868394573,0.24365444160067862,8063.012313024792,70.72602864416547,STABLE
237.05174404397084,49.52532300466771,79.39956693999294,0.0,10.396898189141456,POSSIBLE_PATH_FAILURE
548.7033734005824,12.02437580580807,2.628209793361677,796.5312873733844,10.852464089475173,POSSIBLE_PATH_FAILURE
17.677306700757647,3.8445780382507193,0.0,7239.6001560637105,82.9475536359962,STABLE
0.0,2.8604024284757243,0.0,7260.802201208291,26.27046587619715,STABLE
327.1488167432204,60.63092498169321,27.664664435521793,153.99107650138518,10.00188075123977,POSSIBLE_PATH_FAILURE
74.11719049549296,8.080842562625083,1.4724655564473752,4660.57694523138,9.561113851722947,CONGESTED
48.30940924432379,6.284780002225887,2.286426121738805,5806.322641105471,53.44519910322565,CONGESTED
0.0,3.473652233576055,0.07733027293736316,8120.801550973709,90.2428711624384,STABLE
61.47179599790655,68.37916136253355,15.65680596207623,1740.9300413076148,48.1993851036264,UNSTABLE
61.287848049327586,24.242960485947226,0.0,4327.0253287404885,13.472978018321758,CONGESTED
142.74506271221,19.48854171018407,8.022400200997474,483.7055237669092,19.136774442078256,DEGRADED
113.37684906285688,16.057352678415565,0.7507454585119246,5349.913595264794,28.22138294464251,CONGESTED
95.24214346297055,18.54344152424309,1.3638360547319113,6894.24499841406,15.979135080735688,CONGESTED
16.882536691775528,3.1891850659154004,0.025101834900779774,9808.662627376525,73.17821168961744,STABLE
415.80894014305954,67.96457691149006,16.445455155363003,769.930667302245,0.5441789930580363,POSSIBLE_PATH_FAILURE
21.60190593317075,0.0,0.6726129948306621,9939.325744030892,34.88679587408856,STABLE
174.36182527517542,103.12678992236329,35.13201323173135,848.6277743627194,3.7330874700605454,POSSIBLE_PATH_FAILURE
190.26369135971106,57.53416811772263,15.473920547286248,1699.4563995437047,12.090482338470913,UNSTABLE
409.3513688180824,82.64260366121488,52.89669022280705,275.88896567576523,6.737133000554743,POSSIBLE_PATH_FAILURE
119.91170926993266,110.59296609300338,15.048143632307394,329.29659825926797,4.398379141575417,POSSIBLE_PATH_FAILURE
155.70780977392866,62.12994881234443,8.823413219064765,1736.9521250538075,19.452906519973666,UNSTABLE
138.5225269230615,91.67730357854536,17.952894215575665,285.1308211578207,33.64845099862238,UNSTABLE
22.084324882374986,38.395274943358146,3.138587635057216,838.4659488947938,23.119194905948262,DEGRADED
91.41675465417164,24.91853528172241,19.73272396161787,1345.0830702101864,26.23557207055574,UNSTABLE
79.8725279911711,17.10994895343798,5.215841581558182,2477.690473084859,6.394003808570702,UNSTABLE
19.879153492117325,0.0,0.43385882623143507,9614.868273490427,47.60092672214299,STABLE
53.822370016616176,84.51093444743361,9.995592500830165,2049.4671686857164,31.922173960819606,UNSTABLE
73.79703708223228,4.265078068028915,3.9479569920863513,4410.614708005239,30.329099554038145,CONGESTED
366.1644535731283,101.49086096084135,31.302972019925132,114.72719094638524,5.322099631993727,POSSIBLE_PATH_FAILURE
161.7492931891911,25.138191014578872,8.557406128547978,0.0,16.464905393070975,DEGRADED
7.501731897940097,14.829508847075326,3.365834197232563,1289.2885198090403,7.821186371638703,CONGESTED
98.17967291162367,52.58975243016044,9.055429951033883,0.0,25.83136892189627,DEGRADED
181.35115592261877,37.29478220196973,5.035071219994606,1255.5414217382693,13.564654078421022,DEGRADED
63.73202718194312,10.857529457939727,0.6324223840787292,1232.0959381052412,36.371116622659045,CONGESTED
21.106131225786775,0.0,0.12418330622808246,7477.872729636606,62.59564644923687,STABLE
62.84216483032965,19.914236015491387,3.361285685586833,2533.244984686722,49.30455152923977,CONGESTED
202.85326896417882,100.98844138739364,5.358777832541183,0.0,18.437614167995296,UNSTABLE
4.3904164700555715,1.8380796229370335,0.0545030827214828,10396.927586844397,40.35089482664817,STABLE
64.61433616286355,10.277419150826596,0.9002504830128019,707.1379955043558,24.929890514205297,CONGESTED
5.04939169772795,3.4072663574196023,0.4425643248806055,8450.845820153607,67.94656616525728,STABLE
202.2742277787259,62.71311915200276,29.128581905827396,669.7398558266375,6.442733890966469,POSSIBLE_PATH_FAILURE
59.92315347484639,13.035043130310445,3.8819460165405397,3203.575959598383,20.489125252610332,CONGESTED
112.85950800891506,3.5875737645356693,2.346040796892003,5305.23776410654,31.378283261115122,CONGESTED
151.4282667682207,46.428307332458004,5.950048194094057,2657.1951148660037,19.219677885560365,UNSTABLE
54.52157606310978,13.107051322336682,2.786223274385847,2779.484065673275,31.666372105076988,CONGESTED
108.49828925748203,10.607865137847732,10.191583865356577,1386.936177494397,10.840344560581062,DEGRADED
63.895327022458275,6.15130554690808,2.0186203495922905,4524.120091473082,23.587320550292805,CONGESTED
32.219432837602376,9.771443233832162,1.2861588685643721,3911.8590654895306,15.287160676096041,CONGESTED
143.4189880877718,35.03045988253005,8.259901446399015,1683.3716060785182,24.771953726068965,DEGRADED
86.50565425104512,36.76260114353481,7.341210792465148,69.46953815701204,18.637240387743972,DEGRADED
30.07510770986559,4.411939493397632,0.6041969724840677,1223.779837201656,78.44495882343875,STABLE
301.89463351126216,70.71534991832576,43.213095841782525,0.0,1.8651600714639134,POSSIBLE_PATH_FAILURE
85.55646870675515,9.584462383472356,0.0,1116.3286831721484,33.15235010071933,CONGESTED
112.34208491935156,32.685695719746576,7.010312275211476,2767.4973197678596,32.444488350077336,DEGRADED
106.69588932415074,33.394205747825005,4.8593399021033035,1436.6799756558412,15.874106507831783,DEGRADED
49.66486252442736,19.683018594410168,2.0985244499711326,1022.3934689300041,36.847890306874625,DEGRADED
8.375712198600695,0.848855427713969,0.0,9895.881627535091,82.96990597160702,STABLE
318.8906579096225,58.688465523715266,34.35069381201632,958.5445940711974,5.886488631510731,POSSIBLE_PATH_FAILURE
168.50818423340084,41.13193188487196,16.523824509988046,2335.9219604729924,19.83869738283766,UNSTABLE
25.487388188641265,1.2736286753114459,0.21554962969785402,12821.402035734662,59.13098730982148,STABLE
177.21564606247145,63.11262256569564,16.531833517048515,222.0761812802258,1.4018420127349462,POSSIBLE_PATH_FAILURE
20.01339846754487,3.300162260690048,0.13653601907584142,9420.51451777814,41.76627447343526,STABLE
318.6539646952732,102.78061999184438,31.015124913861655,499.474867415525,0.059185376588335004,POSSIBLE_PATH_FAILURE
107.99112994252842,33.556695525070516,3.427846318644903,941.9483488919487,5.799858403567171,DEGRADED
178.08695325723585,24.802063453365,5.166996210528402,1252.806103673122,28.768268786731717,DEGRADED
101.58132152691047,84.48742308064132,42.846192153869296,881.5156158399295,5.272392270815316,POSSIBLE_PATH_FAILURE
386.9981990575639,58.10052170127022,57.25166700097374,696.0308451371643,6.526080453931519,POSSIBLE_PATH_FAILURE
61.55406671624345,10.837874750102257,1.115907059474103,5153.923679146098,33.29290816205394,CONGESTED
15.435288557752777,3.27641025870656,0.0,10417.426648959308,39.26012190682563,STABLE
111.9117842776936,15.344509463994962,0.6408254109509324,358.8184846596323,0.0,DEGRADED
38.01741947747146,2.2244240889014186,0.0,11649.384027045588,58.30020398126502,STABLE
162.65038458348766,31.616946497633414,4.282130084370786,1757.381081216448,17.496221470275433,DEGRADED
113.26159041781499,0.09719235517744806,21.557120084375022,4600.83377417794,5.020672584093058,UNSTABLE
150.126875100365,40.74762401361981,2.334606008798496,1962.2804602311328,16.897877454735656,DEGRADED
67.937309585773,95.43119513294995,8.025132412547475,3487.3568992978417,12.295529814227411,UNSTABLE
67.35252916318092,32.654553482718846,1.6946603402755427,2495.7841253716656,11.578885358539605,DEGRADED
144.6157827769439,65.46497893052111,25.90115951319396,277.32088814693714,8.426788948018684,POSSIBLE_PATH_FAILURE
22.677114623438356,1.9465692161075836,0.43624481131565757,10579.511748029821,44.861802544698705,STABLE
144.43794857394718,0.0,8.853443730259098,2692.4348476545165,18.704617515765566,DEGRADED
142.25737041756832,77.57890127509887,73.48825721194821,571.6811372584946,4.287859589677583,POSSIBLE_PATH_FAILURE
136.7091667086391,14.713988827041426,2.9862925667074407,2079.8051320885675,9.422215670178034,DEGRADED
26.857490352746616,5.05069606851551,0.15403071192253576,7644.798007013747,88.51082744742038,STABLE
55.247238696064045,20.356931095901814,0.8114169560484539,3790.5305205860827,46.94035682684196,CONGESTED
77.54819059825924,53.26330116232798,5.803757373050449,1193.7590961885053,32.580342917606416,DEGRADED
175.84672465947978,61.85950359443918,14.315002601227707,0.0,36.867524874739196,UNSTABLE
115.46301871319451,52.73505627777556,5.46602595685912,1286.8263921844432,35.217477848977836,UNSTABLE
21.38241432058682,3.905076837959184,0.40268198994934357,7303.029565394554,78.73933083828683,STABLE
281.92870962510517,46.776416669819874,45.80589786767922,843.4724371650892,0.0,POSSIBLE_PATH_FAILURE
133.88599984226164,83.44641539041285,3.5366209114105107,2225.797930122131,29.19948525665348,UNSTABLE
83.67398787540095,12.474598923274929,0.4254229074255611,1304.4979914202204,38.22325998946705,CONGESTED
64.3653688509942,77.67954707891035,44.983150053925115,107.9653424916691,4.052547957908225,POSSIBLE_PATH_FAILURE
15.763933935391616,2.3486037798525428,0.0,6892.168354970627,72.41509641281513,STABLE
69.03977027090464,45.87670963782753,9.224341959140595,1701.7228093379422,8.825562239440453,UNSTABLE
343.06203683686834,73.80750738124395,65.4348617518796,779.8096109283915,5.588913034853819,POSSIBLE_PATH_FAILURE
246.905509310821,69.07127025784922,36.41721457785593,194.53133746563384,5.099765867386074,POSSIBLE_PATH_FAILURE
121.7379165118171,18.861872096305653,5.994172005554244,0.0,3.2231430446523497,DEGRADED
60.2116891561143,10.687193578423628,1.4052309827790268,3841.035034645745,26.311571359788296,CONGESTED
51.28463209971683,22.342169154990287,8.765912065698572,3947.8217079852734,22.10549350233116,UNSTABLE
201.92009880408847,22.101415828960775,0.8173049223493507,1308.1483275627256,20.171488398113357,DEGRADED
83.41344712076139,78.28033727977582,2.2542880721831144,43.84583686461792,12.981773700292392,UNSTABLE
0.0,72.81710618725937,7.352583864736312,2914.7627433182333,39.49047857591129,UNSTABLE
314.1388854652151,52.47562582168632,39.9694423393167,676.0223044110267,6.607484270219711,POSSIBLE_PATH_FAILURE
78.99564165717224,17.879574658183127,0.7072957617877336,4428.789627832232,32.20409241341761,CONGESTED
289.58241784733485,76.32958021655769,31.694780544160007,0.0,10.419472652476154,POSSIBLE_PATH_FAILURE
259.34351511921443,61.059959426583504,23.188961386810487,16.25533349737401,9.250469571509285,POSSIBLE_PATH_FAILURE
123.00925622606312,15.847822288543966,2.651455275173743,5451.139238953569,21.194812323966516,CONGESTED
122.2889106504493,23.40594392189672,10.402363694223025,440.6573385391514,25.416300385403257,UNSTABLE
12.501866617154825,5.2805065618885605,0.10631954161800415,8872.883457226797,114.21093537692767,STABLE
177.38156982057518,20.934810064273925,11.635638920829935,538.1060117230315,11.463751023394462,DEGRADED
133.00809639338908,41.88737568992276,2.638243011971297,2016.856900822252,9.065918005143864,DEGRADED
131.26178714417725,15.6608272081436,2.0553548046663317,897.1054742588992,4.847932440880221,DEGRADED
120.34410158133274,21.32743058999,1.3753354160505498,1903.273212277551,21.84417145031011,DEGRADED
23.493506225604296,0.0,0.0,8032.758623371868,38.77615621329158,STABLE
102.32452835945739,46.78864676634264,5.562092723153796,1764.3325070179867,24.112230780805675,DEGRADED
70.6284084985397,0.0,1.5588228893826228,3052.273533967261,13.404684996583613,DEGRADED
8.598390808737694,4.732450401717057,0.0,10421.023811437048,55.44644741628345,STABLE
13.217355598448233,2.914842757911112,0.07384749696893275,10717.384169427041,49.01145960449203,STABLE
125.17893222169124,24.000195289460827,4.687437339795663,250.0026262237177,24.406779153829802,DEGRADED
68.45081967413792,16.746785803185354,0.7977437975277752,537.2293501993709,34.2376450426676,CONGESTED
20.291099465766692,0.05637529735162872,0.022406357681006017,10818.834234064498,84.57630005433211,STABLE
146.1261840462232,23.57136417557466,6.255310783727394,2016.5375538297853,27.19221857485295,DEGRADED
82.31046695969873,45.934223903256395,14.34271792641126,2145.221092411014,13.609553089706122,UNSTABLE
27.138201364823995,4.328707348479862,0.01071152086036084,12023.801756107216,72.246898401969,STABLE
20.721295077138695,4.130920838338186,0.23712200432341707,7045.52442566668,83.93633418192249,STABLE
33.276861322676915,0.0,0.43396088375683295,11418.876039977838,83.9299695637258,STABLE
120.03662956651931,23.389325799436246,10.225171486100459,1098.2828122450292,16.355839511734768,DEGRADED
107.15097233787868,12.027030393056105,0.13704469573212252,2529.336533082524,31.748479443040907,CONGESTED
161.18730545025159,100.56247889313866,28.328929025768144,384.3319253651928,5.419713554088831,POSSIBLE_PATH_FAILURE
152.22632978777452,26.666447422252745,14.820798379540857,0.0,10.952648520563123,UNSTABLE
112.0866135162018,27.711258476079195,5.938649322789831,1150.2007014773574,18.22496975783504,DEGRADED
187.17512498546495,59.75768719521754,33.446885134362645,76.15799772145067,8.441259392324133,POSSIBLE_PATH_FAILURE
89.88075546609284,19.344752615011043,2.1329487709763844,3288.5938245097936,12.746255481291126,CONGESTED
40.48755650863286,1.6920737327261561,0.15979183375719033,5338.669079216028,47.34313090295767,STABLE
127.70533521411149,42.38495123385361,7.379679444667693,3260.779595911118,13.88458238748699,DEGRADED
185.14240459830208,15.937923232616747,7.897718908594504,3134.619361688342,53.19465139995912,UNSTABLE
37.388812924410445,34.10774361462768,3.585128990015644,897.867510141105,17.06415196546936,DEGRADED
116.98099024363738,21.66128466090843,5.473963573458534,516.1251421198817,2.7778758894950357,UNSTABLE
87.64233247074034,21.65490281780798,6.498993466862691,1417.138129752824,26.698730969863547,DEGRADED
0.0,117.6447578714023,14.172078182969244,2590.099998506599,44.3361349253183,UNSTABLE
9.280374477097808,4.216903472859358,0.6087374732000639,12260.825331651195,54.25057735888328,STABLE
54.380071084005195,64.70691598268745,7.798434403171485,885.8330956498314,15.34883856310496,UNSTABLE
375.38334964558777,94.57898541167941,47.53989154302489,599.6579875439618,8.1606258683828,POSSIBLE_PATH_FAILURE
327.45442135870854,44.388094382757075,31.730558232921368,237.0736341572973,5.316869807814879,POSSIBLE_PATH_FAILURE
107.22537585227677,26.393977190769576,4.028093862856312,0.0,30.22487791500439,DEGRADED
114.33892625393166,22.906716791827925,4.317526460739481,3169.6873546814268,33.286864143993036,DEGRADED
438.5981303911163,78.65316149706307,34.745790051269886,0.0,1.2738986640871843,POSSIBLE_PATH_FAILURE
46.72272502137852,94.55998881728652,4.759081079828796,2147.3751150682774,11.377094132857069,UNSTABLE
46.4470294537307,19.59566150489159,0.8934300216041982,2888.0322183857825,28.67164304294508,CONGESTED
242.92469645068581,40.08843703472337,2.7720639814421304,1548.0112076692353,6.535950381432057,DEGRADED
113.06165559229045,71.51685805294869,11.910279124226319,2749.9993079598,4.49914617542041,UNSTABLE
259.97662423686637,84.91418255768991,9.390106951046064,813.6552028061867,0.6806608935585068,POSSIBLE_PATH_FAILURE
69.29216660869332,15.019904184325124,0.8414520452434692,3373.8491581502185,34.52424869239621,CONGESTED
15.102498170987909,0.5505904446989192,0.1865801197436396,8382.785360431793,31.394934335152648,STABLE
85.92920871744575,14.69528638849253,4.659675669888518,1556.657641694418,14.74897297777273,DEGRADED
30.493396105434073,4.569377432263373,0.38611171817940737,5567.373351078395,104.02206277509187,STABLE
166.3895356352119,69.00735385833693,10.00950044128369,3116.077797529319,15.05570836783632,UNSTABLE
7.834398506188723,1.081144493716264,0.07916511766812812,9521.623954683422,53.534348029672756,STABLE
190.9237966494019,19.73404369379439,2.2705357242813347,2420.4393742369907,24.599689471135722,DEGRADED
122.0440428102961,0.0,3.6338015574780576,1709.7632643540708,10.559649374600877,DEGRADED
306.5027169109138,63.205605233344016,13.622417844348846,3546.2352422103886,19.518284072895153,UNSTABLE
18.486776321892187,15.194407837427145,1.615513499722767,3494.237292743641,4.751378621164555,CONGESTED
9.78954839321678,3.0277964186650226,0.21965977424901523,13147.242919028282,51.737800944065704,STABLE
116.22131291700734,12.279748461052556,6.22733059739012,1316.765388710196,9.785183127197186,DEGRADED
74.92758127178006,0.9330180371337953,1.358886619378161,4579.130582118371,29.261894614271263,CONGESTED
65.849113789732,37.94554456192817,9.691577941553799,2552.8952531179043,4.778528528835512,DEGRADED
173.61605100894081,99.51820932794774,10.230998513393976,3832.304223147911,20.85009768413403,UNSTABLE
171.37717544908156,21.79135050779952,5.743398673558948,1348.3943656053798,12.255801687681007,DEGRADED
243.29078080877395,71.17636583141093,47.820566895218874,571.1771216953579,10.649567900865677,POSSIBLE_PATH_FAILURE
67.38972397160816,21.786273263447715,1.4115277452544,4029.63892038542,25.185503210192685,CONGESTED
85.9914871735757,89.87688406970915,6.217663390360579,2506.383670989142,10.866668660120597,UNSTABLE
207.95596670283788,48.88530468176708,14.53075732165167,298.17676030757633,0.0,POSSIBLE_PATH_FAILURE
120.34455765237936,0.0,44.546527584380456,84.60235349563624,0.0,POSSIBLE_PATH_FAILURE
75.14147302215014,11.738720583810643,0.0,585.0372618173806,24.367717216595665,CONGESTED
38.250468136950545,99.59897947178933,2.7644206081497735,4187.078267758618,21.22848191759429,UNSTABLE
194.96109725389434,37.43926424529775,8.41298585481007,788.3430769651104,20.48120791042748,DEGRADED
80.96670418542523,13.555019237700492,3.7059453932024713,3541.2746310217026,25.57661642073383,CONGESTED
103.6176842542892,35.31735560767214,3.272326948910203,1875.5020089775767,9.733621995880824,DEGRADED
231.87553440308108,72.04958243367736,38.16856836539996,1137.6599887691034,5.891466894515445,POSSIBLE_PATH_FAILURE
409.7203379089155,77.45235769950668,18.716431132744496,871.1710750512611,9.638760278438728,POSSIBLE_PATH_FAILURE
119.94980146825277,40.31921595402727,5.298937300585975,2065.252058468004,25.95766132666187,DEGRADED
268.84878633618945,50.1969975337487,56.08273807074592,162.44309979505093,1.8112479982509218,POSSIBLE_PATH_FAILURE
19.42286867417353,18.351486322406267,1.6970785671749578,1168.241118201613,37.50881358868484,CONGESTED
203.41176381706555,108.46756786044259,44.35696957082591,561.3470057271535,13.047031469034392,POSSIBLE_PATH_FAILURE
169.89206993236144,37.625030490623764,6.2908261052921475,1471.8297014233822,14.120612432944016,DEGRADED
292.68486249230597,63.517696659626026,21.7059777236067,112.03855569982528,1.2888352627037336,POSSIBLE_PATH_FAILURE
361.8037327747413,59.305184193006404,28.906017380249374,0.0,14.024791100141874,POSSIBLE_PATH_FAILURE
110.80085647660034,87.07897765885653,7.382833291566372,2606.9844301710923,34.95210468122173,UNSTABLE
175.26979242423982,25.39388806403078,10.034986551385854,1120.65016203371,20.260858270350823,DEGRADED
52.88227688165746,31.447562128990814,10.393099513384412,1255.189433207879,12.5884816445262,DEGRADED
316.18816364894224,45.99684739127059,26.11279095561342,693.2759489502214,0.6092939816834759,POSSIBLE_PATH_FAILURE
137.42614141781078,46.87822488111127,8.654201210146125,1264.2791118715445,1.7547681830825574,DEGRADED
63.80967417188935,7.50062981171798,0.5418315206760389,3743.2071855515687,44.02459237240151,CONGESTED
245.71777067584168,89.79209433500282,13.13753166482533,2287.706381454687,40.181546099406425,UNSTABLE
134.31316589763418,10.771952460457136,3.094159250404583,2023.6023990686597,11.35996084028394,DEGRADED
78.25969389139954,15.639558945356566,0.0,3450.360835514026,17.825178330702357,CONGESTED
0.0,4.618389463706345,0.17308076902651445,12011.26887901539,84.5032291019971,STABLE
79.33600883038923,13.164624648292993,2.400839978013693,2082.0265277151075,32.14643949994894,CONGESTED
29.00699449574678,52.50475917015949,0.916145343957913,617.5451442408,30.34309339363797,UNSTABLE
62.605539033813216,61.36624743384623,14.337671250539229,2000.815702123064,29.49155977517775,UNSTABLE
388.74794544190576,71.99704333297066,39.00533605526998,651.6628074538935,2.9533583953833795,POSSIBLE_PATH_FAILURE
121.5287346546345,26.10675083482829,5.075893659698353,1528.2375955409461,10.357364058340035,DEGRADED
311.1821548098103,23.63988147147696,4.524738841678598,582.8337427873038,0.4687216365676674,POSSIBLE_PATH_FAILURE
71.676640746493,58.98840850802687,3.190288588499218,2924.546321427707,17.15165471555649,UNSTABLE
167.68814100884174,48.54881683572734,9.041534963506518,515.5961122420063,2.883442090534558,UNSTABLE
11.112026867690815,3.140838254654578,0.7852830448060075,10140.030455272821,57.32340284489932,STABLE
198.72376129161503,96.71184789251289,17.32073342586285,684.8299327754085,5.3241903554428065,POSSIBLE_PATH_FAILURE
272.1786313154187,48.541717639056344,12.015149883123524,1041.864959023384,5.469845197809467,POSSIBLE_PATH_FAILURE
79.13213782801229,32.15775320362276,4.9912087225242185,556.2263855171268,13.910544838711822,DEGRADED
20.994774730157385,4.281981438789947,0.19966408340063296,7393.041075898189,69.83860402712618,STABLE
151.46710469248353,13.055260111220491,8.960411325453379,4221.6371876756275,30.192284962376718,UNSTABLE
18.48752353253624,3.026711183087346,0.46680387613170476,9252.253837867669,52.75617731890038,STABLE
71.94903493650101,8.745650943190261,3.9568878766319253,1884.1266818445483,26.395071012326397,CONGESTED
14.992552562430838,5.583372931317346,0.2388228610687607,7943.292537869182,71.44790216058705,STABLE
67.48727907964503,2.1742841823348122,0.5231876461455062,4472.835531250513,21.27830025774549,CONGESTED
21.840578312715657,4.303081241287918,0.0,11165.993500894,14.53644739757749,STABLE
107.31932179673757,15.50095636343903,2.2361065516103102,995.4357915420278,11.328799412087973,DEGRADED
22.32676211354704,2.5941161126492593,0.20329486777472042,10922.868754917019,25.418577065154977,STABLE
30.01745397651507,0.45076319596898795,0.1432262910294825,3903.4737335689797,62.65139419791305,STABLE
265.4539040176175,55.7540290149247,47.491599980614595,213.45344683182793,5.0572367464782,POSSIBLE_PATH_FAILURE
105.51760625486855,84.490306260732,32.85966283851513,883.5345473469501,1.2278693794410542,POSSIBLE_PATH_FAILURE
177.67852615902075,55.73813967455099,2.2529783087593325,2209.8966703655256,19.808884321141534,UNSTABLE
23.959338744308237,5.616493213759821,0.06533671391588458,8867.1087798256,20.081848277604138,STABLE
17.606443725269756,5.380827126587488,0.0,9702.135871813805,79.45584722871482,STABLE
8.566889542325995,53.541015988086755,10.284438412595286,4850.18715427063,11.884670938254104,UNSTABLE
244.73813283386318,80.4078368181008,15.5357656548555,139.5728814904163,0.0,POSSIBLE_PATH_FAILURE
340.36927685266215,77.00874582757913,44.62635443922286,490.7166148539769,7.13364473452164,POSSIBLE_PATH_FAILURE
407.96769617496966,94.3934096645335,12.645853419034935,1215.7119616626742,9.30362804511615,POSSIBLE_PATH_FAILURE
17.13777050159331,3.175925792662004,0.34604556414478505,10498.961299475945,46.50703563635352,STABLE
202.4843979041986,105.83660447919642,8.105213787170234,1361.158592579537,10.777257623168722,UNSTABLE
84.28454478547246,64.14583231660787,15.673256358390022,2873.987661825998,17.798901990528634,UNSTABLE
201.02379763807963,46.07934679455306,0.43439571459839854,2808.357016828012,11.100105842465885,UNSTABLE
34.7927451067423,1.1378530241157936,0.0,12864.74119944662,60.56299820448406,STABLE
19.87680707070689,2.931050269930734,0.4883280458360649,9644.239303191389,27.083976558219724,STABLE
277.6802813772418,52.03804005772044,43.324867782295826,535.1707803580052,5.879134384518386,POSSIBLE_PATH_FAILURE
303.7162141730142,21.521157492267342,22.139195796557676,1298.8354971516248,0.0,POSSIBLE_PATH_FAILURE
164.88597354909746,56.73729836239992,13.818396289085523,166.44713188039583,2.330684218827855,POSSIBLE_PATH_FAILURE
0.4896481134616373,1.6988727591888158,0.0,9175.338795915319,50.7612962146594,STABLE
84.42143107404749,33.492027735404236,2.4358864920813184,989.4839002724871,11.980466384336935,DEGRADED
132.6184550223322,27.278207790621323,1.2756441123430227,1944.848102354769,18.780134713111266,DEGRADED
151.35105095434028,45.652094961876585,6.34777812207807,431.7602363692581,20.763122357798128,DEGRADED
132.905034138769,13.187853154030481,9.978597799275681,1738.0727160974288,11.350611250605251,DEGRADED
308.2262506627749,57.944774123192516,24.077207857174773,952.9400064088659,10.945425013088926,POSSIBLE_PATH_FAILURE
105.18007556746704,0.0,13.160628066701868,3523.7468742783667,8.685286977313364,UNSTABLE
291.69820418656116,57.50551103134541,63.52467948326449,400.7943284244628,9.35466924817753,POSSIBLE_PATH_FAILURE
60.18340469541956,65.89262817212763,7.033577143634711,2398.8436344664387,35.55988292201529,UNSTABLE
33.61107696719776,5.05722810843651,1.30923827012494,2213.04800605482,26.442064229845677,CONGESTED
30.190436932417626,6.004058503686261,0.0,6373.340251917128,80.97807430343165,STABLE
87.91231194694612,28.542313054271848,3.3029829283998247,57.56430670772443,27.973459969673215,DEGRADED
21.89843392837443,5.239001361605832,0.2357371788098833,6322.7325103887015,61.515830999287054,STABLE
105.23359883065207,105.23779077975499,5.497858093547261,554.608841451203,44.67427617124274,UNSTABLE
67.3407399052469,60.95500061961473,8.035836131160606,0.0,0.0,UNSTABLE
97.07121653966499,42.513828427103,12.947467527872117,4104.7263586430445,3.2124862466440547,UNSTABLE
20.31085587771153,8.71487684627973,0.48983890430123184,10015.3431367636,72.02207888040027,STABLE
41.146276610326794,12.044195627102237,2.7588845020526964,7018.083641530606,8.209337940895228,CONGESTED
92.86437372843766,22.395689259042868,3.8127552618234057,1494.6082294077994,4.286727203684542,DEGRADED
177.4029932889366,75.98553763664145,52.65258613550647,609.6372610284795,7.27579175366969,POSSIBLE_PATH_FAILURE
219.6325803579063,36.31681760270768,31.189616909372866,203.60875978946532,7.767625465700439,POSSIBLE_PATH_FAILURE
44.57424092075892,5.2387943239967605,0.4152045372826032,6527.010570923303,44.0370859042713,STABLE
18.93818069377424,0.8448335047925748,0.0,13105.404229826016,71.70278914922153,STABLE
217.68015777185724,40.27585829292802,6.649921869881527,1388.498237480793,12.349164013533096,DEGRADED
178.8616858883757,27.46424876195605,11.390658618217092,972.8484490557348,0.0,UNSTABLE
157.1824301282623,73.32667186129524,6.725850218978373,2042.349412424875,32.959638054443474,UNSTABLE
35.81967771745004,13.75992523011305,2.262607161783597,4703.855313532893,28.23700507671234,CONGESTED
92.88274164444033,41.749100567624026,3.3897381805774804,1996.2770896040324,6.611656042497533,UNSTABLE
91.88417316207169,78.66000793624188,0.0,1616.4665296281767,25.941578701431204,UNSTABLE
148.21546835607262,53.9258859511451,7.215883632650564,1942.4609548879896,18.901813478879838,UNSTABLE
100.51962144461235,31.481613981076336,7.067170450921433,550.8501439526086,12.563696144822472,DEGRADED
34.03821392066557,5.254709523284845,0.0,10867.117026585736,60.43396342119832,STABLE
132.5337261477938,15.395421503214848,10.430988139294225,1622.3229620768072,19.722327483592796,DEGRADED
33.58648082134317,84.35805210244772,32.204773929582984,208.1338063016966,1.9463651256909755,POSSIBLE_PATH_FAILURE
63.98324303410697,0.0,2.9798641986128684,3135.763232458132,0.49238350449779844,CONGESTED
31.478126607335636,2.620888976921443,0.6264880934246625,9504.1438565862,77.84746749022904,STABLE
129.09201880251098,39.22857574856792,1.4293367175372733,1866.561161856161,23.46605414584207,DEGRADED
233.66103465227695,98.29016395871479,27.15185180141894,1191.8814286093625,7.159357291028348,POSSIBLE_PATH_FAILURE
83.34777747813976,67.99642933751332,8.882346882313946,4276.266973767924,13.19019463005365,UNSTABLE
158.876111354847,4.559145691247508,4.6948384305534905,1184.6261794621912,14.452333096307346,DEGRADED
20.11445439091466,1.4280467841372892,0.40702742455261864,10805.685367945007,48.95947463681156,STABLE
26.37422279493404,83.64405720977221,3.8674373029059783,218.9887155302024,17.80061644725396,UNSTABLE
54.46558479881222,13.445524274736918,0.3597720037487857,537.8115972962582,31.762474979268024,CONGESTED
153.3677977670411,6.301701060081363,7.131305536953786,1332.1911458280576,28.55154793879499,DEGRADED
19.462174491816796,6.825909615463504,0.3167112771301289,8431.448423110858,82.4620422052179,STABLE
136.8918687376396,38.12214812872179,2.6292585621672844,1100.8376898228216,0.0,DEGRADED
68.29130529095092,13.464361355890606,1.3079040371063766,5984.550309915448,40.30009382679494,CONGESTED
132.29703099118743,11.456828118464486,1.547030273789086,2456.4022256397284,25.059797344349057,DEGRADED
168.58483979927223,98.86136157385347,4.706535431414046,0.0,4.388105304335568,POSSIBLE_PATH_FAILURE
102.25775457025458,54.16107649064612,6.057713910294492,1213.7127780330961,4.445333235862872,UNSTABLE
172.80527141123846,56.35038602886891,3.342035669391386,2585.0625408912697,23.466551958073264,UNSTABLE
151.89262236485203,59.51668102410856,9.958034648655296,897.1480851602553,11.307865685214903,DEGRADED
42.81911696029117,7.586965754141779,0.0,4551.272736659587,40.298550793919695,CONGESTED
230.67302834157277,64.621159910656,39.680319466762114,429.1159667689321,1.5843149814141118,POSSIBLE_PATH_FAILURE
21.879735874861044,8.619137940192784,0.1902577028247635,10259.125718810135,95.63792451729853,STABLE
72.03825698078724,15.89253178730319,1.0143997564007583,3536.464038824496,4.4140195359358,CONGESTED
82.02935221686344,8.198207490329125,0.0,4058.185199290436,22.972281960197314,CONGESTED
8.112369456771491,0.0,0.08857467917537942,10580.940481414496,66.45818460809446,STABLE
154.86409510075129,36.13486673067058,10.871384346914258,2244.2126089851663,0.0,DEGRADED
64.76648827549751,34.524713857464135,8.153860595523401,2686.9290541101564,16.48672840402743,DEGRADED
182.0613775102472,55.85371931627453,33.37435971263757,60.55155343419847,2.075014437429286,POSSIBLE_PATH_FAILURE
146.3937191306507,55.96852827340319,3.9345629154647868,1819.219852025756,1.194072420474125,DEGRADED
24.633698060326868,7.242286805267335,0.26775795089496573,8117.259171455486,54.43364880576678,STABLE
100.97899996051086,18.672087588820766,0.0,2352.9159574846053,41.075977746843236,CONGESTED
37.23665720783297,1.6561759526406463,0.0,7807.7899424168045,28.79265052113809,STABLE
20.03796251621459,4.687873783106712,0.0,8880.61345377865,72.22122400147886,STABLE
477.7915730496531,94.07319460739919,45.55617020764816,536.1073901568213,4.850198917659265,POSSIBLE_PATH_FAILURE
17.988953454811696,0.8485280827095352,0.3773962186557453,8529.520357372297,44.62908420417179,STABLE
280.27766386784344,44.29803490510628,4.51660481115707,1019.3068384908532,2.9376476616568508,POSSIBLE_PATH_FAILURE
27.62926482336937,3.9540702544529163,0.0,9022.113266742364,28.294907547844694,STABLE
133.63137768845172,88.3840644772537,7.423600608310565,1131.9409880458215,27.025832453011493,UNSTABLE
4.661385950838623,1.750793183569642,0.0,10656.3153244532,92.1239832003298,STABLE
97.19273442564636,8.806093592909196,10.919283608416155,1275.5328838842681,12.49226430649612,DEGRADED
322.2170003815554,121.02054175477645,17.739609734533865,481.0389383028261,8.436941547865212,POSSIBLE_PATH_FAILURE
18.463148956379822,0.0,0.2305461839309896,4943.081674333687,83.98340937354412,STABLE
105.1872226991336,29.14302876936953,8.54158374538672,1562.646037869725,13.702499689820526,DEGRADED
351.05880049829847,65.76319477317138,46.72124624445395,235.83111586343085,11.59741798364059,POSSIBLE_PATH_FAILURE
19.22643820179146,2.0890375022903656,0.48092012510439414,7032.495041318645,100.35618743211785,STABLE
119.01274284181527,26.586216346112217,4.6740734778645505,1029.5077217299624,16.01924708048232,DEGRADED
87.6760181274225,9.88821342705295,0.0,5055.93593480374,28.112040614517618,CONGESTED
36.38138134208968,0.0,1.8164963788087922,4409.101423159327,18.132343834522697,CONGESTED
23.68750784082499,0.0,0.0,11978.984035456415,97.617526140157,STABLE
54.96863535691378,17.63348350054263,4.570921190651273,2610.2477092513946,21.26620750883599,DEGRADED
334.46725524468013,94.99055588863739,53.43885315668827,926.2143782374337,12.268843344755354,POSSIBLE_PATH_FAILURE
136.9264405817982,84.60076374197722,6.257419450506192,1740.4142966803702,34.421854393166434,UNSTABLE
33.67771215276049,67.19932140282923,14.501332046480513,2165.349607940162,43.00338019923748,UNSTABLE
23.114528343034394,3.318595567659281,0.339898631651125,6832.869100191613,52.184581157333575,STABLE
89.53085082994795,8.39024502990673,4.188200865279006,2577.5374391966798,15.765941376296569,DEGRADED
453.39276502356086,63.14346229082759,73.1578361637511,452.45523653657347,5.678368363895881,POSSIBLE_PATH_FAILURE
222.1582218100808,66.69457234913536,57.38797506730053,0.0,0.0,POSSIBLE_PATH_FAILURE
24.08036176881267,1.5122781458087315,0.2496836450697955,5857.540811576628,0.0,STABLE
141.21981641928357,56.41367346194979,19.16465893627587,465.8167176695854,0.2900412923039788,POSSIBLE_PATH_FAILURE
22.28228330138905,1.1771127537254193,0.153460060645822,8360.442164393544,7.516664449971664,STABLE
98.00705713935204,25.088509929623825,2.717259560577447,1968.1986586395521,21.188301877767856,DEGRADED
120.67566680086338,36.29910421128737,2.2115749338124426,605.730559213487,14.613124103142912,DEGRADED
20.511420585521616,1.7398349794886612,0.29133065684414466,10333.130053034409,98.47254440845435,STABLE
61.010300282671054,17.233882703131012,4.480501393002679,1256.5338617522607,28.823239142738398,DEGRADED
68.92149139826394,16.45157951825358,2.35355362175238,2594.209284298656,20.55014143764292,CONGESTED
11.4079398142443,1.7589627587026768,0.10132403889998687,6911.549277879907,74.65421885538713,STABLE
189.70818429103898,15.593635807913639,1.6774741862935763,81.7828764721935,12.684020078695792,DEGRADED
170.023175491193,100.29142966339879,13.660981750135448,1219.5443697983433,38.644712384723114,UNSTABLE
12.878979581210611,3.4485946143631887,0.09645293982713062,13452.596148105737,42.55229783412415,STABLE
188.70040570031802,25.590513766552867,13.794078207580522,521.2186255528443,8.97110543574726,POSSIBLE_PATH_FAILURE
75.91343771795708,40.030128664536974,2.6071590248994263,1342.2786339685194,16.13537802626461,DEGRADED
276.5960314059673,40.88243053182824,31.503852091713465,0.0,8.179850999290855,POSSIBLE_PATH_FAILURE
143.28059338984642,88.81000128454383,0.0,2103.3986462230782,32.40263503356506,UNSTABLE
432.2088350354948,70.98333358885021,24.891775309849805,1005.5958199344209,0.0,POSSIBLE_PATH_FAILURE
96.61176152047946,11.489430177450506,2.728091732937946,1007.0303816136561,40.68464727966687,CONGESTED
344.6306015190259,36.18537693298537,73.15740310289166,0.0,15.192015017202799,POSSIBLE_PATH_FAILURE
407.61877323197126,86.2119682903228,32.98269480862551,96.8922328609741,9.5123653282017,POSSIBLE_PATH_FAILURE
59.11485931431526,14.525274118034217,0.7051826535841245,5802.496825337586,25.08865144223143,CONGESTED
85.46259209104755,89.56775631654037,7.113509560696121,2091.744522209204,23.817687374984374,UNSTABLE
355.0564475002513,87.75585771537132,24.57454629978774,0.0,3.602117667854581,POSSIBLE_PATH_FAILURE
61.885077602574626,12.983284614456242,1.5421806952686108,2544.5312802764424,25.55538663276451,CONGESTED
107.70616067491616,109.47761635578213,36.12966240399465,0.0,1.8807155161338263,POSSIBLE_PATH_FAILURE
10.348832377676281,2.244386934483456,0.30768693219544135,7889.696364086211,46.7330111667108,STABLE
150.7877795155215,43.69895259091813,10.906867821687745,1887.8227026447462,12.036570656794442,UNSTABLE
15.159698684273238,3.6650646261952815,0.013561409726667778,9899.278747260267,43.04336904556324,STABLE
15.324430090465142,24.573907499251437,2.290347140862499,4780.523222296934,11.257457879245457,UNSTABLE
102.39672933596904,34.505115332146616,5.4560415353477545,822.5249187823485,33.53366357720841,DEGRADED
157.1741671346528,15.410773728626527,6.999316175456317,783.5455663573964,14.368286344060218,DEGRADED
33.223005758273786,116.1703444601132,7.367299032545212,2903.20298965499,0.30846706727374595,UNSTABLE
131.28784003129834,45.85075890669486,2.807387965047269,2669.3775104435376,23.041618821852616,UNSTABLE
327.63171888525693,80.18314316258865,31.357697826553757,0.0,5.767857891829918,POSSIBLE_PATH_FAILURE
164.18207833332306,36.13368900792618,4.797466877044827,1706.6658244627026,22.209047724068714,DEGRADED
33.481867350701236,14.208520251485233,0.48333965084236596,5465.402952010392,27.764332450059484,CONGESTED
23.997742267234365,0.6850707355331558,0.03557812002655311,6344.884352883613,66.16350177450164,STABLE
83.51228390921213,99.19241286895635,44.02768024793673,603.6236972032618,1.9116715734732672,POSSIBLE_PATH_FAILURE
100.72259936486947,13.495099542872115,10.612708386341664,2514.0008605126504,20.425321180767245,DEGRADED
115.39918373891643,10.980278862477206,6.322608039344098,1827.7178071862268,26.52045017165301,DEGRADED
10.131429215717626,2.209511709993057,0.0,8129.07659191482,45.38575049597559,STABLE
6.251296686830614,60.53702285862003,14.843724021032592,5162.37415610064,37.96107331940047,UNSTABLE
165.6474877836544,32.63253895565117,9.455943469841753,2407.308865336055,6.581792821235391,UNSTABLE
101.38456152269401,18.534823103480168,1.1025835271374211,4844.821828813596,26.21833517911641,CONGESTED
254.10214871657038,53.54065487794994,25.213204813129405,688.2911117264724,0.38246974948876655,POSSIBLE_PATH_FAILURE
58.66121056735958,11.159189229431963,1.9690236254622702,2140.994559140352,28.7592430580949,CONGESTED
189.78331422918575,29.36343562392028,4.052953739896378,3787.0911416339914,12.254230725382643,UNSTABLE
101.60554663796474,0.0,3.609961430182138,3772.8648329725484,60.57913046037021,UNSTABLE
192.0861630597252,75.93465221052031,18.82946312482185,1700.728296307401,25.746682222099846,UNSTABLE
68.98134105457018,8.349908399805262,2.5680534036121694,5412.162293489834,25.074048993741137,CONGESTED
98.5161655620282,43.48637734263522,4.878105230124555,2022.7904828380913,20.048472163944275,DEGRADED
48.05999790319089,129.22680476186005,14.32834034515309,769.7081035501201,1.7882586751878158,UNSTABLE
26.978168390000047,0.6296308389353649,0.4780567740729624,13462.370307200345,55.86455672896212,STABLE
24.856246855793437,12.932194476693557,2.3056283699377516,6014.618693080278,28.10259992042564,CONGESTED
61.46215464046499,11.283048537360026,0.2813200057134164,6726.305381127006,26.451734552634267,CONGESTED
176.5207632335472,15.896418609109942,0.14715395349255456,969.0821347830275,25.94673202378886,DEGRADED
44.82404439287227,8.205777681505065,1.4240628852998536,5164.96984517976,28.511310685120428,CONGESTED
83.6732201576514,43.18893705432406,15.115587881321353,2621.263399132175,33.71143156161328,UNSTABLE
296.18300779217134,80.9829892326907,36.49581010079874,168.130810626833,0.09178993606094465,POSSIBLE_PATH_FAILURE
233.6274334424597,50.863878369457986,7.103485154478289,1868.7408052591554,7.496265660896942,DEGRADED
146.03301360302734,22.510073695544484,0.0,1654.416070577457,8.247820476482309,UNSTABLE
153.21582879475807,69.58332408394142,10.550972720254741,1634.6801800813973,18.504418697055605,UNSTABLE
391.5493347286244,96.99725047432112,0.0,683.1369055085818,8.16986342673809,POSSIBLE_PATH_FAILURE
101.81055400710123,18.01798140270435,5.380192395898215,5221.502479415544,23.744691810191256,CONGESTED
243.0254378158458,83.83500294320534,35.798649426894876,109.11553409565272,0.0,POSSIBLE_PATH_FAILURE
96.38170226184747,64.39281634782941,8.918378015957073,2225.945956632724,22.296091847674532,UNSTABLE
164.49197714560134,115.9823437828272,39.83357747743937,335.1831249034575,3.497316076031062,POSSIBLE_PATH_FAILURE
13.803340658713864,4.2891168239679605,0.0,6018.795183043805,59.197518843933416,STABLE
22.32169889626256,1.2924815548251765,0.09578514992044047,6040.602257349512,40.47229584467483,STABLE
232.69529158764658,58.44956345845548,17.407468712624418,829.8391061653007,7.260939168408092,POSSIBLE_PATH_FAILURE
65.72165405781772,15.43424360452861,4.275352475432929,1061.150364764791,16.540870390225646,DEGRADED
145.1766155870022,60.95115586778948,12.04786197421569,1724.0732911733073,27.236249255479464,UNSTABLE
147.45845599121026,55.802706365544104,34.428479010820936,443.6109685373446,0.0,POSSIBLE_PATH_FAILURE
86.04276622534634,11.123262531507551,1.6209380747402777,2502.798297409434,26.62573136093065,CONGESTED
47.81332817159924,43.03561855632928,4.9181873755632095,1869.5712347570177,25.219196832571065,UNSTABLE
318.3271629027896,59.51805643350256,75.73056622937432,380.0329254783809,4.618730230658561,POSSIBLE_PATH_FAILURE
85.07340053144812,13.990433910333238,1.6215758324655913,0.0,24.870038653100515,CONGESTED
108.66528526908935,10.811800809366591,3.037722116947987,6421.114245255551,20.67849950790321,CONGESTED
193.14847085224,2.7755219681220495,5.8785312798142035,1960.1996766349853,22.786971234529478,DEGRADED
11.48462810814232,2.7172089957123955,0.08084170702487785,7896.7137652607935,78.54501014691772,STABLE
43.90210896693907,7.481719564840658,0.8849461467867229,3407.5915954337675,44.609270158071084,CONGESTED
33.745515744743436,21.040611552711365,3.4365010178867994,179.61700037079208,25.42334957678964,CONGESTED
151.13281293115506,19.439770627582014,2.626277545225843,1785.6082187199372,18.746534992656215,DEGRADED
84.654005939175,28.02092500069359,10.33085252851458,1097.2565702185966,21.298283251795375,DEGRADED
13.87903200940192,3.653686940776046,0.10643260632338004,4833.105167524407,87.70119254097281,STABLE
99.82338396301597,4.194705930461467,36.493720074391305,19.59973016505228,1.7607594076059767,POSSIBLE_PATH_FAILURE
25.947049688186404,11.5644783161567,2.1809357164445506,547.3483269923963,7.160294650801099,CONGESTED
122.08027397647585,15.887164904919038,0.6408312903293095,110.00887779171762,51.311702877112396,CONGESTED
101.84376862297866,0.0,3.0727537583248283,1115.3647213691845,15.175018194820765,DEGRADED
16.76208295713399,0.20607588449773706,0.10526315415349832,8076.361655440629,77.9846214362222,STABLE
54.73481509250925,19.029147055108663,1.5086549554003619,2120.6579836052883,30.70719580669808,CONGESTED
82.9171397739903,27.802319583429934,2.7145658523210434,2609.185838710898,22.746968277073478,DEGRADED
121.72290020062393,32.83142415242908,4.356468570049597,3076.9116995979693,11.871955490900167,DEGRADED
169.9835968566025,44.24324848732462,7.755020285102181,3903.315192118266,26.343001053562787,UNSTABLE
16.1575408711943,1.6164605139953738,0.5146858599084327,5924.349631003558,42.22830750486075,STABLE
192.30546976066955,20.991122330964856,10.650683790109836,1281.2360803627796,4.901667004844395,DEGRADED
3.1440268261519186,3.0793870531951235,0.11888103325899249,11805.320049587266,38.29529417715714,STABLE
101.62028523608883,19.11997468032144,4.034715920330003,3028.155791810328,11.705451799353307,DEGRADED
92.95365563019584,8.77462972136772,1.6109908935847286,4996.031183447718,32.560826740950475,CONGESTED
16.053948771404105,2.6350003146994765,0.2860673354877814,6361.415547610739,75.61362179851555,STABLE
143.2728618710681,9.996293309775272,9.888125518407898,1096.7195176721664,13.719169578509952,DEGRADED
49.963014981424394,13.428236274698264,0.8949282982516135,3279.975017646332,24.649189055523784,CONGESTED
176.85236623005918,74.88057617112744,2.293805046825624,2065.825333804277,0.0,UNSTABLE
20.836210774105574,3.4767767496748507,0.0,10120.774264390948,86.82231223362572,STABLE
192.21420276120955,73.25167943513003,10.513758516484726,4214.249102905311,0.0,UNSTABLE
74.57513836265953,103.25564362394532,0.9465686780130032,0.0,19.54820282739079,UNSTABLE
179.62921301238103,29.173106575891648,5.63524820474845,564.8593160138535,12.394692452613189,DEGRADED
20.905849069017457,2.5918609699031308,0.17364929641889013,8448.359816896793,46.06680174989107,STABLE
95.23650562090347,25.486128064452664,4.004645433200062,1740.1475429607653,6.814761417223275,DEGRADED
298.54147907575657,78.15854491403225,55.199624235082226,299.9061477365443,5.040178802562287,POSSIBLE_PATH_FAILURE
226.8581336514048,53.69032312195786,49.26696911563891,102.02678513940737,4.5580323085374825,POSSIBLE_PATH_FAILURE
109.28487492376924,6.180791863134353,1.1054725383939663,1439.8988886229213,28.471756147633027,CONGESTED
158.88284770163995,32.21372772454971,7.875782242332036,2295.7318813338957,20.272391516031686,DEGRADED
72.69215798737423,5.025203488048342,0.0,1067.7468606265643,21.29389639686248,CONGESTED
204.61015008607598,88.44182063156106,34.022149971713546,492.67348553804266,8.469417172647114,POSSIBLE_PATH_FAILURE
308.22510305219146,65.45992991470818,28.14207215161683,231.5692964691738,0.0,POSSIBLE_PATH_FAILURE
180.0302119373025,71.68889806854304,15.357105981529191,174.34207387887625,7.539057183730559,POSSIBLE_PATH_FAILURE
106.36960973416144,62.41555041222041,0.08304563986247882,1187.908236119934,12.793987340063516,DEGRADED
22.78575914511806,3.732902293143101,0.0888888171016679,10474.62561578818,49.03681750312594,STABLE
111.6770761688274,68.30971288676751,51.55535917119198,0.0,3.356476202267009,POSSIBLE_PATH_FAILURE
209.6576526314958,73.43946332083019,13.147848059274464,611.8986687623108,2.8510697326282575,UNSTABLE
63.72942967849605,34.22330838379378,7.8236153177828385,4027.767621614091,25.194657793636914,UNSTABLE
11.120752870542496,8.553198297867972,1.0734399990631154,2474.341236218961,39.64213158170442,CONGESTED
10.84843884154074,2.1000592362707016,0.80397393643838,13193.923624688527,74.4652611964754,STABLE
170.78985804060426,110.68102914354179,25.644101218059348,45.38647013686585,8.367740812365115,POSSIBLE_PATH_FAILURE
246.94573430418637,6.902768948263436,3.042749226810894,2418.7394953022035,8.0858314711887,DEGRADED
173.9033984485422,37.798712620144066,9.722555457077506,3033.712663329983,13.754733650833584,UNSTABLE
92.516177071386,22.776567873914217,1.6600225699155788,1609.004607071257,21.387018306148228,CONGESTED
138.84853609570047,22.37855517097129,3.25297781479942,1198.4886156693124,1.4765677652179754,DEGRADED
108.13979990783886,14.399148399605796,9.280706215219226,1736.670428490447,3.848158382056189,DEGRADED
37.76662006495121,6.894340657130576,3.964800346166211,5376.240918305497,26.760956434468973,CONGESTED
80.33534809083429,70.40475323031802,12.218180003018702,1164.752339172871,27.632964967292065,UNSTABLE
96.40353954232049,47.82969062325658,32.527951226603996,0.0,0.0,POSSIBLE_PATH_FAILURE
42.65382146756404,1.8446359585703487,2.0610597503705077,5317.9525691703,16.029011076282078,CONGESTED
188.10293938123337,103.26518504099289,77.53832849451497,301.071008719657,0.0,POSSIBLE_PATH_FAILURE
139.24314364354774,85.32812319839194,7.8852758186044225,3937.734147070785,7.598763987496573,UNSTABLE
192.97119436005053,16.255271647041955,4.976673414276961,2907.3018069254,17.7177231764425,DEGRADED
407.93914521333534,71.08024132000203,11.678371807938376,605.2932884010843,6.1537477965737235,POSSIBLE_PATH_FAILURE
354.9005488045368,76.22043750376231,30.390542834560385,513.9312355879634,2.882126820188425,POSSIBLE_PATH_FAILURE
152.87241416790397,55.960202109212965,10.235842782068318,2004.9273859919483,4.623441279348256,UNSTABLE
98.66292447836949,33.453459861988804,2.924505274799542,929.8042480397484,31.102087081735757,DEGRADED
30.86181931328904,14.555533787916659,4.0981711137188075,3623.846526251116,39.708671758019115,CONGESTED
16.576590613361176,5.048197679682049,0.2511524558058948,11169.438801315453,57.198491175500784,STABLE
140.5852905151278,66.13221525997449,13.479078237476472,0.0,35.36239065169447,UNSTABLE
336.8439282062171,82.7749782671595,49.363615139849905,1145.4779188827447,9.330802227348412,POSSIBLE_PATH_FAILURE
114.53618257635272,70.21835898486037,5.699534660179949,2409.1542925215385,0.0,UNSTABLE
171.39459912197844,122.02680318449758,5.353660090207834,4586.906922129023,16.6039726582037,UNSTABLE
156.5060330576165,5.310984180307983,9.80848695799389,2976.158893491775,6.31301022150409,UNSTABLE
294.20075020483864,45.45516788574513,100.0,0.0,12.217203260237657,POSSIBLE_PATH_FAILURE
357.2632021835863,97.28159960421581,32.201034440338354,746.3049926352046,6.120605373717283,POSSIBLE_PATH_FAILURE
26.474846907094744,3.8709166719148356,0.0,3054.8650931229986,68.51429189169815,STABLE
79.05312439856743,19.494313007917,1.7331025837845262,3542.81238698094,36.57238380128829,CONGESTED
292.8557748278778,45.881550713709615,43.30453457247045,1247.076972003528,2.3240274612202394,POSSIBLE_PATH_FAILURE
138.4613015766208,17.81475891342426,0.0,940.6631267537053,12.58135930621631,DEGRADED
65.00293105301229,56.75608151771282,11.719781374015554,2379.585542836072,15.182104909316362,UNSTABLE
63.44382853657633,13.94363785251611,1.1496092862879874,4140.718424453258,41.144965511379475,CONGESTED
469.92131660252113,65.4810884445401,32.91310410852229,506.23433645844364,3.668946286322301,POSSIBLE_PATH_FAILURE
250.524903985643,81.95040625989238,23.121435189367297,147.89785254861778,1.6977792756495695,POSSIBLE_PATH_FAILURE
49.49971993401243,13.391625051771529,1.0284373630592776,6689.7781701729555,30.30605097594163,CONGESTED
160.48786411747224,18.12942776243804,6.42972375279875,2478.0368598589444,7.982134911862062,DEGRADED
216.1241811814285,120.30603460435191,55.52754280585863,1512.5217881473031,0.8131993024144935,POSSIBLE_PATH_FAILURE
104.578378496553,13.660212105629308,1.3020098998377876,1773.1254873645996,36.58842808790857,CONGESTED
75.98959110363805,22.312440958494662,0.07695572370607584,3730.591024883791,18.85491780019879,CONGESTED
88.89553760470929,6.781695826050577,0.1250701969205814,4256.022974609897,41.89210192336873,CONGESTED
522.6741786299631,79.90888548498766,65.18697549391722,71.49506981766501,4.891088594079496,POSSIBLE_PATH_FAILURE
205.64881807780353,87.48895653721985,48.17875801743979,863.9874402944188,4.214408804850677,POSSIBLE_PATH_FAILURE
318.85166142865023,19.05964678812896,72.25382384393106,0.0,8.242329955246543,POSSIBLE_PATH_FAILURE
70.24098635058829,91.81727463701765,0.6907296662404239,974.9637131741667,17.283509777555015,UNSTABLE
331.1294758380961,99.62527209699795,0.0,0.0,7.822244248594666,POSSIBLE_PATH_FAILURE
213.17662779597944,95.12893931473576,40.825293427806855,435.7860276924097,0.0,POSSIBLE_PATH_FAILURE
324.74181651034894,50.27420825978221,21.90235869311637,633.0961858615852,6.522179117362818,POSSIBLE_PATH_FAILURE
129.4921278952191,30.247786277574008,10.64623919664719,3274.7386667724604,15.12758593707432,DEGRADED
189.90264544348543,31.85141704677334,2.2657053114096426,1481.9184319491424,8.5729394357493,DEGRADED
38.32278992175061,5.503558116624243,2.8896536359873455,3653.447788446985,20.855530858421037,CONGESTED
166.051069582387,21.816121257545873,9.429432217750167,210.21809387670373,15.49714700508581,DEGRADED
47.97468918573844,44.31754973565694,7.950960785632675,1659.765384966381,9.94567357624099,DEGRADED
84.40890972791568,17.660786545842257,3.6961514150592043,1804.2710916449219,31.61652696037688,DEGRADED
154.31726560713219,28.60799848215494,5.399019745964298,1517.8962388764212,25.007105763298014,DEGRADED
96.79757390456645,15.296027510678993,2.5728292837083107,2056.675417928019,30.60129756031372,CONGESTED
262.0858474615898,120.92840996414178,66.63225455378537,204.50231881363413,11.330869938006211,POSSIBLE_PATH_FAILURE
24.44726818195233,4.101848761787081,0.43166344320575145,6637.665410949752,86.30473257488562,STABLE
250.34570187147324,60.73712288835532,4.95946568372343,4094.807691603898,17.74622437690946,UNSTABLE
137.011408345757,33.813441165459345,4.260816814373115,1464.1262402007546,4.461052718437648,DEGRADED
56.391955193181275,9.582684256946191,0.94025357442468,4207.073347186838,31.972236697642014,CONGESTED
64.09333887422495,13.342344949957225,2.7455871480249314,4009.578054828731,21.87561813931545,CONGESTED
98.43865108145008,44.35906224125461,1.6248652428051038,2995.111328737229,12.688667767805649,UNSTABLE
286.2242402514797,42.13973606608543,1.485016606335229,810.220264124387,8.02231855316258,POSSIBLE_PATH_FAILURE
12.344647225702872,0.8856902517234513,0.0,5636.3222551677645,53.52155052142898,STABLE
56.48101443162966,28.433047382733395,4.303208725883408,0.0,22.39301431678466,DEGRADED
20.83981003314454,3.7593751612279673,0.683573143240247,7457.5512406130565,65.72389885108633,STABLE
77.04574061046534,9.64647829118309,4.236499574307835,4352.01180349944,31.362793377678358,CONGESTED
340.6478289734734,40.56202284956164,60.317080542173755,0.0,0.47882660570812074,POSSIBLE_PATH_FAILURE
11.56769729707129,3.511813700208446,0.0,6920.5970643429755,26.969480095212845,STABLE
149.63163443014372,51.079281418518775,13.070126473805503,2505.31403498388,27.864841326930737,UNSTABLE
22.78864284647239,2.3156942185359055,0.5244351408885597,9744.832942421037,48.895481116595896,STABLE
72.53939044118178,48.59473940927305,13.188121131640663,2772.2262616137778,34.42791109079984,UNSTABLE
12.805197667152097,3.282838946681088,0.5063666867657399,7054.690395348521,79.76568806205317,STABLE
19.953670277756547,7.3717275328352505,0.7631409425994926,7254.368257842847,52.17604993358678,STABLE
148.75367818773466,49.7519751284061,13.780620249677757,4092.2663009116777,25.663247635286652,UNSTABLE
103.75803238398399,32.296960533751744,1.3337240367207484,1896.9351929821864,25.928495400070425,DEGRADED
453.2288753546593,24.608490244379325,36.022816753339036,606.927580782853,1.3885670296048258,POSSIBLE_PATH_FAILURE
221.95005506583726,88.88773674302355,47.38631875847463,956.8416174628009,13.144041271493887,POSSIBLE_PATH_FAILURE
85.61371064720906,0.0,0.9688917144127606,5767.6001424264305,41.104684301515675,CONGESTED
104.82501870891008,10.792751511580555,1.7906096005799057,1309.7733082231996,11.277250123626835,DEGRADED
142.28198633459948,39.65349806143063,6.142072905549984,1466.6904415607316,16.165585522099406,DEGRADED
32.87331111605066,0.19041690477934514,0.3286896173381596,8794.185804518165,58.24081898037646,STABLE
113.07249044947787,74.85236298899811,23.096666466378657,974.2120105031499,2.401211514589152,POSSIBLE_PATH_FAILURE
208.18703130194993,66.89338749217319,7.880036273537835,3004.833152885675,18.20405846602153,UNSTABLE
11.024017489692028,32.240399032324476,4.764370927477461,2357.2504856328596,19.53638147468249,DEGRADED
0.0,79.80260807287762,0.2664465632940196,3484.2203341284658,16.954053882140915,UNSTABLE
96.8695841762337,11.96857238947457,2.54419888579479,0.0,0.5909453084037963,DEGRADED
278.75387364734524,55.77583158082251,20.973555833505387,474.39498259514477,7.5741114548626385,POSSIBLE_PATH_FAILURE
23.375745487989334,5.365061483505315,0.036865158694183,8202.235648617563,54.840958135178724,STABLE
115.1740031806508,31.64552641178758,5.881410682278537,2234.895115375696,35.30462989415895,DEGRADED
47.19204688615947,16.271761028060425,4.588828350328047,5233.6537517150955,24.141273200425445,CONGESTED
152.90164244473607,19.31104525750215,0.9472445690842193,355.4118086025651,17.197305081340346,DEGRADED
247.92353914295302,24.122593882592053,0.0,3062.495429140852,0.0,UNSTABLE
155.367569917385,71.11575819409776,7.14373367023935,3303.3386504477226,38.18968818783992,UNSTABLE
261.06685747987405,50.16697779543246,26.14028069041131,663.4885850107814,9.188076173048078,POSSIBLE_PATH_FAILURE
20.543535853903823,0.18006059383224837,0.167439010194453,6414.722151175724,70.22797992348744,STABLE
288.0123215309388,92.20850979458304,32.08396502921206,299.6957996570063,7.292736405008795,POSSIBLE_PATH_FAILURE
230.44042460543392,39.4278308394407,34.09654738333219,867.9251938909124,1.1962101597069839,POSSIBLE_PATH_FAILURE
23.207462840014088,21.052109446823827,2.269585666158427,7030.613282774565,30.764416229676662,CONGESTED
61.34808373835553,3.690078890063397,2.612726555160501,482.9082002389757,16.36086400970717,DEGRADED
6.0580065541498485,17.491610319879268,0.5192259570505234,3705.3573462337854,25.29897196774941,CONGESTED
177.93028794565782,110.86672743203526,61.684493968458575,725.9230315590651,6.8567860323443455,POSSIBLE_PATH_FAILURE
151.0201518796055,89.28693189465264,42.573002761032626,607.7453091383788,0.0,POSSIBLE_PATH_FAILURE
98.57630074868086,44.61355461783805,2.320369984406841,8.574694890713772,20.411215926866525,DEGRADED
27.11226579792855,2.9008823248968345,0.0,8577.893536992584,42.592526514178374,STABLE
129.06929578947387,35.322425035134266,3.8407557788761597,4879.079908042742,30.805066858330264,UNSTABLE
108.66084740390129,19.66184196450098,3.1995283447187948,5372.587217995613,23.263901138332756,CONGESTED
129.09818868108331,77.03739793350843,36.53608979627241,253.11006040834235,10.189943065784671,POSSIBLE_PATH_FAILURE
17.137512664443083,0.23610193727273465,0.17179544777445335,7086.611212199239,66.77877044924136,STABLE
15.423005690431744,3.69145315960316,0.0,10938.072967126785,46.680952084814166,STABLE
190.1385978877883,102.01028184858109,24.05646788002008,0.0,7.9322796475092545,POSSIBLE_PATH_FAILURE
91.00632431222833,31.94033018538332,6.072318921008898,2033.463275646187,9.67483228822073,UNSTABLE
146.88900214704054,135.73603324484498,29.401707548621157,610.168244589053,1.8681617704311333,POSSIBLE_PATH_FAILURE
33.19013197741396,0.44382327457639326,0.0,9955.14393615625,49.957497421190425,STABLE
18.965798864253664,0.0,0.0,10895.410543070433,64.63093650556641,STABLE
23.120094715512437,0.0,0.1294548060156694,10174.318349337622,69.22700223971412,STABLE
20.521733186575336,3.02255539323732,0.23453941025234287,1969.1325162349467,65.45105245942935,STABLE
5.182087114943286,8.4606783558132,0.0,2501.9966446879166,23.686243725812332,CONGESTED
71.41217985016075,20.159355796254864,12.4293833337682,1528.2402257348085,32.61928409573212,UNSTABLE
9.246352315658584,63.249139338280735,17.38977704961862,2388.2713995254708,13.955651695191241,UNSTABLE
126.5111725801123,0.0,0.7166384960606269,1219.1308637381183,21.54015872687493,DEGRADED
246.71600299313747,95.55740815239074,21.946786397004836,1039.7747618054022,4.352098806958337,POSSIBLE_PATH_FAILURE
23.52720163026343,0.0,0.38032755122428813,11171.756688079207,67.84060796115045,STABLE
69.21038126967173,13.28285822782399,0.9556151445053206,2494.0031788130373,33.26307310647566,CONGESTED
46.3596541316428,58.9406331493412,5.384642466711705,3271.661897426022,34.0435291311733,UNSTABLE
12.747739354642468,4.832622882149133,0.21381744157313465,10898.463022076858,72.53152779582008,STABLE
342.79097550731484,38.642428451227666,48.351801234202966,513.5070365063254,6.807641822062465,POSSIBLE_PATH_FAILURE
123.81091060590012,62.500965476479195,11.774718010079658,2274.0471488118214,0.0,UNSTABLE
109.26359001797536,17.616678749578245,0.0,1116.1645410280744,38.97582860888721,CONGESTED
0.0,87.15211710535777,12.106585142482606,2120.1073658411888,35.330415609771016,UNSTABLE
259.1544172985335,44.186303312837936,17.464596906857203,358.20108569937423,7.469790084783661,POSSIBLE_PATH_FAILURE
134.72155334628295,18.920261211205407,2.1670545979776414,211.96878457336243,22.193883532150366,DEGRADED
157.2634347615771,43.20655127892839,9.294387952865748,656.0783346598109,17.856298655986553,DEGRADED
23.160478706442863,1.463288680904175,0.16539950155779917,8895.20504456307,33.414025541564015,STABLE
148.56998294686335,34.146472169533986,5.431327004791162,1605.5540642163428,16.260360254095396,DEGRADED
191.42443758994085,53.10712335554277,8.33384917595121,3199.898224850567,11.254089412024065,UNSTABLE
121.86128487023643,9.252592235186471,2.0101237608761173,5145.747427213231,26.8733379293379,CONGESTED
82.22275029394511,1.9975625248600188,1.7409865505540063,3096.7087287779264,12.198176600469925,CONGESTED
121.64401829616335,33.47740408497079,6.846353743872451,2504.865557625425,28.412508536717425,DEGRADED
26.159794225754958,3.6540197375786296,0.12721428577991772,8571.375421280516,27.710374918192223,STABLE
116.9278259275227,42.97916925348949,4.637649786702705,4240.391243331955,8.94647554706468,UNSTABLE
22.027972768977794,4.53971378611071,0.0,3493.2683971615897,58.34817076509679,STABLE
120.2256937615278,25.133815165670185,3.298160601535211,707.701764449974,21.946874304465215,DEGRADED
94.37419611085338,0.0,0.0,1884.6707428345524,32.1204280688178,CONGESTED
218.11097851420044,70.94641690362096,39.75085983047266,0.0,8.83559891766904,POSSIBLE_PATH_FAILURE
58.06453446480729,19.41287158478488,1.7548398335855349,5483.898151855172,47.51602842658812,CONGESTED
90.42579779551507,5.7730085689540935,1.7244661492155284,3164.0305535172884,24.07080672216101,DEGRADED
137.20201885609495,38.202580625397765,2.8146637635758953,830.341453933824,26.71666338650824,DEGRADED
50.24028365794441,12.763512181783291,2.236415975225345,6587.4627847926295,51.23323360363017,CONGESTED
19.05737445747443,3.721183355313683,0.1736280537892356,8780.181476450256,43.51401583564793,STABLE
37.625825538139196,6.277355763809475,1.550068335924696,2588.3411932067265,19.235438479224854,CONGESTED
78.44192546761737,8.913665881067724,1.5065884890436259,1106.6670915935233,23.799607365714664,CONGESTED
25.15410402900811,2.9205874353060444,0.5747068090620485,6977.251832012729,53.75809359907417,STABLE
193.57194778151336,18.510978615322102,4.8470384621672125,0.0,19.918135405113027,DEGRADED
298.80766913203064,45.438449018846235,50.284748440872804,866.7588795886583,13.190020440394578,POSSIBLE_PATH_FAILURE
87.16199045500262,39.73351556255225,2.1832737788501104,2617.883530932964,17.09369942994847,DEGRADED
26.152567669685613,3.0653904505065417,0.34559098491894225,9538.359483221873,27.954505452980108,STABLE
200.3713250968607,43.907044861776946,4.921137796916669,3628.169683612595,19.158160663627363,UNSTABLE
174.03047334631535,32.791557675227054,6.681297031268313,2093.9713700281836,34.86505492267045,DEGRADED
103.01572772052418,54.741514008470524,0.07687611669294903,717.4557971611698,19.36437656958428,DEGRADED
95.38329560954632,15.567817350024471,1.8821680953292708,3500.854975459741,33.6121405276853,CONGESTED
87.98188092300803,15.695699622888444,0.098082756818338,5215.768790284317,0.0,CONGESTED
93.74199757040897,24.232642132907312,1.442979633360364,3066.1362034136264,27.754938642205325,CONGESTED
92.68005929370712,79.88996898755559,5.464275018061176,1471.6144911743054,39.353084974314505,UNSTABLE
137.13230412634198,24.757095095219498,5.83268134866449,2933.0002508450452,20.789367438975816,DEGRADED
160.53130185902452,21.790984521766156,10.035827733164645,1344.1713278917166,12.046309523361408,DEGRADED
36.509279322312494,1.1683530454071245,0.38725528174085977,7767.8276304389965,76.54505302281004,STABLE
66.35847317006413,4.436435887200855,2.0807292643983955,3056.5285212535446,8.10337939797764,CONGESTED
9.584123673787282,3.1033966428572293,0.017525615840264908,9906.482499241498,66.34820897598843,STABLE
148.90878509475104,23.089387514509006,1.930927905522462,1323.5909652594953,23.265457785373282,DEGRADED
3.450866571066797,6.139149041550172,1.3089645184939431,2196.603398413479,13.41236644481582,CONGESTED
84.86305269818675,30.228496450571647,4.076933703683113,2636.6549871936263,20.930483730010835,DEGRADED
24.325944517261522,5.209880977915451,0.4924255445259744,7441.9270413846625,58.98048269389497,STABLE
26.191711169753933,2.545161174712232,0.2350940702071661,5960.504253727811,46.77686542772717,STABLE
127.6183477467912,22.005253700161923,2.2092698449787096,1550.8056118640488,23.898445552636836,DEGRADED
261.6808969473484,73.91466099202168,12.906831593753466,813.1910285879005,10.961876680809523,POSSIBLE_PATH_FAILURE
108.27609574475527,75.00891176405025,1.5214964524143948,1363.0241551202494,29.49324424007279,UNSTABLE
74.45986127778515,47.09578579578445,8.77801542863596,633.1309012139999,18.12018859336226,DEGRADED
144.00784665054218,43.90313642687182,11.953088411091876,1440.8484326450102,4.675348463487527,UNSTABLE
19.89361323381807,4.3680758262347625,0.2927007068257103,9169.924927909064,10.424869641983314,STABLE
424.8468701007725,120.28823508673214,52.19854417767617,0.0,2.247111325009399,POSSIBLE_PATH_FAILURE
270.1667500270862,96.90739679968007,4.929041131769363,0.0,6.408667345553909,POSSIBLE_PATH_FAILURE
157.01274631972433,34.97021711521015,2.6513068412401086,3194.0803407260187,20.774774608956633,DEGRADED
75.904860261305,51.206938599188646,47.7763485937639,557.6761024976576,6.302990467166261,POSSIBLE_PATH_FAILURE
43.198705690658045,7.556847532498221,0.6525524310117344,410.34767469082544,14.488538731789943,CONGESTED
36.81816619300824,4.593088061039994,0.0,10840.360655652637,63.91864128887938,STABLE
55.99248057754626,2.883603884650487,3.6534756340584655,335.4728119934962,14.591103474592718,CONGESTED
16.10190196844232,0.0,0.5444769273547965,7160.6200243742005,73.67257458959442,STABLE
158.68001738862398,17.843729621982398,8.983354643399338,99.73618186001886,26.30193426312035,DEGRADED
121.8451743345523,47.22651713639168,2.148716252208925,2205.0440239674344,9.656366187756465,DEGRADED
96.85759859438184,25.898498343175337,0.41138534357068934,2113.553604207003,26.84834905187974,DEGRADED
237.2179386717807,121.36272780682819,39.602681148336316,201.23538339759648,4.8256789899014825,POSSIBLE_PATH_FAILURE
252.95705635660167,83.30200026631074,11.315434080811343,1185.9546620310102,16.485954480085233,UNSTABLE
312.4882909434998,50.94444511695179,44.34781288361029,0.0,1.521363862232453,POSSIBLE_PATH_FAILURE
17.068084133512382,3.4479348567468957,0.3530416146840324,6939.733751839989,29.857664287310243,STABLE
248.50873939224292,78.84666293616701,72.13723461607367,0.0,4.453982338697326,POSSIBLE_PATH_FAILURE
89.9025811471835,35.535584972720514,2.894191032103122,1954.3053862369416,7.167367183944414,DEGRADED
38.04481054530581,98.05004405863934,0.006425446451185479,0.0,16.262284464119716,UNSTABLE
299.33586784502455,28.84474029447746,54.42899019391413,176.385777791244,6.047481153962405,POSSIBLE_PATH_FAILURE
207.18776965932528,67.85585225073125,36.41931936353096,96.87265840883833,4.680949567286475,POSSIBLE_PATH_FAILURE
180.43615453611352,98.05934447009919,25.216593630293428,10.724906571107056,6.191192671771737,POSSIBLE_PATH_FAILURE
10.179805801696993,0.10599084716996865,0.2322346108091949,9954.226336199034,67.57753824040348,STABLE
